amount,average_transaction_amount,amount_deviation,transaction_hour,transaction_day,transactions_last_10_minutes,transaction_frequency,is_new_device,is_new_location,merchant_risk,is_fraud
4573.93,2500.0,1.83,15,21,0,33,0,0,1,0
1212.96,2000.0,0.61,18,23,0,23,0,0,0,0
3184.59,6000.0,0.53,5,23,0,43,0,0,0,0
9805.12,8000.0,1.23,19,14,0,6,0,0,1,0
2080.06,1500.0,1.39,18,9,0,48,0,0,0,0
5466.63,6000.0,0.91,16,15,0,48,0,0,0,0
1864.83,1500.0,1.24,14,17,1,17,1,0,0,0
12037.2,8000.0,1.5,18,18,0,8,0,0,0,0
60195.41,4000.0,15.05,2,14,9,27,1,1,2,1
1157.81,1500.0,0.77,9,19,0,36,0,0,0,0
4094.77,2500.0,1.64,17,9,0,40,0,0,0,0
3237.67,3000.0,1.08,11,24,0,24,0,0,0,0
42260.08,8000.0,5.28,15,1,5,32,0,1,1,0
2289.7,4500.0,0.51,16,8,0,44,0,0,1,0
31772.96,6000.0,5.3,16,19,4,19,0,1,1,0
2012.56,2500.0,0.81,10,15,0,6,0,0,1,0
92044.33,3000.0,30.68,2,11,8,8,1,1,2,1
2657.44,2500.0,1.06,11,24,0,38,0,0,0,0
9772.55,8000.0,1.22,9,9,0,29,0,0,0,0
3457.4,2000.0,1.73,12,1,0,23,0,0,0,0
8764.1,8000.0,1.1,18,3,1,45,0,0,0,0
2693.33,4500.0,0.6,11,14,0,32,0,0,0,0
5013.11,3000.0,1.67,17,12,0,17,1,0,0,0
1210.28,1500.0,0.81,16,3,0,26,0,0,0,0
11061.43,12000.0,0.92,9,19,0,6,0,1,0,0
2290.93,2500.0,0.92,12,20,0,15,0,0,0,0
1627.28,2000.0,0.81,19,10,0,50,0,0,0,0
945.5,2500.0,0.38,13,6,1,17,0,0,0,0
2119.2,2500.0,0.85,7,3,0,28,0,0,0,0
9094.27,8000.0,1.14,17,5,0,48,0,0,0,0
9513.91,6000.0,1.59,16,25,0,17,0,0,0,0
7253.37,12000.0,0.6,16,8,0,20,0,0,0,0
3297.42,2500.0,1.32,12,1,0,21,0,0,0,0
3636.01,3000.0,1.21,11,11,0,48,0,0,0,0
13708.41,2500.0,5.48,8,28,5,28,1,0,0,0
6424.22,6000.0,1.07,16,13,0,13,0,0,0,0
9620.99,12000.0,0.8,18,26,0,44,0,0,0,0
14991.04,12000.0,1.25,11,5,1,37,0,0,0,0
4002.45,2500.0,1.6,18,20,0,29,0,0,0,0
11075.26,8000.0,1.38,12,28,1,11,0,0,0,0
2483.83,2500.0,0.99,16,16,1,8,0,0,0,0
9216.57,8000.0,1.15,19,17,0,26,0,0,0,0
2758.59,2500.0,1.1,12,12,1,11,0,0,0,0
2526.06,1500.0,1.68,12,13,0,42,0,0,1,0
6430.9,8000.0,0.8,5,7,0,43,0,0,0,0
81418.26,2500.0,32.57,1,12,5,7,1,1,1,1
4437.05,4500.0,0.99,22,13,0,13,0,0,0,0
2781.05,4500.0,0.62,17,4,0,41,0,0,0,0
2500.61,2000.0,1.25,19,1,2,11,0,0,0,0
36261.31,8000.0,4.53,0,19,5,7,1,0,0,0
1561.62,4500.0,0.35,11,2,0,37,0,0,0,0
2718.24,4500.0,0.6,12,3,0,5,0,0,0,0
16295.57,3000.0,5.43,14,3,4,27,1,0,0,0
3453.06,4500.0,0.77,18,7,1,10,0,0,0,0
3807.43,2000.0,1.9,16,13,0,45,0,0,1,0
1291.48,2000.0,0.65,23,5,0,43,0,0,0,0
2146.01,2000.0,1.07,13,8,0,30,0,0,0,0
1258.28,2000.0,0.63,17,11,0,23,0,0,0,0
4963.28,3000.0,1.65,7,26,0,22,0,0,0,0
2177.35,2500.0,0.87,6,14,0,18,0,0,0,0
1854.61,1500.0,1.24,9,9,0,23,0,0,0,0
4608.96,3000.0,1.54,18,9,0,29,0,0,0,0
1885.28,1500.0,1.26,5,14,0,40,0,0,0,0
23633.3,4500.0,5.25,19,4,3,22,0,1,1,0
2858.91,2000.0,1.43,19,5,0,38,0,0,0,0
7111.79,4500.0,1.58,18,22,0,31,0,0,0,0
1377.73,2000.0,0.69,11,8,0,29,0,0,0,0
12958.14,8000.0,1.62,10,5,0,29,0,0,0,0
634.02,1500.0,0.42,13,1,0,38,0,0,0,0
2123.06,1500.0,1.42,17,23,0,45,0,0,1,0
2847.84,2000.0,1.42,15,11,0,27,0,0,0,0
1715.97,1500.0,1.14,21,27,0,10,0,0,0,0
9387.37,6000.0,1.56,19,27,0,19,0,0,0,0
2349.23,1500.0,1.57,17,26,0,43,0,0,0,0
5268.74,1500.0,3.51,13,21,3,13,1,0,1,0
11810.97,6000.0,1.97,14,21,1,47,0,0,0,0
8556.35,12000.0,0.71,14,20,0,14,0,0,0,0
7469.13,6000.0,1.24,18,21,0,16,0,0,0,0
11890.76,8000.0,1.49,19,11,0,27,0,0,0,0
2135.74,3000.0,0.71,11,1,0,22,0,0,1,0
4081.2,4500.0,0.91,14,4,0,9,0,0,1,0
7393.08,12000.0,0.62,12,13,0,30,0,0,0,0
2217.16,1500.0,1.48,11,22,0,38,0,0,0,0
4371.67,6000.0,0.73,9,6,0,7,0,0,0,0
7135.28,1500.0,4.76,8,2,5,23,0,1,1,0
1935.11,1500.0,1.29,10,13,0,28,0,0,0,0
1101.19,2000.0,0.55,19,5,1,26,0,0,0,0
63250.23,12000.0,5.27,15,10,5,18,1,1,2,0
15304.73,12000.0,1.28,9,23,0,22,0,0,0,0
6772.85,6000.0,1.13,19,26,1,6,0,0,0,0
9884.62,2500.0,3.95,15,23,4,24,0,1,1,0
1815.78,3000.0,0.61,18,28,0,50,0,0,0,0
2851.84,2500.0,1.14,14,14,0,45,0,0,0,0
6877.18,4500.0,1.53,10,12,1,24,0,0,0,0
2084.09,3000.0,0.69,10,17,0,12,0,0,1,0
1810.43,1500.0,1.21,16,16,0,28,0,0,0,0
946.08,2000.0,0.47,10,15,0,49,0,0,0,0
3833.96,4500.0,0.85,13,5,1,48,0,0,0,0
13731.4,12000.0,1.14,11,8,0,27,1,0,0,0
9055.71,6000.0,1.51,18,3,0,43,0,0,1,0
63050.8,12000.0,5.25,7,5,5,20,0,1,1,0
12756.9,8000.0,1.59,20,6,1,9,0,0,0,0
10282.34,12000.0,0.86,9,24,0,10,0,0,0,0
1707.83,2500.0,0.68,13,16,0,50,0,0,0,0
2800.57,3000.0,0.93,23,26,0,29,0,0,0,0
3596.14,4500.0,0.8,20,14,0,10,0,0,0,0
4362.29,3000.0,1.45,9,19,0,22,0,0,0,0
3011.26,3000.0,1.0,11,18,0,47,0,0,0,0
7785.07,12000.0,0.65,14,4,1,33,0,0,0,0
930.3,1500.0,0.62,11,19,0,6,0,0,0,0
8706.38,4500.0,1.93,16,21,0,13,0,0,1,0
1803.39,3000.0,0.6,18,14,0,11,0,0,0,0
2134.92,3000.0,0.71,19,15,0,42,0,0,0,0
36979.82,1500.0,24.65,23,21,4,32,1,1,2,1
6313.93,4500.0,1.4,15,6,0,22,0,0,0,0
14521.79,12000.0,1.21,21,25,0,41,0,0,0,0
3541.54,2000.0,1.77,20,18,0,46,0,0,0,0
2772.4,2000.0,1.39,16,18,0,20,0,0,0,0
21508.7,4500.0,4.78,18,12,3,32,1,0,2,0
5492.28,8000.0,0.69,11,10,0,19,0,0,0,0
9915.33,6000.0,1.65,13,12,1,14,0,0,1,0
26621.56,4500.0,5.92,15,18,3,26,1,1,1,0
9635.43,2500.0,3.85,13,20,3,47,1,0,1,0
2883.94,2500.0,1.15,9,4,0,34,0,0,0,0
13615.25,12000.0,1.13,21,10,0,26,0,0,0,0
17213.09,3000.0,5.74,11,15,5,42,0,1,0,0
4453.89,4500.0,0.99,13,11,0,45,0,0,0,0
1556.83,1500.0,1.04,14,19,0,38,0,0,0,0
5552.45,6000.0,0.93,15,16,0,18,0,0,0,0
5757.27,3000.0,1.92,17,10,0,29,0,0,0,0
8426.19,2000.0,4.21,8,7,4,10,1,1,2,0
16724.61,12000.0,1.39,9,20,0,47,0,0,0,0
3513.25,2500.0,1.41,17,25,0,14,0,0,0,0
1507.79,3000.0,0.5,8,13,1,32,0,0,0,0
14513.21,8000.0,1.81,9,26,0,27,0,0,0,0
1951.98,1500.0,1.3,14,15,0,36,0,0,0,0
2283.33,2500.0,0.91,22,24,0,49,0,0,0,0
4471.74,3000.0,1.49,12,28,0,25,0,0,0,0
5250.13,3000.0,1.75,6,22,0,6,0,0,0,0
15740.65,12000.0,1.31,8,19,0,35,0,0,0,0
3487.07,8000.0,0.44,7,1,0,49,0,0,1,0
3010.95,3000.0,1.0,18,24,0,35,0,0,0,0
1652.91,2000.0,0.83,20,15,0,44,0,0,0,0
5670.44,6000.0,0.95,3,4,0,23,0,0,1,0
8677.3,4500.0,1.93,15,19,0,39,0,0,0,0
10358.28,2000.0,5.18,8,28,3,24,0,0,2,0
13182.53,8000.0,1.65,8,23,0,44,0,0,1,0
1992.92,2000.0,1.0,22,9,1,37,0,0,0,0
2144.25,3000.0,0.71,15,13,0,34,0,0,0,0
8726.64,1500.0,5.82,18,28,4,44,0,1,2,0
3470.72,4500.0,0.77,7,21,0,10,0,0,1,0
8041.19,2000.0,4.02,23,19,5,32,1,0,1,0
7183.02,6000.0,1.2,15,2,0,19,0,0,0,0
9668.37,8000.0,1.21,6,18,0,5,0,0,0,0
3472.61,6000.0,0.58,4,12,0,23,0,0,0,0
6974.91,6000.0,1.16,19,8,0,6,0,0,0,0
6830.82,8000.0,0.85,14,3,0,19,0,0,0,0
15886.84,12000.0,1.32,19,24,0,42,0,0,0,0
6864.15,12000.0,0.57,9,8,0,7,0,0,0,0
2576.91,2500.0,1.03,21,9,0,35,0,0,0,0
7650.67,12000.0,0.64,12,16,0,23,0,0,0,0
2552.14,2000.0,1.28,14,6,0,20,0,0,0,0
2219.9,3000.0,0.74,11,19,0,23,0,0,0,0
6676.88,12000.0,0.56,10,22,0,40,0,0,0,0
4030.47,4500.0,0.9,5,16,0,5,0,0,0,0
5237.1,2500.0,2.09,13,10,0,12,0,0,0,0
4009.76,4500.0,0.89,10,13,0,12,0,0,0,0
4332.16,2500.0,1.73,19,9,0,42,0,0,0,0
16837.39,12000.0,1.4,11,6,0,23,0,0,0,0
3542.69,3000.0,1.18,2,22,0,36,0,0,0,0
3291.8,2000.0,1.65,17,11,0,38,0,0,0,0
2847.55,2000.0,1.42,17,26,0,6,0,0,0,0
1582.98,2000.0,0.79,18,22,1,5,0,0,0,0
1556.84,2000.0,0.78,18,10,0,10,0,0,0,0
1788.75,2000.0,0.89,21,26,0,11,0,0,0,0
1806.29,2000.0,0.9,9,6,0,6,0,0,0,0
6167.43,12000.0,0.51,23,25,0,33,0,0,1,0
6628.61,2000.0,3.31,14,18,10,36,1,1,2,1
63846.26,12000.0,5.32,19,8,4,37,1,1,2,0
2323.71,2500.0,0.93,22,27,0,34,0,0,0,0
10680.02,12000.0,0.89,14,7,0,7,0,0,1,0
8713.61,8000.0,1.09,7,12,1,14,0,0,0,0
5855.48,4500.0,1.3,16,24,1,43,0,0,0,0
2439.36,3000.0,0.81,1,15,0,33,0,0,0,0
5607.63,8000.0,0.7,14,14,0,6,0,1,0,0
3578.49,3000.0,1.19,21,23,0,36,0,0,0,0
1942.9,2500.0,0.78,10,9,0,37,0,0,1,0
13313.69,2500.0,5.33,8,16,5,14,1,1,1,0
70455.61,12000.0,5.87,20,6,5,45,1,1,1,0
1286.05,2000.0,0.64,23,13,0,16,0,0,0,0
3126.6,3000.0,1.04,13,18,0,41,0,0,1,0
11891.28,12000.0,0.99,10,26,0,11,0,0,0,0
8431.12,6000.0,1.41,13,6,0,5,0,0,0,0
13938.48,12000.0,1.16,9,1,1,11,1,0,0,0
4410.62,6000.0,0.74,14,2,0,28,0,0,0,0
2372.66,2000.0,1.19,17,3,0,49,0,0,1,0
7392.44,2000.0,3.7,20,16,5,44,0,0,2,0
5137.12,3000.0,1.71,9,19,1,15,0,0,1,0
7185.53,8000.0,0.9,9,3,0,35,0,0,0,0
2508.18,2000.0,1.25,13,17,1,33,0,0,0,0
7146.48,4500.0,1.59,15,20,0,48,0,0,0,0
2642.66,2000.0,1.32,14,8,0,33,0,0,1,0
2157.2,2000.0,1.08,13,15,0,5,0,0,0,0
4028.64,3000.0,1.34,6,2,1,29,0,0,0,0
2885.53,3000.0,0.96,17,24,0,11,0,0,0,0
2283.84,2500.0,0.91,17,3,0,41,0,0,0,0
1275.61,2500.0,0.51,14,12,1,17,0,0,0,0
14802.39,3000.0,4.93,23,13,4,17,1,0,1,0
8542.34,8000.0,1.07,12,6,0,8,0,0,0,0
1182.07,1500.0,0.79,9,9,1,44,0,0,0,0
31793.21,6000.0,5.3,6,27,5,23,0,0,1,0
8493.28,8000.0,1.06,12,27,2,30,0,0,0,0
29592.62,8000.0,3.7,14,7,3,17,1,0,2,0
12310.82,2500.0,4.92,20,20,3,5,1,0,1,0
3296.75,2500.0,1.32,10,9,0,50,0,0,1,0
9957.2,6000.0,1.66,16,6,0,22,0,0,1,0
6775.56,6000.0,1.13,15,21,1,42,0,0,2,0
11437.82,12000.0,0.95,12,8,0,9,0,0,1,0
2071.91,2500.0,0.83,14,3,0,44,0,0,0,0
516.36,1500.0,0.34,17,1,0,31,0,0,0,0
2891.94,3000.0,0.96,10,8,0,13,0,0,0,0
2851.61,1500.0,1.9,8,7,0,43,0,0,0,0
4342.74,6000.0,0.72,21,11,2,39,0,0,0,0
2224.97,3000.0,0.74,13,17,0,26,0,1,0,0
24967.14,4500.0,5.55,11,4,4,42,1,1,0,0
25984.35,6000.0,4.33,11,12,3,40,1,1,0,0
10741.57,12000.0,0.9,3,15,0,22,0,0,0,0
1735.29,1500.0,1.16,8,9,1,11,0,0,0,0
3326.2,2500.0,1.33,8,12,0,32,0,0,0,0
8376.35,8000.0,1.05,9,7,0,18,0,0,0,0
1430.31,2000.0,0.72,20,3,0,41,0,0,0,0
12384.45,8000.0,1.55,10,14,0,16,0,1,0,0
5760.35,6000.0,0.96,2,10,0,25,0,0,0,0
1787.62,1500.0,1.19,8,1,0,37,0,0,1,0
854.16,1500.0,0.57,15,10,0,42,0,0,0,0
2260.05,2000.0,1.13,8,6,1,25,0,0,1,0
890.21,1500.0,0.59,8,24,1,25,0,0,0,0
2593.71,1500.0,1.73,3,23,0,27,0,0,0,0
1658.44,2500.0,0.66,12,8,0,43,0,0,0,0
6008.82,6000.0,1.0,12,27,0,21,0,0,0,0
28806.13,2500.0,11.52,23,13,4,47,1,1,2,1
2163.45,1500.0,1.44,18,3,1,13,0,0,1,0
3829.61,3000.0,1.28,9,18,0,22,0,0,1,0
9368.1,12000.0,0.78,9,17,0,7,0,0,0,0
17650.2,8000.0,2.21,14,1,1,25,0,0,1,0
26130.37,1500.0,17.42,22,18,3,11,1,1,0,1
14223.47,12000.0,1.19,10,1,0,49,0,0,0,0
19499.25,4500.0,4.33,7,2,5,13,1,1,2,0
49374.87,12000.0,4.11,17,5,5,33,1,0,1,0
10536.27,8000.0,1.32,9,9,0,31,0,0,0,0
24112.49,4000.0,6.03,10,5,5,21,1,1,1,1
8088.8,1500.0,5.39,11,27,5,6,1,1,2,0
3990.29,3000.0,1.33,19,11,1,23,0,0,0,0
4502.71,3000.0,1.5,12,9,1,25,0,0,0,0
2144.37,2500.0,0.86,15,2,0,42,0,0,1,0
19539.43,12000.0,1.63,13,28,0,37,0,0,0,0
1486.04,2000.0,0.74,13,21,0,48,0,0,0,0
1148.42,1500.0,0.77,20,23,0,34,0,0,0,0
1546.54,1500.0,1.03,18,9,0,17,0,0,0,0
3343.02,4500.0,0.74,19,7,1,42,0,0,0,0
13418.95,12000.0,1.12,11,13,0,25,0,0,0,0
34043.55,6000.0,5.67,14,7,5,23,1,0,0,0
2278.58,3000.0,0.76,18,12,0,47,0,0,0,0
1663.55,2500.0,0.67,13,21,0,28,0,0,0,0
75967.79,2500.0,30.39,1,5,5,49,1,1,2,1
9731.89,8000.0,1.22,18,1,0,20,0,0,0,0
953.53,1500.0,0.64,13,21,0,31,1,0,0,0
1939.91,3000.0,0.65,13,13,0,34,0,0,0,0
15040.36,3000.0,5.01,22,6,3,45,0,0,0,0
3015.02,2000.0,1.51,15,21,0,19,0,0,0,0
22897.99,6000.0,3.82,16,24,5,5,1,0,0,0
3051.16,2000.0,1.53,21,24,0,6,0,0,0,0
2998.53,3000.0,1.0,7,18,0,26,0,0,0,0
22662.66,4500.0,5.04,16,17,4,47,0,0,1,0
23087.86,12000.0,1.92,12,15,0,8,0,0,0,0
11832.45,12000.0,0.99,12,27,0,6,0,0,0,0
1934.67,1500.0,1.29,12,9,0,7,0,0,0,0
1802.41,3000.0,0.6,16,15,0,32,0,0,0,0
2400.5,2500.0,0.96,12,24,0,43,0,0,0,0
24503.84,4000.0,6.13,20,13,10,39,0,1,2,1
4493.15,2500.0,1.8,17,5,0,48,0,0,0,0
3416.41,4500.0,0.76,17,6,0,10,0,0,0,0
5222.9,12000.0,0.44,12,5,0,46,0,0,0,0
44346.0,8000.0,5.54,18,14,4,43,1,0,1,0
11617.26,8000.0,1.45,8,9,0,16,0,0,0,0
4291.26,2500.0,1.72,7,8,0,18,0,0,0,0
2915.88,2500.0,1.17,9,10,0,40,0,0,0,0
3917.68,3000.0,1.31,10,11,2,24,0,0,0,0
1108.66,1500.0,0.74,12,24,0,19,0,0,0,0
6202.84,6000.0,1.03,12,21,0,25,0,0,0,0
976.27,1500.0,0.65,16,15,0,31,0,0,0,0
2616.06,3000.0,0.87,21,4,0,41,0,0,0,0
18950.57,12000.0,1.58,16,14,0,26,0,0,0,0
1949.72,3000.0,0.65,11,3,1,38,0,0,0,0
2644.9,3000.0,0.88,14,13,0,5,0,0,0,0
4412.99,4500.0,0.98,10,28,0,40,0,0,1,0
14614.6,12000.0,1.22,12,6,1,47,0,0,0,0
4621.93,3000.0,1.54,5,24,0,48,0,0,1,0
1121.9,1500.0,0.75,12,24,0,28,0,0,0,0
3784.1,2500.0,1.51,18,5,2,29,0,0,0,0
1683.04,2500.0,0.67,13,17,0,25,0,0,0,0
14153.63,12000.0,1.18,11,1,0,5,0,0,0,0
836.04,1500.0,0.56,10,11,1,17,0,0,1,0
1579.81,1500.0,1.05,10,28,0,30,0,0,1,0
1886.77,2500.0,0.75,10,20,1,25,0,0,0,0
11190.75,12000.0,0.93,16,28,0,32,0,0,0,0
11043.67,4000.0,2.76,13,12,12,40,1,1,1,1
12775.19,6000.0,2.13,9,20,0,48,0,0,0,0
4595.79,2000.0,2.3,13,26,0,7,0,0,0,0
49716.19,2000.0,24.86,6,22,2,8,1,0,1,1
5312.09,8000.0,0.66,21,27,0,49,0,0,0,0
1224.34,2000.0,0.61,16,6,0,47,0,0,0,0
6625.57,6000.0,1.1,15,24,0,34,0,0,0,0
251.38,1500.0,0.17,7,26,0,7,0,0,0,0
3253.24,3000.0,1.08,12,2,1,44,0,0,1,0
23482.53,4500.0,5.22,18,11,4,45,1,0,1,0
1946.82,2500.0,0.78,10,19,0,46,0,0,1,0
1285.79,2000.0,0.64,7,5,0,37,0,1,0,0
2150.49,2000.0,1.08,14,16,1,40,0,0,0,0
3254.55,4500.0,0.72,15,8,0,50,0,0,0,0
9893.24,6000.0,1.65,9,5,1,8,0,0,0,0
998.35,2500.0,0.4,12,18,0,32,0,0,0,0
3648.07,2500.0,1.46,20,1,0,33,0,0,0,0
1261.49,1500.0,0.84,18,16,0,16,0,0,0,0
1753.35,1500.0,1.17,19,3,0,27,0,0,0,0
1932.71,2000.0,0.97,13,16,0,16,0,0,0,0
1119.67,1500.0,0.75,15,4,0,31,0,0,0,0
10321.6,8000.0,1.29,7,24,0,31,0,0,1,0
4424.34,4500.0,0.98,17,1,0,45,0,0,0,0
2268.85,2000.0,1.13,8,17,0,15,0,0,1,0
1473.69,2000.0,0.74,12,13,0,50,0,0,0,0
6047.13,4500.0,1.34,17,4,0,22,0,0,0,0
8926.69,6000.0,1.49,19,21,1,30,0,0,1,0
3100.44,2500.0,1.24,19,1,0,14,0,0,0,0
946.52,1500.0,0.63,12,22,0,6,0,0,0,0
17806.16,12000.0,1.48,19,17,0,34,0,0,0,0
2818.78,3000.0,0.94,12,6,0,8,0,0,0,0
2843.13,2500.0,1.14,12,22,0,46,0,0,0,0
24142.7,6000.0,4.02,11,3,3,47,0,0,1,0
8005.31,8000.0,1.0,19,5,0,35,0,0,0,0
9573.01,6000.0,1.6,14,13,1,39,0,0,1,0
13703.48,6000.0,2.28,12,1,0,24,0,0,0,0
11396.36,8000.0,1.42,20,21,0,45,0,0,0,0
2029.8,2000.0,1.01,10,28,0,14,0,0,0,0
1396.06,1500.0,0.93,13,25,1,8,0,0,0,0
2977.21,2000.0,1.49,16,10,0,25,0,0,0,0
9639.43,6000.0,1.61,16,15,2,18,0,0,0,0
2526.29,1500.0,1.68,8,21,0,30,0,0,0,0
12848.45,12000.0,1.07,14,15,0,6,0,0,0,0
9802.61,8000.0,1.23,14,15,0,26,0,0,1,0
9039.09,6000.0,1.51,21,3,0,46,0,0,0,0
13163.92,2500.0,5.27,16,12,5,10,1,1,1,0
1472.74,3000.0,0.49,14,5,0,45,0,0,0,0
2001.59,2500.0,0.8,10,8,0,13,0,0,0,0
12194.99,12000.0,1.02,11,6,0,6,0,0,1,0
7375.68,3000.0,2.46,13,2,0,43,0,0,0,0
8430.86,6000.0,1.41,12,25,0,43,0,0,0,0
5044.2,4500.0,1.12,14,26,0,6,0,0,0,0
7015.24,8000.0,0.88,12,18,0,40,0,0,0,0
2111.97,2000.0,1.06,13,25,1,26,0,0,0,0
6874.67,6000.0,1.15,11,3,0,49,0,0,1,0
8724.8,8000.0,1.09,19,13,0,32,0,0,0,0
10909.43,12000.0,0.91,12,13,0,7,0,0,0,0
2077.76,2500.0,0.83,7,17,0,19,0,0,0,0
4102.94,4500.0,0.91,9,4,0,27,0,0,0,0
3996.47,3000.0,1.33,8,17,0,36,0,0,0,0
3924.28,6000.0,0.65,20,5,0,31,0,0,0,0
10949.27,2500.0,4.38,11,27,5,5,1,1,1,0
11134.01,2500.0,4.45,16,25,4,49,1,0,2,1
11713.62,2000.0,5.86,5,16,11,10,1,1,2,1
1317.52,1500.0,0.88,11,14,0,26,0,0,0,0
1133.7,1500.0,0.76,19,24,0,18,0,0,1,0
5695.92,3000.0,1.9,15,20,0,15,0,0,0,0
31880.24,6000.0,5.31,13,17,3,50,1,1,2,0
1940.49,2500.0,0.78,18,6,0,47,0,0,1,0
4570.65,6000.0,0.76,10,8,0,19,0,0,0,0
5434.27,8000.0,0.68,10,16,0,14,0,0,0,0
1718.22,1500.0,1.15,16,10,0,29,0,0,0,0
2965.05,2500.0,1.19,14,28,0,23,0,0,0,0
7219.67,8000.0,0.9,13,20,0,30,0,0,0,0
6363.57,4500.0,1.41,16,8,0,39,0,0,0,0
1766.25,3000.0,0.59,14,4,0,9,0,0,1,0
1288.78,2000.0,0.64,17,2,1,30,0,0,0,0
2250.01,1500.0,1.5,20,2,0,32,0,0,0,0
2392.6,1500.0,1.6,22,10,0,33,0,0,0,0
6790.28,1500.0,4.53,11,22,3,47,1,1,2,0
959.15,1500.0,0.64,15,9,0,24,0,0,0,0
1487.83,1500.0,0.99,8,10,0,28,0,0,0,0
8214.03,6000.0,1.37,9,8,0,17,0,0,0,0
2072.52,1500.0,1.38,11,23,0,11,0,0,0,0
9137.52,2500.0,3.66,14,5,5,47,1,0,1,0
1739.76,3000.0,0.58,8,22,0,38,0,0,0,0
12707.65,2500.0,5.08,18,17,5,17,1,0,1,0
8909.17,8000.0,1.11,16,21,0,45,0,0,1,0
29395.06,1500.0,19.6,12,14,6,39,1,1,2,1
6640.1,8000.0,0.83,9,3,0,22,0,0,0,0
6020.34,6000.0,1.0,15,2,0,11,0,0,0,0
34977.14,6000.0,5.83,20,11,3,48,1,1,2,0
6508.81,8000.0,0.81,18,25,1,6,0,0,0,0
4353.89,4500.0,0.97,15,3,0,38,0,0,0,0
3466.64,2500.0,1.39,13,28,0,50,0,0,0,0
3248.7,4500.0,0.72,7,16,2,22,0,0,0,0
2576.36,2000.0,1.29,16,9,0,13,0,0,0,0
25222.29,12000.0,2.1,11,27,0,41,0,0,0,0
7952.68,8000.0,0.99,16,9,2,46,0,0,0,0
10547.88,3000.0,3.52,20,27,3,45,1,1,1,0
2036.29,3000.0,0.68,19,5,0,12,0,0,0,0
23272.57,6000.0,3.88,17,8,3,35,1,1,1,0
1411.73,2500.0,0.56,17,17,0,32,0,0,0,0
3102.91,3000.0,1.03,15,18,1,35,0,0,0,0
2992.44,6000.0,0.5,19,9,1,25,0,0,0,0
10292.09,6000.0,1.72,10,25,0,30,0,0,0,0
4600.49,4500.0,1.02,18,20,0,43,0,0,1,0
4330.67,2000.0,2.17,2,26,1,41,0,0,0,0
3260.74,3000.0,1.09,19,8,0,8,0,0,0,0
9457.36,4500.0,2.1,10,7,0,49,0,0,0,0
6281.07,4500.0,1.4,9,6,0,15,0,0,0,0
5604.34,8000.0,0.7,17,25,0,41,0,0,0,0
2685.37,2500.0,1.07,9,16,0,9,0,0,0,0
2199.73,3000.0,0.73,15,21,0,38,0,0,0,0
5576.84,4500.0,1.24,8,21,0,47,0,0,0,0
6382.7,6000.0,1.06,11,1,0,18,0,0,0,0
4400.54,2500.0,1.76,6,23,0,10,0,0,0,0
1104.23,1500.0,0.74,19,16,1,24,0,0,0,0
4985.41,4500.0,1.11,13,9,0,27,0,0,0,0
1399.24,2000.0,0.7,12,6,0,27,0,0,0,0
1507.4,2000.0,0.75,14,26,0,38,0,0,0,0
53183.01,12000.0,4.43,4,24,5,43,1,0,1,0
11789.45,2000.0,5.89,7,27,4,31,0,0,2,0
3711.78,2000.0,1.86,19,24,1,37,0,0,0,0
1313.39,1500.0,0.88,16,24,0,29,0,0,0,0
68989.33,12000.0,5.75,14,24,3,33,0,0,1,0
1841.36,1500.0,1.23,15,22,0,45,0,0,0,0
2816.71,2000.0,1.41,5,9,0,17,0,0,0,0
53604.18,12000.0,4.47,22,3,5,18,1,0,2,0
1856.5,2500.0,0.74,9,22,0,34,0,0,0,0
21749.12,6000.0,3.62,11,14,3,40,0,0,1,0
6041.83,8000.0,0.76,6,13,0,22,0,0,0,0
4223.43,3000.0,1.41,17,21,0,11,0,0,1,0
1841.8,2000.0,0.92,20,28,0,26,0,0,0,0
12235.78,8000.0,1.53,17,2,1,12,0,0,0,0
2863.61,2000.0,1.43,19,25,0,5,0,0,0,0
3519.99,3000.0,1.17,15,27,0,16,0,0,0,0
2055.53,1500.0,1.37,3,3,0,39,0,0,0,0
1293.24,1500.0,0.86,22,2,0,49,0,0,0,0
6503.65,12000.0,0.54,13,12,0,32,0,0,0,0
10050.23,6000.0,1.68,14,22,0,29,0,0,1,0
5810.08,3000.0,1.94,11,3,0,17,0,0,0,0
1386.09,2500.0,0.55,10,4,0,20,0,0,0,0
2837.09,2500.0,1.13,13,7,0,5,0,0,0,0
1964.37,1500.0,1.31,17,19,1,47,0,0,0,0
6027.24,8000.0,0.75,14,1,0,48,0,0,0,0
8851.14,4500.0,1.97,12,24,0,16,0,0,0,0
2701.33,3000.0,0.9,17,13,0,25,0,0,0,0
12397.13,8000.0,1.55,19,25,0,42,0,0,0,0
2202.47,2000.0,1.1,16,8,0,35,1,0,0,0
2628.87,1500.0,1.75,11,25,0,24,1,0,0,0
564.15,1500.0,0.38,18,1,0,37,0,0,0,0
5947.49,12000.0,0.5,4,27,0,39,0,0,2,0
9013.83,6000.0,1.5,17,4,0,34,0,0,0,0
16936.93,3000.0,5.65,17,23,3,40,1,1,1,0
1969.59,2500.0,0.79,13,11,0,33,0,0,1,0
1273.41,2000.0,0.64,8,6,0,5,0,0,0,0
1359.91,2000.0,0.68,8,19,0,41,0,0,0,0
2898.56,2000.0,1.45,15,10,0,39,0,0,0,0
47592.47,12000.0,3.97,11,16,3,28,1,1,1,0
6676.18,8000.0,0.83,9,3,1,15,0,0,1,0
2265.25,2000.0,1.13,19,22,1,29,0,0,0,0
6354.11,6000.0,1.06,14,11,0,7,0,0,0,0
5968.5,4500.0,1.33,17,20,0,18,0,0,0,0
1404.52,2500.0,0.56,12,6,0,12,0,0,0,0
3742.86,3000.0,1.25,13,7,0,36,0,0,0,0
14077.16,2500.0,5.63,12,13,3,30,1,0,1,0
4623.45,6000.0,0.77,17,28,1,37,0,0,1,0
2230.29,3000.0,0.74,10,4,0,34,0,0,0,0
4212.02,6000.0,0.7,9,23,0,17,0,0,1,0
5790.83,2500.0,2.32,16,11,0,39,1,0,0,0
4788.95,3000.0,1.6,9,3,2,16,0,0,0,0
2434.5,3000.0,0.81,10,21,0,15,0,0,0,0
1452.42,3000.0,0.48,13,4,0,13,0,0,1,0
1124.25,1500.0,0.75,14,12,0,28,0,0,0,0
1672.05,2500.0,0.67,12,19,0,8,0,0,0,0
1884.51,1500.0,1.26,10,22,0,20,0,0,2,0
3101.63,1500.0,2.07,12,5,1,14,0,0,0,0
36271.64,8000.0,4.53,18,12,4,17,1,1,0,0
23872.24,12000.0,1.99,8,7,0,25,0,0,0,0
56542.81,12000.0,4.71,17,17,3,9,0,0,1,0
4793.22,6000.0,0.8,10,5,0,11,0,0,0,0
36527.25,8000.0,4.57,12,8,4,10,1,0,1,0
12264.49,12000.0,1.02,12,6,0,37,0,0,0,0
8663.57,8000.0,1.08,14,3,0,20,0,0,0,0
1603.69,2000.0,0.8,17,19,0,13,0,0,0,0
1083.09,1500.0,0.72,18,17,0,15,1,0,1,0
6299.29,8000.0,0.79,17,23,0,24,0,0,0,0
2280.84,1500.0,1.52,12,13,0,43,0,0,0,0
13120.71,2500.0,5.25,17,12,3,35,0,0,1,0
1844.31,2000.0,0.92,11,6,0,38,0,0,0,0
13698.12,12000.0,1.14,23,12,0,35,0,0,0,0
45152.51,8000.0,5.64,12,18,5,26,1,0,0,0
7736.85,6000.0,1.29,6,16,0,40,0,0,0,0
4208.49,6000.0,0.7,6,23,0,23,0,0,0,0
1079.81,1500.0,0.72,9,11,1,20,0,0,0,0
13361.54,12000.0,1.11,12,21,0,17,0,0,0,0
1936.75,2500.0,0.77,12,19,0,39,0,0,0,0
5727.34,4500.0,1.27,18,12,0,20,0,0,0,0
2315.4,2500.0,0.93,10,9,0,9,0,0,0,0
7278.79,8000.0,0.91,12,2,0,24,0,0,0,0
2191.25,2500.0,0.88,6,8,0,27,0,0,0,0
4922.6,6000.0,0.82,20,16,0,38,0,0,0,0
4573.08,6000.0,0.76,17,25,1,17,0,0,1,0
5958.85,12000.0,0.5,10,27,0,21,0,0,0,0
2221.13,2500.0,0.89,18,12,0,29,0,0,1,0
12445.82,8000.0,1.56,19,19,0,30,0,0,0,0
2251.56,4500.0,0.5,21,18,0,38,0,0,0,0
1940.47,2000.0,0.97,8,7,0,32,0,0,0,0
12067.08,12000.0,1.01,11,20,1,29,0,0,0,0
45754.56,4000.0,11.44,8,20,5,12,0,1,1,1
17567.61,12000.0,1.46,14,14,0,48,0,0,0,0
8591.43,1500.0,5.73,10,6,4,28,0,1,1,0
5690.98,6000.0,0.95,11,9,0,6,0,0,0,0
1787.71,2000.0,0.89,7,7,0,19,0,0,0,0
13256.83,2500.0,5.3,8,9,3,48,1,0,2,0
2173.28,3000.0,0.72,10,18,0,8,0,0,0,0
6587.15,4500.0,1.46,9,19,0,11,0,0,0,0
2950.99,2000.0,1.48,14,19,0,21,0,0,0,0
69241.48,2000.0,34.62,3,13,5,20,1,1,2,1
4600.12,4500.0,1.02,21,15,0,47,0,0,0,0
11299.59,2500.0,4.52,19,6,3,43,1,0,2,0
12705.43,2500.0,5.08,11,15,4,47,1,0,0,0
1516.05,1500.0,1.01,19,27,0,35,0,0,0,0
11789.12,12000.0,0.98,15,12,0,24,0,0,0,0
9747.38,6000.0,1.62,8,8,0,12,0,0,0,0
4545.43,4500.0,1.01,14,17,0,17,0,0,0,0
3481.53,3000.0,1.16,14,7,0,41,0,0,0,0
6747.43,8000.0,0.84,7,13,0,15,0,0,0,0
2361.0,1500.0,1.57,19,23,0,14,0,0,0,0
1149.65,2500.0,0.46,17,17,1,33,0,0,0,0
10069.18,8000.0,1.26,10,9,0,34,0,0,0,0
1534.15,1500.0,1.02,7,2,0,10,0,0,0,0
3275.08,2500.0,1.31,14,5,1,23,0,0,0,0
7857.2,8000.0,0.98,18,11,0,40,0,0,0,0
2492.56,2000.0,1.25,16,23,0,7,0,0,0,0
3050.02,3000.0,1.02,8,20,0,33,0,0,0,0
2517.28,4500.0,0.56,10,20,0,10,0,0,0,0
8139.55,12000.0,0.68,1,27,0,44,0,0,0,0
3191.64,3000.0,1.06,14,2,0,42,0,0,0,0
4226.5,3000.0,1.41,15,11,0,45,0,1,0,0
1975.24,1500.0,1.32,21,15,0,39,1,0,0,0
12695.04,3000.0,4.23,21,12,4,8,1,0,2,1
3031.86,2000.0,1.52,10,4,0,38,0,0,0,0
1999.06,2000.0,1.0,14,6,0,36,0,0,0,0
8052.53,6000.0,1.34,19,25,0,49,0,0,0,0
44775.26,12000.0,3.73,12,10,4,48,1,1,1,0
6829.83,1500.0,4.55,16,20,5,6,1,0,1,1
8019.36,1500.0,5.35,13,11,5,46,1,1,1,0
31070.9,4000.0,7.77,16,21,7,42,1,1,1,1
3196.76,3000.0,1.07,8,14,1,28,0,0,0,0
2524.86,2500.0,1.01,18,9,0,45,0,0,0,0
3850.81,8000.0,0.48,18,12,0,28,0,0,0,0
10619.14,3000.0,3.54,10,28,3,6,0,0,1,0
9220.19,12000.0,0.77,13,18,0,23,0,0,0,0
2298.0,3000.0,0.77,11,9,0,18,0,0,0,0
27193.68,2500.0,10.88,16,6,5,15,1,1,1,1
3239.01,2500.0,1.3,17,4,0,9,0,0,0,0
6108.06,8000.0,0.76,18,4,0,9,1,0,0,0
9086.25,2500.0,3.63,17,13,4,16,1,0,1,0
8107.84,6000.0,1.35,7,23,0,24,0,0,0,0
38443.13,8000.0,4.81,10,23,4,9,1,0,1,0
1802.21,2500.0,0.72,15,15,0,13,0,0,0,0
5775.5,12000.0,0.48,14,17,0,49,0,0,0,0
2850.28,4500.0,0.63,18,21,0,9,0,0,0,0
13598.89,12000.0,1.13,6,14,0,10,0,0,0,0
1283.13,1500.0,0.86,14,16,0,34,0,0,0,0
1277.16,2500.0,0.51,12,26,0,37,0,0,0,0
6451.51,4500.0,1.43,20,27,0,36,0,0,0,0
36073.28,8000.0,4.51,18,24,5,38,1,1,1,0
1436.56,1500.0,0.96,10,16,0,19,0,0,0,0
1825.52,1500.0,1.22,21,3,0,34,0,0,0,0
2775.13,3000.0,0.93,6,5,0,40,0,0,0,0
10891.78,3000.0,3.63,12,16,5,13,1,0,1,0
85729.65,3000.0,28.58,14,23,4,42,1,1,2,1
4903.26,4500.0,1.09,8,17,0,13,0,0,0,0
1811.41,1500.0,1.21,20,14,0,11,0,0,1,0
46983.16,12000.0,3.92,5,24,3,49,1,0,1,0
4980.22,6000.0,0.83,18,9,0,40,0,0,0,0
1827.14,2000.0,0.91,22,28,0,31,0,0,0,0
3930.57,3000.0,1.31,15,12,0,12,0,0,0,0
6099.73,6000.0,1.02,1,20,0,7,0,0,0,0
2779.86,3000.0,0.93,9,11,0,39,0,0,1,0
2864.95,2500.0,1.15,16,10,0,23,1,0,0,0
6069.46,4500.0,1.35,21,22,0,17,0,0,0,0
2509.49,4500.0,0.56,12,24,0,31,0,0,0,0
2379.65,3000.0,0.79,0,15,0,18,0,0,0,0
7467.59,4500.0,1.66,13,21,0,16,0,0,0,0
6156.41,6000.0,1.03,9,8,0,45,0,0,0,0
14762.62,8000.0,1.85,17,17,1,41,0,0,0,0
2227.55,1500.0,1.49,14,2,1,35,0,0,0,0
13070.14,12000.0,1.09,11,22,1,37,0,0,0,0
3167.94,2500.0,1.27,11,9,0,28,0,0,0,0
1924.76,1500.0,1.28,9,14,0,38,0,0,0,0
2375.29,2500.0,0.95,21,23,1,45,0,0,0,0
6215.15,1500.0,4.14,0,4,7,20,1,0,2,1
3041.25,2500.0,1.22,16,28,0,6,0,0,0,0
1686.44,1500.0,1.12,12,28,0,18,0,0,0,0
8287.45,2000.0,4.14,12,17,5,30,0,0,2,0
1100.99,1500.0,0.73,12,6,0,45,0,0,0,0
1774.93,3000.0,0.59,12,11,1,39,0,0,0,0
22742.19,12000.0,1.9,17,18,0,18,0,0,0,0
11902.62,12000.0,0.99,13,21,0,47,0,0,0,0
14738.48,3000.0,4.91,11,12,3,39,0,1,1,0
2877.33,3000.0,0.96,12,14,0,26,0,0,0,0
7290.66,8000.0,0.91,20,17,0,27,0,0,0,0
39862.24,8000.0,4.98,12,27,4,32,1,0,1,0
13613.56,8000.0,1.7,17,5,1,47,0,0,0,0
2212.38,1500.0,1.47,16,8,0,11,0,0,0,0
2664.36,6000.0,0.44,10,22,0,14,0,0,0,0
1965.28,2000.0,0.98,12,23,0,37,0,0,0,0
5910.96,8000.0,0.74,13,18,0,44,0,0,0,0
4399.89,4500.0,0.98,16,13,0,43,0,0,0,0
1832.29,3000.0,0.61,5,9,0,28,0,0,0,0
5975.41,12000.0,0.5,20,2,0,16,0,0,0,0
4760.14,3000.0,1.59,9,3,1,32,0,0,0,0
5919.09,3000.0,1.97,12,19,0,13,0,1,0,0
8928.84,6000.0,1.49,9,14,1,39,0,0,0,0
3891.81,3000.0,1.3,14,2,1,16,0,1,0,0
46916.52,1500.0,31.28,2,23,2,19,1,1,2,1
59265.84,12000.0,4.94,11,14,4,47,0,0,0,0
10629.48,6000.0,1.77,8,13,0,16,0,0,0,0
4805.85,2500.0,1.92,16,16,0,40,0,0,0,0
3607.65,3000.0,1.2,16,18,0,42,0,0,1,0
3071.65,4500.0,0.68,22,23,0,17,0,1,1,0
6423.09,8000.0,0.8,17,4,0,26,0,0,0,0
1768.63,2500.0,0.71,15,13,0,20,0,0,0,0
7755.39,12000.0,0.65,18,10,0,21,0,0,0,0
5426.75,12000.0,0.45,19,19,0,34,0,0,0,0
5832.45,4500.0,1.3,18,12,1,42,0,0,0,0
8305.58,12000.0,0.69,14,8,0,47,0,0,0,0
3272.05,2500.0,1.31,14,1,0,16,0,0,1,0
880.66,1500.0,0.59,15,17,0,45,0,0,0,0
4778.42,4500.0,1.06,18,11,0,44,0,0,0,0
1258.86,1500.0,0.84,14,15,0,49,0,0,0,0
5601.02,4500.0,1.24,11,5,0,29,0,0,0,0
1868.34,3000.0,0.62,19,16,0,50,0,0,0,0
8104.94,8000.0,1.01,22,15,0,29,0,0,0,0
64260.44,4000.0,16.07,22,8,6,42,1,1,1,1
22163.45,12000.0,1.85,21,12,0,11,0,0,0,0
2764.66,3000.0,0.92,18,27,0,33,0,0,1,0
4155.53,2500.0,1.66,15,2,0,11,0,0,0,0
1939.48,1500.0,1.29,10,7,0,41,0,0,1,0
18685.77,2000.0,9.34,22,15,6,34,1,1,1,1
4542.78,6000.0,0.76,15,14,0,25,0,0,0,0
4807.75,3000.0,1.6,19,8,0,8,0,0,0,0
3433.68,3000.0,1.14,13,22,0,15,0,0,0,0
4318.83,12000.0,0.36,6,2,0,34,0,0,0,0
3643.68,4500.0,0.81,9,17,0,5,0,0,0,0
43680.81,2000.0,21.84,22,22,9,6,1,1,2,1
4381.72,2500.0,1.75,12,3,0,46,0,0,0,0
29727.7,6000.0,4.95,16,23,5,46,0,0,1,0
2161.26,2500.0,0.86,12,12,0,23,0,0,0,0
29289.44,8000.0,3.66,18,15,5,13,1,0,1,0
2604.9,3000.0,0.87,12,5,0,20,0,0,0,0
11164.66,8000.0,1.4,15,7,0,33,0,0,0,0
6461.0,8000.0,0.81,14,7,0,39,0,0,0,0
3153.93,3000.0,1.05,15,19,0,50,0,0,0,0
5118.15,3000.0,1.71,8,19,0,27,0,0,0,0
3602.81,2500.0,1.44,12,24,0,31,0,0,0,0
7378.21,2000.0,3.69,12,23,3,50,0,0,0,0
3161.3,4500.0,0.7,15,25,0,47,0,0,0,0
4186.11,3000.0,1.4,14,23,0,25,0,0,2,0
1758.02,2500.0,0.7,1,14,0,20,0,0,0,0
21940.62,1500.0,14.63,22,21,4,8,1,1,2,1
4959.08,3000.0,1.65,14,13,0,27,0,0,0,0
10500.65,3000.0,3.5,14,7,3,38,0,0,1,0
3430.64,2000.0,1.72,13,7,2,22,0,0,0,0
6700.66,8000.0,0.84,11,9,1,45,0,0,0,0
1530.26,2500.0,0.61,7,1,0,12,0,0,0,0
3112.86,2500.0,1.25,19,17,0,27,0,0,0,0
18317.26,4500.0,4.07,13,28,3,23,0,1,0,0
3215.0,1500.0,2.14,15,16,0,7,0,0,0,0
4398.91,2500.0,1.76,15,1,0,12,0,0,0,0
4226.88,3000.0,1.41,13,16,0,35,0,0,0,0
912.41,1500.0,0.61,13,8,0,11,0,0,0,0
1066.96,1500.0,0.71,11,6,0,7,0,0,0,0
6314.74,6000.0,1.05,9,9,0,28,0,0,0,0
4466.42,4500.0,0.99,7,17,0,26,0,0,0,0
2134.01,2000.0,1.07,9,13,0,41,0,0,1,0
8879.07,12000.0,0.74,18,11,1,42,0,0,0,0
4479.54,3000.0,1.49,19,22,0,35,0,0,1,0
2746.73,1500.0,1.83,9,12,0,6,0,0,0,0
4721.79,4500.0,1.05,12,4,0,12,1,0,0,0
2824.32,3000.0,0.94,3,4,1,19,0,0,0,0
10374.04,12000.0,0.86,20,5,0,26,0,0,0,0
7615.87,8000.0,0.95,19,26,0,11,0,0,0,0
3510.1,2000.0,1.76,6,13,0,7,0,0,0,0
1917.69,1500.0,1.28,21,27,0,16,0,0,0,0
4783.68,4500.0,1.06,12,3,0,15,0,0,0,0
5959.12,4500.0,1.32,6,15,0,10,0,0,0,0
4728.87,4500.0,1.05,13,5,0,29,0,0,0,0
24907.24,12000.0,2.08,11,7,0,33,0,0,0,0
2802.22,2500.0,1.12,13,2,1,46,0,0,0,0
1930.81,1500.0,1.29,18,17,0,26,0,0,0,0
8428.28,6000.0,1.4,10,22,0,24,0,0,1,0
2086.12,4500.0,0.46,22,1,0,26,0,0,0,0
25406.29,12000.0,2.12,7,24,0,32,0,0,0,0
5819.32,6000.0,0.97,19,24,0,38,0,0,0,0
24334.39,6000.0,4.06,18,2,5,30,1,1,1,0
4719.11,4500.0,1.05,0,12,1,33,0,0,0,0
14291.65,12000.0,1.19,8,20,0,7,0,0,0,0
5171.33,6000.0,0.86,21,13,0,21,0,0,0,0
2977.64,3000.0,0.99,16,3,0,14,0,0,1,0
6943.39,8000.0,0.87,12,25,0,46,0,0,0,0
4943.52,6000.0,0.82,7,18,0,41,0,0,0,0
14914.12,12000.0,1.24,14,17,0,25,0,0,0,0
9456.38,6000.0,1.58,12,8,0,37,0,0,0,0
5520.23,8000.0,0.69,9,5,0,31,0,0,0,0
2545.65,2500.0,1.02,17,12,0,37,0,0,0,0
1807.53,2000.0,0.9,17,17,0,32,0,0,0,0
5510.54,4500.0,1.22,20,9,0,48,0,0,0,0
21024.29,6000.0,3.5,16,25,4,30,1,0,1,0
35785.54,2000.0,17.89,16,9,5,36,1,1,1,1
5666.7,4500.0,1.26,10,20,0,16,0,0,0,0
6962.13,8000.0,0.87,13,22,0,11,0,0,0,0
7127.89,2500.0,2.85,0,22,8,29,0,1,2,1
1965.65,3000.0,0.66,16,7,0,10,0,0,0,0
3455.89,3000.0,1.15,8,20,0,21,0,0,0,0
6092.14,4500.0,1.35,17,22,1,29,0,0,0,0
6547.21,4500.0,1.45,17,18,0,8,0,0,0,0
2123.31,2500.0,0.85,17,15,0,45,0,0,0,0
34672.73,6000.0,5.78,10,6,5,43,0,0,1,0
2858.64,2500.0,1.14,15,21,0,27,0,0,0,0
55378.27,12000.0,4.61,10,24,3,23,0,0,1,0
1998.14,2500.0,0.8,18,3,1,38,0,0,1,0
10592.83,2500.0,4.24,10,7,3,28,1,0,1,0
1266.31,1500.0,0.84,14,2,0,43,0,0,0,0
23336.47,12000.0,1.94,19,10,0,14,0,0,1,0
799.88,1500.0,0.53,14,3,0,44,0,0,0,0
5031.74,8000.0,0.63,16,15,0,25,0,0,0,0
10100.77,2000.0,5.05,17,19,3,6,1,0,0,0
1966.37,1500.0,1.31,11,18,1,29,0,0,0,0
1242.27,3000.0,0.41,19,10,0,43,0,0,0,0
7553.94,12000.0,0.63,15,10,0,50,0,0,0,0
13859.19,2500.0,5.54,18,16,3,43,0,1,0,0
2182.53,2500.0,0.87,16,27,0,6,0,0,1,0
13284.48,8000.0,1.66,11,23,0,9,0,0,1,0
4107.91,3000.0,1.37,8,1,0,26,0,0,0,0
7588.08,6000.0,1.26,10,6,0,37,0,1,0,0
5078.36,2000.0,2.54,17,22,6,48,1,1,1,1
6057.62,8000.0,0.76,13,19,0,33,0,0,0,0
2028.95,4500.0,0.45,16,9,0,31,0,0,0,0
8710.57,8000.0,1.09,8,23,0,29,0,0,0,0
7003.02,4500.0,1.56,19,22,0,34,0,0,0,0
3350.94,3000.0,1.12,18,27,0,45,0,0,0,0
1296.27,1500.0,0.86,11,21,0,37,0,0,0,0
953.48,1500.0,0.64,16,3,0,48,0,0,0,0
1785.18,2500.0,0.71,20,19,0,15,0,0,0,0
8733.8,12000.0,0.73,15,18,0,36,0,0,0,0
17682.13,3000.0,5.89,13,2,4,21,0,0,0,0
4277.77,6000.0,0.71,18,8,0,22,0,0,0,0
21818.46,4500.0,4.85,12,8,4,46,0,0,0,0
19660.96,4500.0,4.37,14,6,5,48,1,0,2,0
16363.55,4500.0,3.64,14,5,5,23,1,0,1,0
4018.88,2000.0,2.01,10,3,0,46,0,0,0,0
9379.28,8000.0,1.17,10,2,0,49,0,0,0,0
3328.93,3000.0,1.11,3,7,0,42,0,0,0,0
2307.25,1500.0,1.54,5,6,0,17,0,0,0,0
5620.77,4500.0,1.25,10,14,0,22,0,0,0,0
6991.87,6000.0,1.17,14,13,0,36,0,0,1,0
5889.62,6000.0,0.98,18,25,0,33,0,0,0,0
10982.03,12000.0,0.92,19,20,0,28,0,0,0,0
8360.06,12000.0,0.7,13,4,0,10,0,0,0,0
1858.23,2000.0,0.93,7,6,0,18,0,0,1,0
11710.85,6000.0,1.95,15,1,0,7,1,0,0,0
5890.41,4500.0,1.31,10,1,0,50,0,0,0,0
1570.49,2000.0,0.79,19,2,0,14,1,0,0,0
3055.7,6000.0,0.51,11,3,2,5,0,0,0,0
1290.39,1500.0,0.86,14,28,0,48,0,0,0,0
7809.02,6000.0,1.3,13,7,0,37,1,0,0,0
2487.79,4500.0,0.55,15,19,0,27,0,0,0,0
9451.79,6000.0,1.58,9,28,0,14,0,0,0,0
1909.5,2500.0,0.76,12,8,0,30,0,0,0,0
2872.9,2000.0,1.44,17,14,0,36,0,0,0,0
2952.28,3000.0,0.98,12,18,0,15,0,0,2,0
7971.88,8000.0,1.0,7,21,1,37,0,0,0,0
7727.23,1500.0,5.15,13,2,4,24,1,0,1,0
9733.72,4500.0,2.16,17,26,0,7,0,0,0,0
3892.6,4500.0,0.87,7,8,0,9,0,0,1,0
1308.24,3000.0,0.44,10,27,0,25,0,0,0,0
27414.69,3000.0,9.14,3,1,5,5,1,1,2,1
13086.93,12000.0,1.09,10,11,0,21,0,0,0,0
3424.45,4500.0,0.76,18,15,0,40,0,0,0,0
6930.57,6000.0,1.16,19,28,0,8,0,0,1,0
2168.42,3000.0,0.72,15,4,0,14,0,0,1,0
4982.35,4500.0,1.11,12,22,1,28,0,0,0,0
4406.43,6000.0,0.73,18,24,0,47,0,0,0,0
39548.73,1500.0,26.37,8,7,3,10,1,1,2,1
17574.99,12000.0,1.46,12,14,0,29,0,0,0,0
18140.62,8000.0,2.27,20,20,0,30,0,0,1,0
4208.34,4500.0,0.94,5,25,0,43,0,0,1,0
2812.18,1500.0,1.87,0,23,1,39,0,0,0,0
6304.63,6000.0,1.05,8,13,0,32,0,0,0,0
10867.14,12000.0,0.91,13,19,1,17,0,0,0,0
13754.44,12000.0,1.15,11,25,1,7,0,0,0,0
15847.14,12000.0,1.32,11,14,2,50,0,0,1,0
2007.8,1500.0,1.34,19,11,0,10,0,0,0,0
6943.53,6000.0,1.16,17,9,0,42,0,0,0,0
10171.43,6000.0,1.7,16,10,0,15,0,0,0,0
5613.93,12000.0,0.47,9,21,1,34,0,0,1,0
5754.27,2500.0,2.3,11,26,0,32,0,0,0,0
2620.45,3000.0,0.87,9,6,2,49,0,0,0,0
5188.07,8000.0,0.65,10,23,1,31,0,0,0,0
9344.23,6000.0,1.56,8,21,0,20,0,0,0,0
2243.8,2500.0,0.9,19,22,0,25,0,0,0,0
2014.82,1500.0,1.34,21,24,0,41,0,0,0,0
5626.63,2500.0,2.25,12,5,0,14,0,0,1,0
6699.01,4500.0,1.49,12,7,0,47,0,0,0,0
1422.43,1500.0,0.95,9,8,0,32,0,0,1,0
16537.9,12000.0,1.38,8,12,0,38,0,0,0,0
9750.7,2000.0,4.88,18,4,5,6,1,0,0,0
2957.6,1500.0,1.97,13,11,0,12,0,0,0,0
6476.33,6000.0,1.08,18,15,0,30,1,0,0,0
1533.62,2500.0,0.61,16,19,0,47,0,0,0,0
730.46,1500.0,0.49,15,4,0,5,0,0,0,0
3749.59,3000.0,1.25,16,8,0,6,0,0,0,0
8996.83,12000.0,0.75,21,21,0,45,0,0,0,0
5151.07,3000.0,1.72,17,14,0,36,0,0,0,0
11823.15,8000.0,1.48,16,21,0,16,0,0,0,0
10128.42,2500.0,4.05,6,15,5,11,1,0,1,0
5255.94,8000.0,0.66,12,15,0,16,0,1,0,0
51015.57,12000.0,4.25,16,7,3,38,1,1,1,0
15001.54,12000.0,1.25,18,1,0,49,0,0,0,0
1420.86,2000.0,0.71,21,8,0,46,0,0,0,0
1163.92,1500.0,0.78,21,24,0,46,0,0,0,0
1940.13,2500.0,0.78,8,13,1,27,0,0,0,0
12072.63,3000.0,4.02,18,3,5,27,1,1,1,0
2235.59,2000.0,1.12,15,28,0,44,0,0,1,0
9918.36,8000.0,1.24,17,25,0,30,0,0,0,0
11275.36,8000.0,1.41,12,4,0,12,0,0,0,0
3547.15,2500.0,1.42,17,25,0,21,0,0,1,0
2771.46,2500.0,1.11,10,13,0,49,0,0,0,0
6396.7,4500.0,1.42,17,2,0,34,0,0,0,0
2829.83,6000.0,0.47,12,28,0,50,0,0,1,0
13037.88,4000.0,3.26,8,16,11,9,1,1,2,1
3715.58,2000.0,1.86,9,23,0,17,0,0,0,0
6184.44,12000.0,0.52,17,21,0,19,0,0,1,0
8677.82,8000.0,1.08,13,1,0,36,0,0,0,0
24025.57,12000.0,2.0,19,6,2,40,0,0,0,0
2225.74,2000.0,1.11,19,14,0,26,0,0,1,0
9894.74,8000.0,1.24,7,1,0,40,0,0,0,0
3657.48,4500.0,0.81,14,9,0,9,0,0,1,0
42482.16,8000.0,5.31,18,27,4,39,1,1,0,0
1145.38,2000.0,0.57,17,24,0,19,0,0,0,0
1091.72,1500.0,0.73,15,5,0,50,0,0,0,0
1851.32,4500.0,0.41,19,12,1,29,0,0,0,0
12798.42,6000.0,2.13,15,5,0,35,0,0,0,0
3233.48,3000.0,1.08,18,26,0,48,0,0,0,0
1090.28,1500.0,0.73,8,17,0,41,0,0,0,0
1496.71,2000.0,0.75,11,23,0,36,0,0,0,0
2367.69,2000.0,1.18,8,16,1,48,0,0,0,0
2447.14,4500.0,0.54,17,4,1,42,0,0,0,0
3547.91,2500.0,1.42,16,16,0,42,0,0,0,0
42000.55,8000.0,5.25,15,1,4,44,0,1,1,0
8690.55,1500.0,5.79,9,23,5,35,1,1,1,0
1735.52,2500.0,0.69,10,27,0,47,0,0,0,0
5184.45,6000.0,0.86,16,12,0,38,0,0,0,0
1739.72,3000.0,0.58,17,6,0,21,0,0,0,0
4327.69,2500.0,1.73,17,5,0,42,0,0,0,0
11780.37,2000.0,5.89,12,20,4,41,1,1,1,0
9810.26,8000.0,1.23,19,13,1,27,0,0,1,0
25366.92,12000.0,2.11,19,7,0,33,0,0,0,0
4754.76,2500.0,1.9,13,17,0,43,0,0,0,0
3703.09,4500.0,0.82,19,1,0,5,0,0,0,0
8955.86,12000.0,0.75,9,7,0,47,0,0,0,0
2360.79,2000.0,1.18,12,18,0,32,0,0,0,0
1463.41,1500.0,0.98,15,11,0,6,0,0,0,0
5588.52,4500.0,1.24,15,10,0,46,0,0,0,0
6214.89,4500.0,1.38,17,20,0,25,0,0,0,0
3011.83,2500.0,1.2,8,25,0,34,0,0,0,0
2806.4,2500.0,1.12,13,26,1,26,0,0,0,0
104826.74,3000.0,34.94,1,7,4,12,1,1,2,1
3403.56,4500.0,0.76,13,25,0,17,0,0,0,0
2776.69,6000.0,0.46,16,6,0,23,0,0,0,0
39306.53,2000.0,19.65,22,13,3,17,1,1,2,1
106446.72,4000.0,26.61,4,18,3,12,1,1,2,1
12586.77,6000.0,2.1,11,7,0,26,0,0,0,0
3406.73,3000.0,1.14,20,15,0,14,0,0,0,0
1726.99,1500.0,1.15,12,17,0,37,0,0,0,0
1829.85,2000.0,0.91,9,27,0,19,0,0,1,0
3929.13,4500.0,0.87,7,7,1,33,0,0,0,0
13515.06,2500.0,5.41,17,22,5,45,1,0,1,0
2125.77,2500.0,0.85,13,17,1,13,0,0,1,0
28586.53,8000.0,3.57,11,23,3,23,1,0,1,0
1471.12,2000.0,0.74,6,9,0,43,0,0,0,0
2857.39,1500.0,1.9,8,25,0,40,0,0,0,0
2375.23,2000.0,1.19,15,25,0,24,0,0,0,0
3559.47,3000.0,1.19,10,20,0,40,0,0,0,0
1343.57,3000.0,0.45,10,19,0,11,0,0,0,0
5359.98,4500.0,1.19,17,5,0,50,0,0,0,0
1505.5,1500.0,1.0,13,13,0,14,0,0,0,0
14890.15,2500.0,5.96,6,3,4,38,0,0,1,0
5377.17,8000.0,0.67,15,3,0,19,0,0,2,0
2854.71,3000.0,0.95,5,8,0,43,0,0,0,0
4830.16,4500.0,1.07,17,10,0,5,0,0,0,0
1904.27,1500.0,1.27,11,26,0,12,0,0,0,0
9656.69,6000.0,1.61,15,3,0,21,0,0,0,0
11755.34,3000.0,3.92,16,28,3,43,1,0,1,0
16467.31,3000.0,5.49,14,17,11,42,0,1,1,1
56676.71,4000.0,14.17,2,27,6,39,1,1,2,1
5262.74,4500.0,1.17,18,18,0,27,0,0,0,0
19996.74,12000.0,1.67,14,16,0,17,0,0,0,0
3345.96,2500.0,1.34,10,17,0,35,0,0,0,0
4812.5,3000.0,1.6,11,13,0,9,0,0,1,0
39083.34,3000.0,13.03,2,16,5,34,1,1,1,1
3144.88,1500.0,2.1,11,7,0,18,0,0,0,0
2489.35,2500.0,1.0,18,27,0,38,0,0,0,0
1762.23,2000.0,0.88,12,26,0,45,0,0,0,0
3465.74,3000.0,1.16,14,5,1,41,0,0,0,0
5017.63,2500.0,2.01,9,23,0,15,0,0,0,0
2053.85,3000.0,0.68,9,7,0,38,1,0,0,0
1159.63,1500.0,0.77,18,6,0,41,0,0,0,0
4844.67,8000.0,0.61,17,9,0,30,0,0,0,0
6789.96,3000.0,2.26,18,11,0,18,0,0,0,0
6575.96,1500.0,4.38,9,9,3,49,0,0,2,0
1721.36,2000.0,0.86,17,27,1,44,0,0,0,0
5457.33,6000.0,0.91,9,15,0,31,0,0,0,0
4665.82,6000.0,0.78,14,2,0,13,0,0,0,0
23401.23,2000.0,11.7,1,8,4,18,1,1,1,1
4568.01,4500.0,1.02,12,26,0,47,0,0,0,0
1988.02,1500.0,1.33,17,22,0,41,0,0,0,0
4218.1,4500.0,0.94,20,10,0,14,0,0,0,0
6724.97,8000.0,0.84,12,4,0,12,0,0,0,0
11622.9,3000.0,3.87,18,9,4,30,1,0,0,0
3499.19,2500.0,1.4,21,5,0,29,0,0,0,0
3561.99,3000.0,1.19,9,16,1,22,0,0,0,0
4986.29,4500.0,1.11,15,14,0,29,0,0,0,0
10959.52,8000.0,1.37,14,13,0,5,0,0,0,0
11795.94,8000.0,1.47,19,13,0,49,0,0,0,0
2014.59,1500.0,1.34,12,24,1,26,0,0,1,0
11693.55,12000.0,0.97,7,7,1,49,0,0,1,0
7340.46,12000.0,0.61,9,23,0,26,0,0,0,0
1564.84,2000.0,0.78,13,1,2,50,0,0,0,0
90465.55,4000.0,22.62,3,15,7,8,1,1,1,1
2802.08,1500.0,1.87,11,6,1,17,0,0,0,0
8751.87,6000.0,1.46,8,22,0,48,0,0,0,0
1088.4,2500.0,0.44,13,25,0,44,0,0,0,0
10627.88,12000.0,0.89,19,15,0,50,0,0,0,0
1277.27,1500.0,0.85,15,6,1,27,0,0,0,0
992.64,1500.0,0.66,14,14,1,45,0,0,1,0
2423.97,3000.0,0.81,19,21,0,6,0,0,0,0
1965.19,1500.0,1.31,15,25,0,10,0,0,0,0
4230.6,6000.0,0.71,8,2,0,8,0,0,0,0
2038.01,2500.0,0.82,17,26,0,50,0,0,0,0
7898.85,6000.0,1.32,15,17,0,14,0,0,0,0
4595.96,6000.0,0.77,18,28,0,37,0,0,0,0
3739.62,4500.0,0.83,12,18,0,46,0,0,0,0
7807.41,8000.0,0.98,11,5,0,17,0,0,0,0
6272.97,6000.0,1.05,15,13,0,43,0,0,0,0
2264.7,3000.0,0.75,14,28,0,34,0,0,1,0
13809.79,1500.0,9.21,23,5,8,18,1,1,2,1
9934.07,12000.0,0.83,9,19,0,50,0,0,0,0
8770.56,4500.0,1.95,12,21,0,20,0,0,0,0
17741.48,3000.0,5.91,15,13,5,9,1,0,1,1
50643.9,12000.0,4.22,8,1,3,23,1,1,1,0
11562.96,2000.0,5.78,18,27,5,19,0,1,1,0
1186.56,1500.0,0.79,13,11,0,33,0,0,0,0
1515.42,2500.0,0.61,13,3,0,30,0,0,0,0
2901.69,4500.0,0.64,12,28,0,49,0,0,0,0
8990.79,6000.0,1.5,18,23,1,32,0,0,1,0
11949.59,6000.0,1.99,13,16,0,12,0,0,0,0
2959.78,4500.0,0.66,7,16,1,7,0,0,0,0
864.36,2000.0,0.43,19,3,1,7,0,0,0,0
4886.39,6000.0,0.81,22,11,0,10,0,0,0,0
10613.74,8000.0,1.33,15,14,0,50,0,0,1,0
32751.19,2500.0,13.1,1,6,5,9,1,1,2,1
10831.22,8000.0,1.35,0,9,1,35,0,0,0,0
2950.83,3000.0,0.98,8,23,1,48,0,0,0,0
17423.59,3000.0,5.81,10,18,4,19,1,0,2,0
1583.74,2000.0,0.79,11,12,0,40,0,0,0,0
2020.91,1500.0,1.35,9,5,2,9,0,0,0,0
3470.13,3000.0,1.16,8,7,0,24,0,0,0,0
3393.52,2500.0,1.36,18,17,0,43,0,0,0,0
9092.9,8000.0,1.14,13,25,0,29,0,0,0,0
5570.09,4500.0,1.24,12,11,0,21,0,0,0,0
3760.9,3000.0,1.25,18,6,0,25,0,0,0,0
6139.23,6000.0,1.02,12,18,0,5,0,0,0,0
32219.3,6000.0,5.37,9,10,4,29,1,0,2,0
1220.88,1500.0,0.81,8,11,2,23,0,0,0,0
6924.05,4500.0,1.54,12,14,0,5,0,0,0,0
4528.84,6000.0,0.75,9,9,0,16,0,0,1,0
12497.54,6000.0,2.08,21,16,0,44,0,0,0,0
3364.67,4500.0,0.75,8,18,0,35,0,0,1,0
42307.37,12000.0,3.53,10,13,5,12,0,0,1,0
1903.6,2000.0,0.95,18,13,0,43,0,0,0,0
2650.68,2500.0,1.06,12,3,0,12,0,0,0,0
17076.79,3000.0,5.69,12,4,5,42,1,1,1,0
9824.09,12000.0,0.82,21,1,0,33,0,0,0,0
3561.24,3000.0,1.19,4,19,0,16,0,0,0,0
3304.58,2500.0,1.32,19,22,1,34,0,0,0,0
2054.99,4500.0,0.46,8,16,0,38,0,0,0,0
5161.2,4500.0,1.15,13,8,0,27,0,0,0,0
11736.31,12000.0,0.98,12,23,0,40,0,0,0,0
16022.33,12000.0,1.34,18,2,0,47,0,0,0,0
2731.01,4500.0,0.61,17,25,0,27,0,0,0,0
4980.8,4500.0,1.11,10,7,0,33,0,0,1,0
6662.93,12000.0,0.56,15,19,0,47,0,0,0,0
1112.8,1500.0,0.74,20,18,0,6,0,0,0,0
3754.39,3000.0,1.25,12,22,1,18,0,0,1,0
1553.44,1500.0,1.04,10,12,0,20,0,0,0,0
4892.09,4500.0,1.09,19,6,0,49,0,0,0,0
1081.74,2000.0,0.54,7,27,0,5,0,0,0,0
2117.04,3000.0,0.71,18,16,0,11,0,0,1,0
6683.66,8000.0,0.84,10,23,0,38,0,0,0,0
4841.66,4500.0,1.08,12,7,0,21,0,0,0,0
1979.42,2000.0,0.99,15,4,0,16,0,0,0,0
13387.51,3000.0,4.46,10,20,3,24,1,0,1,0
1218.63,1500.0,0.81,15,14,0,17,0,0,0,0
6020.26,2500.0,2.41,20,15,0,36,0,0,0,0
957.51,2000.0,0.48,18,7,0,30,0,0,1,0
3763.17,3000.0,1.25,12,15,0,10,1,0,0,0
5013.2,6000.0,0.84,11,21,0,7,0,0,0,0
92280.57,4000.0,23.07,23,18,8,12,1,1,1,1
1679.07,2000.0,0.84,19,24,0,7,0,0,0,0
3426.04,6000.0,0.57,11,16,0,43,0,0,0,0
5671.72,6000.0,0.95,10,3,1,24,0,0,0,0
50262.8,12000.0,4.19,7,20,4,13,1,0,2,0
4793.39,8000.0,0.6,9,12,0,20,0,0,1,0
1358.16,2000.0,0.68,12,25,0,9,0,0,0,0
1682.99,2500.0,0.67,16,19,0,14,0,0,0,0
2703.91,2500.0,1.08,22,5,0,36,0,0,1,0
29484.4,4000.0,7.37,1,26,5,31,1,1,2,1
2192.23,3000.0,0.73,18,11,0,6,0,0,0,0
6358.63,1500.0,4.24,9,14,4,28,0,0,1,0
4533.86,6000.0,0.76,14,1,0,30,0,0,0,0
1693.56,2500.0,0.68,17,16,0,29,0,0,0,0
33801.15,2500.0,13.52,7,5,3,22,1,1,2,1
21097.86,6000.0,3.52,11,7,5,33,1,0,1,0
12182.11,6000.0,2.03,10,1,0,33,0,0,0,0
10030.35,12000.0,0.84,19,13,0,33,0,0,0,0
2634.39,3000.0,0.88,12,2,0,11,0,0,1,0
1319.35,2000.0,0.66,21,21,0,48,0,0,0,0
1095.06,1500.0,0.73,18,21,0,41,0,0,0,0
4922.95,2500.0,1.97,10,23,0,44,0,0,0,0
10183.19,12000.0,0.85,15,17,0,35,0,0,0,0
2866.79,4500.0,0.64,13,1,1,26,0,0,0,0
9318.59,4500.0,2.07,17,28,0,32,0,0,0,0
21049.92,4000.0,5.26,14,8,5,21,1,0,1,1
2010.22,1500.0,1.34,10,12,0,32,0,0,0,0
2150.99,1500.0,1.43,2,28,0,41,0,0,0,0
1303.28,2000.0,0.65,17,21,0,45,0,0,0,0
3198.76,6000.0,0.53,19,18,0,32,0,0,0,0
6122.52,6000.0,1.02,13,12,0,16,0,0,1,0
5266.99,4500.0,1.17,14,12,0,5,0,0,0,0
6795.46,6000.0,1.13,14,14,0,32,0,0,1,0
2255.51,2500.0,0.9,16,1,0,48,0,0,1,0
63382.01,2500.0,25.35,1,18,3,7,1,1,2,1
5860.37,4500.0,1.3,15,28,1,16,0,0,0,0
2709.8,2500.0,1.08,9,16,0,10,0,0,1,0
11206.95,8000.0,1.4,8,20,0,19,0,0,0,0
5117.17,6000.0,0.85,16,12,0,10,0,0,0,0
1482.01,2000.0,0.74,14,7,0,18,0,0,0,0
15968.16,12000.0,1.33,14,8,0,14,0,0,0,0
12405.16,12000.0,1.03,9,1,0,26,0,0,0,0
11734.85,2500.0,4.69,13,22,4,50,1,0,0,0
2437.13,2500.0,0.97,10,12,0,44,0,0,0,0
2007.51,1500.0,1.34,18,21,0,47,0,0,0,0
19328.57,2500.0,7.73,22,20,4,10,1,1,2,1
3878.25,3000.0,1.29,9,4,1,33,0,0,0,0
1531.16,2000.0,0.77,8,22,0,10,1,0,0,0
7220.14,4500.0,1.6,22,14,0,10,0,0,0,0
1655.39,2000.0,0.83,17,5,1,23,0,0,0,0
10314.45,12000.0,0.86,17,19,0,24,0,0,0,0
5572.31,3000.0,1.86,19,4,0,19,0,0,0,0
2916.14,8000.0,0.36,10,28,0,41,0,0,0,0
6746.52,12000.0,0.56,12,13,0,30,0,0,0,0
42557.07,8000.0,5.32,12,24,4,31,1,1,1,0
4521.67,8000.0,0.57,9,1,0,20,0,0,1,0
7487.23,8000.0,0.94,8,1,0,34,0,0,0,0
9016.32,6000.0,1.5,22,11,0,30,0,0,0,0
17823.69,12000.0,1.49,23,24,0,48,0,0,1,0
1203.19,2000.0,0.6,10,7,0,22,0,0,0,0
2947.1,2000.0,1.47,10,27,0,18,0,0,0,0
32946.48,8000.0,4.12,15,20,4,7,0,0,1,0
1659.86,2500.0,0.66,17,21,0,22,0,0,0,0
4251.16,3000.0,1.42,9,19,0,32,0,0,0,0
1679.38,2000.0,0.84,14,21,0,38,0,0,2,0
10683.68,6000.0,1.78,13,28,1,28,0,0,1,0
2068.85,2500.0,0.83,15,6,0,12,0,0,0,0
3132.93,3000.0,1.04,7,19,0,11,0,0,0,0
2245.49,1500.0,1.5,12,25,1,20,0,0,0,0
21853.45,4500.0,4.86,11,11,5,22,1,1,1,0
8602.42,6000.0,1.43,15,7,1,16,0,1,0,0
2119.6,2000.0,1.06,9,11,0,9,0,0,0,0
2116.12,3000.0,0.71,21,27,0,23,0,0,0,0
3937.75,4500.0,0.88,12,22,1,17,0,0,0,0
12174.47,3000.0,4.06,14,3,3,35,0,0,1,0
2425.52,3000.0,0.81,17,15,0,49,0,0,0,0
32772.46,8000.0,4.1,6,4,3,41,1,0,2,0
1628.41,2000.0,0.81,12,27,0,11,0,0,0,0
2323.34,2000.0,1.16,9,4,0,39,0,1,0,0
1900.36,4500.0,0.42,11,21,0,9,0,0,0,0
5334.08,4500.0,1.19,9,14,0,16,0,0,0,0
4199.62,3000.0,1.4,12,4,0,18,0,0,0,0
3036.04,6000.0,0.51,15,25,0,47,0,0,0,0
6265.88,4500.0,1.39,10,5,0,36,0,0,0,0
3093.5,2500.0,1.24,12,26,0,9,0,0,0,0
3569.67,2000.0,1.78,19,19,2,13,0,0,0,0
3328.61,3000.0,1.11,10,23,0,39,0,0,1,0
4952.19,6000.0,0.83,9,5,0,34,0,0,0,0
3221.18,3000.0,1.07,11,22,1,15,0,1,0,0
8433.28,8000.0,1.05,17,20,0,23,0,0,0,0
7817.51,12000.0,0.65,16,26,0,28,0,0,0,0
12398.16,12000.0,1.03,7,2,0,10,0,0,0,0
3836.36,2500.0,1.53,18,10,0,14,0,0,0,0
2784.27,2500.0,1.11,19,23,0,21,0,0,0,0
9429.95,2000.0,4.71,18,25,3,39,1,1,0,0
11893.23,8000.0,1.49,18,24,0,23,0,0,0,0
5459.33,4500.0,1.21,11,7,1,11,0,0,0,0
3561.8,2500.0,1.42,18,12,0,16,0,0,0,0
9287.6,12000.0,0.77,18,21,0,44,0,0,0,0
3831.48,2500.0,1.53,6,17,0,34,0,0,0,0
9133.97,2500.0,3.65,21,3,3,27,1,0,1,0
7784.49,3000.0,2.59,7,17,12,16,1,1,2,1
6510.86,12000.0,0.54,15,5,1,10,0,0,0,0
5737.84,6000.0,0.96,11,27,0,13,0,0,0,0
7987.09,1500.0,5.32,11,3,4,40,0,0,1,0
5013.38,6000.0,0.84,13,14,0,38,0,0,0,0
3770.08,6000.0,0.63,12,10,0,31,0,0,0,0
20026.16,4500.0,4.45,12,18,4,6,0,0,1,0
7558.24,8000.0,0.94,16,17,0,26,0,0,0,0
4557.23,4500.0,1.01,13,6,0,37,0,0,0,0
4029.94,4500.0,0.9,17,2,0,35,0,0,0,0
1044.15,1500.0,0.7,11,22,0,11,0,0,0,0
7931.75,2000.0,3.97,22,7,3,47,1,0,1,0
6866.07,8000.0,0.86,14,28,0,44,0,0,0,0
3905.58,8000.0,0.49,11,15,0,29,0,0,0,0
2567.7,2000.0,1.28,16,19,0,46,1,0,1,0
6554.17,6000.0,1.09,8,15,1,34,0,0,0,0
6641.36,8000.0,0.83,20,10,0,26,0,0,1,0
26044.53,12000.0,2.17,16,28,0,50,0,0,0,0
15248.87,12000.0,1.27,18,10,0,43,0,0,0,0
10101.36,6000.0,1.68,17,19,0,35,0,0,0,0
1610.94,2000.0,0.81,15,15,0,40,0,0,0,0
11016.53,8000.0,1.38,12,12,0,14,0,0,0,0
5925.14,8000.0,0.74,12,27,0,41,0,0,0,0
6608.55,8000.0,0.83,18,9,0,13,0,0,0,0
1710.76,2500.0,0.68,2,1,0,49,0,0,0,0
1013.45,1500.0,0.68,9,10,0,13,0,0,0,0
4241.44,2000.0,2.12,16,9,0,44,0,0,0,0
7478.74,12000.0,0.62,20,11,1,49,0,0,0,0
1944.88,1500.0,1.3,23,19,0,36,0,0,1,0
661.73,1500.0,0.44,14,23,0,17,0,0,0,0
2342.92,2500.0,0.94,11,11,0,43,0,0,0,0
68467.78,12000.0,5.71,7,11,5,37,0,0,1,0
5111.33,4500.0,1.14,20,10,0,36,0,0,1,0
12310.63,8000.0,1.54,21,11,0,45,0,0,0,0
3563.53,4500.0,0.79,8,24,1,40,0,0,0,0
45124.29,8000.0,5.64,14,9,5,9,1,0,1,0
8380.96,8000.0,1.05,19,1,0,44,0,0,0,0
2469.84,2000.0,1.23,9,5,0,9,0,0,0,0
136989.36,4000.0,34.25,4,4,5,27,1,1,2,1
6502.23,4500.0,1.44,11,17,0,33,0,0,0,0
6167.15,6000.0,1.03,17,23,0,13,1,0,0,0
12336.63,6000.0,2.06,17,25,1,32,0,0,0,0
6441.74,6000.0,1.07,9,5,0,22,0,0,0,0
2332.32,1500.0,1.55,9,19,0,45,0,0,0,0
2426.27,2500.0,0.97,5,5,0,45,0,0,0,0
29324.45,8000.0,3.67,11,2,5,44,0,1,0,0
9991.55,12000.0,0.83,9,10,0,23,0,0,0,0
2703.66,4500.0,0.6,16,5,0,49,0,0,0,0
8108.55,6000.0,1.35,8,19,0,36,0,0,0,0
1592.86,4500.0,0.35,7,4,1,50,0,0,0,0
903.24,1500.0,0.6,21,24,1,20,0,0,0,0
23501.21,4500.0,5.22,15,6,5,47,0,0,0,0
5552.08,1500.0,3.7,20,12,4,39,1,0,1,0
3158.08,3000.0,1.05,11,2,0,5,1,0,0,0
57352.34,12000.0,4.78,19,7,3,28,1,0,1,0
5455.17,4500.0,1.21,18,1,0,41,0,0,0,0
23975.04,4500.0,5.33,7,24,4,7,1,1,1,0
19957.18,12000.0,1.66,10,5,0,12,0,0,0,0
5284.56,8000.0,0.66,14,27,0,42,0,0,0,0
6280.66,8000.0,0.79,14,10,0,36,0,0,0,0
1467.84,1500.0,0.98,17,21,0,9,0,0,0,0
13146.78,2500.0,5.26,11,27,4,8,1,1,1,0
10614.26,8000.0,1.33,22,17,0,34,0,0,0,0
4862.04,8000.0,0.61,10,16,0,9,0,0,0,0
4214.83,8000.0,0.53,18,23,0,28,0,0,0,0
1335.76,2000.0,0.67,13,19,0,40,0,0,0,0
2741.86,2000.0,1.37,8,28,0,35,0,0,0,0
2224.76,2500.0,0.89,9,13,0,22,0,0,0,0
1627.53,2500.0,0.65,20,18,0,25,0,0,0,0
3358.52,3000.0,1.12,21,5,1,29,0,0,0,0
9658.43,12000.0,0.8,11,5,0,13,0,0,0,0
1973.79,2500.0,0.79,7,3,1,12,0,0,0,0
9219.44,12000.0,0.77,18,22,0,7,0,0,1,0
40398.34,2500.0,16.16,23,23,9,40,1,1,1,1
4004.15,4500.0,0.89,18,21,0,32,0,0,1,0
1369.4,1500.0,0.91,15,20,0,29,0,0,0,0
4276.25,4500.0,0.95,5,4,0,42,0,0,0,0
1178.27,2000.0,0.59,18,13,0,11,0,0,2,0
3598.56,6000.0,0.6,16,23,0,48,0,0,0,0
3553.43,6000.0,0.59,16,9,0,46,0,0,1,0
3596.06,2000.0,1.8,19,10,0,22,0,0,0,0
19163.04,12000.0,1.6,6,23,0,49,0,0,0,0
9886.91,12000.0,0.82,13,10,0,15,0,0,0,0
12435.44,3000.0,4.15,10,9,5,12,0,0,1,0
5551.67,3000.0,1.85,14,2,0,6,0,0,0,0
1678.54,2000.0,0.84,11,9,1,48,0,0,0,0
4041.37,4500.0,0.9,13,25,0,36,0,0,1,0
2788.12,4500.0,0.62,14,13,0,23,0,0,0,0
4745.06,4500.0,1.05,12,2,0,33,0,0,1,0
13152.3,8000.0,1.64,9,5,0,9,0,0,0,0
5476.18,6000.0,0.91,10,20,2,49,0,0,0,0
6521.46,8000.0,0.82,18,21,0,15,0,0,0,0
22850.56,4500.0,5.08,17,8,4,10,0,0,1,0
7202.06,4500.0,1.6,17,14,0,37,0,0,0,0
11059.97,8000.0,1.38,17,9,0,32,0,0,0,0
4519.71,2500.0,1.81,13,26,2,20,0,0,0,0
2290.35,1500.0,1.53,10,17,1,18,0,0,0,0
1351.68,1500.0,0.9,12,18,0,32,0,0,0,0
13437.35,12000.0,1.12,18,21,0,18,0,0,0,0
62027.71,2500.0,24.81,0,20,7,16,1,1,2,1
9753.99,8000.0,1.22,11,17,0,29,0,0,0,0
4218.72,2000.0,2.11,18,18,0,28,0,0,0,0
9446.08,12000.0,0.79,12,1,0,10,0,0,0,0
13300.34,12000.0,1.11,15,15,0,38,0,0,0,0
4169.29,3000.0,1.39,7,2,0,48,0,0,0,0
46011.6,8000.0,5.75,10,21,4,27,0,0,2,0
1514.91,2000.0,0.76,20,18,0,32,0,0,0,0
4346.41,6000.0,0.72,18,18,0,44,0,0,0,0
2071.13,2500.0,0.83,11,24,0,30,0,0,0,0
2221.09,4500.0,0.49,14,11,0,36,0,0,0,0
3001.97,1500.0,2.0,19,27,1,40,0,0,0,0
1967.42,2000.0,0.98,19,21,0,24,0,0,0,0
6184.26,1500.0,4.12,15,22,3,16,1,1,1,0
3201.48,6000.0,0.53,2,11,1,15,0,0,0,0
6181.23,8000.0,0.77,15,16,0,9,0,0,0,0
3021.14,2500.0,1.21,15,16,0,22,0,0,0,0
1762.75,2000.0,0.88,1,18,0,44,0,0,0,0
1647.38,2000.0,0.82,15,8,0,33,0,0,0,0
1804.46,3000.0,0.6,12,11,0,12,0,0,0,0
14298.06,2500.0,5.72,15,16,4,28,1,0,2,1
7077.52,1500.0,4.72,14,28,4,8,1,1,1,1
6406.07,3000.0,2.14,17,7,0,49,0,0,0,0
7405.12,1500.0,4.94,13,27,5,14,1,0,1,0
16668.6,12000.0,1.39,5,28,0,36,0,0,0,0
5746.85,2500.0,2.3,10,16,0,32,0,0,0,0
6305.79,8000.0,0.79,19,2,0,48,0,0,0,0
14334.44,8000.0,1.79,15,18,0,15,0,0,0,0
13475.83,12000.0,1.12,12,4,0,5,0,0,0,0
1346.14,2000.0,0.67,16,25,1,23,0,0,0,0
12563.11,8000.0,1.57,14,24,1,46,0,0,0,0
2016.72,2000.0,1.01,8,4,0,40,0,0,0,0
1639.66,2500.0,0.66,16,7,0,50,0,0,0,0
7091.71,4500.0,1.58,17,22,0,49,0,0,0,0
2078.01,2000.0,1.04,12,20,0,6,0,0,0,0
1357.85,1500.0,0.91,14,20,0,22,0,0,0,0
8605.09,8000.0,1.08,8,2,0,19,0,0,0,0
1887.68,2000.0,0.94,14,28,1,39,0,0,0,0
1504.0,3000.0,0.5,13,16,0,24,0,0,0,0
2160.24,2500.0,0.86,19,17,0,38,0,0,0,0
5133.86,4500.0,1.14,7,12,0,30,0,0,0,0
5566.9,8000.0,0.7,18,12,0,49,0,0,0,0
7327.12,12000.0,0.61,19,2,0,49,0,0,0,0
1277.3,3000.0,0.43,16,14,0,33,0,0,0,0
2037.15,3000.0,0.68,23,17,0,42,0,0,0,0
17495.45,12000.0,1.46,17,5,0,35,0,0,0,0
4004.98,3000.0,1.33,18,10,0,18,0,0,0,0
8846.63,1500.0,5.9,9,25,3,32,0,1,1,0
2790.0,2000.0,1.39,11,9,0,22,1,0,0,0
6798.96,6000.0,1.13,19,23,1,18,0,0,1,0
22245.03,4500.0,4.94,20,23,4,48,1,0,2,0
8379.43,12000.0,0.7,21,6,0,49,0,0,0,0
1472.6,1500.0,0.98,20,19,0,29,0,0,0,0
7068.67,8000.0,0.88,15,28,1,35,0,0,0,0
11204.01,12000.0,0.93,8,25,0,11,0,0,0,0
5018.5,6000.0,0.84,9,28,0,20,0,0,0,0
13866.85,12000.0,1.16,20,5,0,47,0,0,0,0
868.61,1500.0,0.58,19,23,0,24,0,0,0,0
12368.92,2500.0,4.95,18,17,3,35,0,0,1,0
5177.06,6000.0,0.86,8,13,0,12,0,0,1,0
26914.88,2000.0,13.46,22,21,4,24,1,1,2,1
1408.21,1500.0,0.94,3,21,0,33,0,0,0,0
7723.08,8000.0,0.97,6,21,0,9,0,0,0,0
5075.71,8000.0,0.63,17,27,0,16,0,0,2,0
2570.02,2500.0,1.03,10,25,0,19,0,0,0,0
5693.62,4500.0,1.27,10,19,0,29,0,0,0,0
9305.61,6000.0,1.55,13,27,0,35,0,0,0,0
1757.75,2500.0,0.7,11,8,0,46,0,0,0,0
2241.22,1500.0,1.49,13,21,0,16,0,0,0,0
13231.95,8000.0,1.65,22,19,0,42,0,0,0,0
61081.76,2500.0,24.43,23,12,6,48,1,1,2,1
2085.24,2000.0,1.04,8,18,0,44,1,0,1,0
8002.19,8000.0,1.0,12,20,0,35,0,0,0,0
9097.05,2000.0,4.55,19,4,4,25,0,0,0,0
2322.91,2500.0,0.93,18,8,0,35,0,0,0,0
7742.63,6000.0,1.29,13,10,1,32,1,0,0,0
1570.32,2000.0,0.79,9,11,0,35,0,0,0,0
4469.14,6000.0,0.74,11,24,0,11,0,0,1,0
5368.69,8000.0,0.67,7,14,1,46,0,0,0,0
2019.21,1500.0,1.35,7,3,0,23,0,0,1,0
5136.52,6000.0,0.86,13,2,0,16,0,0,1,0
1428.36,2000.0,0.71,18,19,0,24,0,0,0,0
3849.81,12000.0,0.32,11,28,0,32,0,0,0,0
2767.88,2500.0,1.11,18,2,0,22,0,0,0,0
11134.27,2500.0,4.45,11,16,3,5,0,0,2,0
3295.76,2000.0,1.65,19,18,0,10,0,0,0,0
4905.09,4500.0,1.09,13,2,0,12,0,0,0,0
1191.96,2000.0,0.6,11,15,0,40,0,0,0,0
25913.73,4500.0,5.76,11,28,4,18,1,0,2,0
3598.04,6000.0,0.6,19,9,0,13,0,0,0,0
2851.67,1500.0,1.9,14,7,2,27,0,0,0,0
3929.38,6000.0,0.65,0,13,0,37,0,0,0,0
17250.55,12000.0,1.44,3,26,0,21,0,0,0,0
7297.61,8000.0,0.91,10,12,0,49,0,0,2,0
10773.16,12000.0,0.9,13,17,0,36,0,0,0,0
6809.93,8000.0,0.85,11,11,0,5,0,0,0,0
6113.54,6000.0,1.02,22,1,0,18,0,0,0,0
1775.33,2000.0,0.89,11,18,0,36,0,0,0,0
2638.87,2000.0,1.32,8,10,0,45,0,0,0,0
12079.08,2500.0,4.83,4,20,12,44,1,0,1,1
3374.07,4500.0,0.75,11,5,1,25,0,0,2,0
10777.08,12000.0,0.9,18,25,0,9,0,0,1,0
4812.38,6000.0,0.8,11,18,0,50,0,0,0,0
5498.87,8000.0,0.69,13,21,0,32,0,0,0,0
4399.37,6000.0,0.73,11,15,1,46,0,0,0,0
2879.05,2500.0,1.15,10,16,0,37,0,0,0,0
2728.01,4500.0,0.61,7,25,0,30,0,0,0,0
13171.62,12000.0,1.1,11,22,0,17,0,0,0,0
5834.44,3000.0,1.94,14,22,0,35,0,0,0,0
3961.84,6000.0,0.66,18,28,0,49,0,0,0,0
5005.55,8000.0,0.63,0,24,0,5,0,0,1,0
2401.88,3000.0,0.8,14,28,0,42,0,0,0,0
10044.52,12000.0,0.84,10,20,1,45,0,0,0,0
5862.4,4500.0,1.3,18,7,0,20,0,0,1,0
3987.27,4500.0,0.89,19,24,0,44,0,0,0,0
9507.42,12000.0,0.79,0,4,0,14,0,0,0,0
2718.37,2000.0,1.36,0,2,0,32,0,0,0,0
4041.63,2000.0,2.02,11,1,0,46,1,0,0,0
1348.43,1500.0,0.9,20,4,0,28,0,0,0,0
4145.3,2500.0,1.66,14,28,0,26,0,0,0,0
1347.46,1500.0,0.9,22,27,0,8,0,0,0,0
2199.15,1500.0,1.47,9,21,0,33,0,0,0,0
1720.33,2500.0,0.69,17,4,1,49,0,0,0,0
13470.06,12000.0,1.12,11,19,0,13,0,0,0,0
8142.37,12000.0,0.68,15,10,0,30,0,0,0,0
2206.13,1500.0,1.47,18,19,0,31,0,0,0,0
8888.81,4500.0,1.98,13,12,0,30,0,0,0,0
2966.46,3000.0,0.99,22,11,2,5,0,0,0,0
4233.44,3000.0,1.41,3,13,0,32,0,0,0,0
2615.03,1500.0,1.74,9,12,0,16,0,0,1,0
6063.44,4500.0,1.35,16,16,0,24,0,0,0,0
3780.77,4500.0,0.84,18,9,0,16,0,0,0,0
1936.87,2000.0,0.97,13,1,0,9,0,0,0,0
5519.04,4500.0,1.23,10,4,0,29,0,0,0,0
2161.14,3000.0,0.72,16,14,1,9,0,0,0,0
1329.96,2500.0,0.53,12,5,0,29,1,0,0,0
5176.57,12000.0,0.43,15,13,0,10,0,0,0,0
5399.15,6000.0,0.9,10,13,1,23,0,0,0,0
3008.63,3000.0,1.0,14,11,0,20,0,0,0,0
4607.73,4500.0,1.02,11,1,1,36,0,0,1,0
1633.38,2000.0,0.82,18,22,1,28,0,0,0,0
3720.42,3000.0,1.24,19,23,0,11,0,0,0,0
4153.79,3000.0,1.38,10,12,1,7,0,0,0,0
5640.25,8000.0,0.71,8,24,0,5,0,0,0,0
5224.4,12000.0,0.44,22,15,1,36,0,0,1,0
3445.07,4500.0,0.77,11,4,0,5,0,0,0,0
3234.61,1500.0,2.16,11,12,2,13,0,0,0,0
992.45,2000.0,0.5,17,6,0,49,0,0,0,0
1128.08,1500.0,0.75,19,2,0,33,0,0,0,0
3480.16,4500.0,0.77,9,18,0,36,0,0,0,0
10746.73,12000.0,0.9,20,11,0,29,0,0,0,0
1499.95,3000.0,0.5,19,3,0,35,0,0,0,0
33579.07,6000.0,5.6,9,12,5,39,1,0,0,0
2592.2,2500.0,1.04,16,24,0,46,0,0,0,0
24631.55,4500.0,5.47,8,4,4,27,1,1,1,0
1047.36,2000.0,0.52,14,16,0,14,0,0,0,0
1889.37,2000.0,0.94,18,7,0,39,0,0,0,0
5100.47,4500.0,1.13,10,13,0,18,0,0,0,0
4374.36,2500.0,1.75,16,3,0,26,0,0,0,0
5889.53,3000.0,1.96,18,8,0,45,0,0,0,0
1004.84,1500.0,0.67,11,28,1,22,0,0,0,0
7987.67,4500.0,1.78,10,23,1,36,0,0,0,0
5730.64,3000.0,1.91,9,3,1,41,0,1,0,0
777.26,1500.0,0.52,10,5,0,15,0,0,0,0
24364.82,6000.0,4.06,15,7,3,6,1,0,1,0
1751.29,2500.0,0.7,9,19,0,25,0,0,0,0
2640.27,3000.0,0.88,10,17,0,18,0,0,0,0
2554.42,2000.0,1.28,11,18,0,31,0,0,0,0
1204.65,2000.0,0.6,10,16,0,8,0,0,0,0
6261.64,8000.0,0.78,19,25,0,10,0,0,1,0
6562.88,8000.0,0.82,22,4,0,23,0,0,0,0
4021.1,4500.0,0.89,7,13,0,19,0,0,0,0
2086.33,2000.0,1.04,15,16,1,17,0,0,0,0
14764.1,12000.0,1.23,18,18,0,31,0,0,0,0
6598.98,12000.0,0.55,21,1,0,27,0,0,0,0
2138.55,3000.0,0.71,12,5,0,43,0,0,0,0
2232.19,1500.0,1.49,13,20,1,41,0,0,1,0
8583.02,6000.0,1.43,13,8,1,37,0,0,0,0
2665.63,8000.0,0.33,18,5,0,40,1,0,0,0
11809.06,12000.0,0.98,16,15,0,11,0,0,0,0
24694.73,4500.0,5.49,10,15,4,45,1,1,2,0
1379.94,2000.0,0.69,13,23,0,10,0,0,0,0
1844.02,3000.0,0.61,0,20,1,29,0,0,0,0
4153.93,6000.0,0.69,13,5,0,24,0,0,0,0
1209.19,2000.0,0.6,12,16,0,32,0,0,0,0
5158.91,4500.0,1.15,16,6,0,34,0,0,0,0
883.45,1500.0,0.59,15,27,0,26,0,0,0,0
4459.59,8000.0,0.56,16,22,0,43,0,0,1,0
6232.4,6000.0,1.04,7,28,0,6,0,0,0,0
3215.19,2000.0,1.61,12,27,0,26,0,0,0,0
7605.49,8000.0,0.95,9,3,0,5,0,0,0,0
3574.34,6000.0,0.6,12,13,0,19,0,0,0,0
2091.16,4500.0,0.46,7,11,1,30,0,0,0,0
6450.57,4500.0,1.43,16,22,1,41,0,0,1,0
15853.59,12000.0,1.32,13,12,0,47,0,0,0,0
4683.74,2500.0,1.87,11,23,0,9,0,0,0,0
22443.47,12000.0,1.87,15,28,0,37,0,0,0,0
2371.04,2000.0,1.19,21,1,0,34,0,0,1,0
6445.39,1500.0,4.3,17,12,4,43,0,1,1,0
2233.03,6000.0,0.37,15,18,0,46,0,0,0,0
3050.82,2500.0,1.22,8,26,0,46,0,0,0,0
5568.95,6000.0,0.93,11,25,1,37,0,0,0,0
14459.23,12000.0,1.2,16,9,0,32,0,0,0,0
21737.99,4500.0,4.83,9,11,5,35,0,0,1,0
19353.09,4500.0,4.3,17,6,4,19,1,1,2,0
9025.18,12000.0,0.75,18,17,1,14,0,0,0,0
9904.27,6000.0,1.65,18,12,0,20,0,0,0,0
54396.11,12000.0,4.53,10,20,3,42,0,1,1,0
12287.05,3000.0,4.1,16,16,3,28,1,0,1,1
3336.87,2500.0,1.33,22,9,0,24,0,0,0,0
1764.88,2500.0,0.71,12,10,0,26,0,0,1,0
20337.65,4500.0,4.52,12,28,3,45,1,1,1,0
12633.56,8000.0,1.58,14,1,0,18,0,0,0,0
1406.51,1500.0,0.94,10,7,0,42,0,0,0,0
29660.22,8000.0,3.71,14,3,4,15,1,1,2,0
16333.5,12000.0,1.36,9,25,1,47,0,0,0,0
42936.93,2500.0,17.17,14,6,3,15,1,0,1,1
30086.92,1500.0,20.06,4,8,6,8,1,1,2,1
8084.29,4500.0,1.8,16,16,0,28,0,0,0,0
7296.99,2000.0,3.65,21,26,3,37,1,0,1,0
3285.51,2000.0,1.64,14,12,0,43,0,0,0,0
1949.76,2500.0,0.78,14,24,0,15,0,0,0,0
3588.09,3000.0,1.2,20,6,0,18,0,0,0,0
18892.18,4500.0,4.2,7,11,5,26,1,0,2,0
39770.83,8000.0,4.97,7,19,4,34,0,0,1,0
17650.6,12000.0,1.47,16,28,2,31,0,0,0,0
27945.13,6000.0,4.66,16,1,3,6,0,1,1,0
7066.12,8000.0,0.88,12,27,0,11,0,0,0,0
11557.34,12000.0,0.96,12,19,0,18,0,0,1,0
8575.3,8000.0,1.07,17,13,0,33,0,0,0,0
23461.93,6000.0,3.91,19,5,5,11,0,1,1,0
2743.67,1500.0,1.83,14,16,0,50,0,0,0,0
9494.69,12000.0,0.79,0,20,0,17,0,0,0,0
2590.03,3000.0,0.86,15,25,0,24,0,0,0,0
2715.52,1500.0,1.81,14,6,0,20,0,0,0,0
3451.66,6000.0,0.58,17,17,0,33,0,0,0,0
2445.69,3000.0,0.82,13,23,0,38,0,0,0,0
837.1,1500.0,0.56,8,13,0,43,0,0,0,0
19613.32,12000.0,1.63,12,25,0,18,0,0,0,0
14587.21,12000.0,1.22,13,9,0,22,0,0,0,0
11180.81,12000.0,0.93,23,10,0,10,0,0,0,0
7745.19,8000.0,0.97,17,4,0,50,0,0,0,0
10984.49,12000.0,0.92,15,24,0,18,0,0,0,0
28164.98,6000.0,4.69,6,4,5,41,0,0,1,0
10036.44,6000.0,1.67,19,4,0,17,1,0,0,0
20671.46,4500.0,4.59,13,13,3,44,1,1,1,0
6600.09,8000.0,0.83,8,9,0,7,0,0,0,0
10426.8,2000.0,5.21,0,19,3,34,1,0,2,0
7834.75,6000.0,1.31,13,13,0,17,0,0,0,0
3265.05,4500.0,0.73,11,7,0,10,0,0,0,0
6794.87,8000.0,0.85,0,19,0,39,0,0,0,0
9497.96,8000.0,1.19,12,26,0,9,0,0,1,0
2748.19,2500.0,1.1,15,7,0,32,0,0,1,0
1392.69,2000.0,0.7,14,14,0,36,0,0,0,0
8446.09,1500.0,5.63,9,21,3,36,0,0,0,0
6476.85,8000.0,0.81,8,7,0,13,0,0,0,0
35276.75,8000.0,4.41,12,4,5,35,1,0,1,0
7088.05,12000.0,0.59,21,27,0,50,0,0,0,0
9655.21,6000.0,1.61,20,10,0,39,0,0,0,0
8137.61,2000.0,4.07,4,7,5,28,1,1,2,1
4426.97,4500.0,0.98,3,18,0,42,0,0,0,0
1198.61,1500.0,0.8,11,24,0,39,0,0,0,0
1366.32,1500.0,0.91,12,2,0,5,0,0,0,0
2372.35,3000.0,0.79,20,10,0,5,0,0,0,0
10458.7,6000.0,1.74,14,10,0,23,0,0,0,0
1179.57,1500.0,0.79,12,28,0,44,0,0,1,0
23709.78,12000.0,1.98,0,9,1,36,0,0,0,0
3599.55,8000.0,0.45,9,6,0,31,0,0,1,0
35736.82,2000.0,17.87,3,10,8,34,1,1,1,1
13723.35,3000.0,4.57,10,6,4,36,1,0,1,0
1464.31,1500.0,0.98,16,20,0,41,0,0,0,0
8662.82,8000.0,1.08,6,25,0,23,0,0,0,0
1593.16,2000.0,0.8,15,10,0,26,0,0,0,0
2065.72,2000.0,1.03,13,12,1,30,0,0,0,0
4068.75,3000.0,1.36,12,1,0,42,0,0,0,0
7973.57,2000.0,3.99,16,12,5,15,1,1,0,0
26078.26,4500.0,5.8,9,24,3,42,1,1,0,0
8734.07,1500.0,5.82,11,9,5,6,0,0,0,0
8288.7,12000.0,0.69,17,8,0,15,0,0,0,0
6931.57,8000.0,0.87,9,8,1,21,0,0,0,0
4052.82,4500.0,0.9,12,23,1,40,0,0,0,0
1361.06,2500.0,0.54,16,22,0,9,1,0,0,0
1842.33,2000.0,0.92,16,17,0,38,0,0,0,0
2930.57,3000.0,0.98,15,14,1,41,0,0,0,0
13088.05,8000.0,1.64,19,11,1,14,0,0,0,0
12024.23,2500.0,4.81,10,4,5,15,1,0,1,0
6837.84,8000.0,0.85,13,10,0,16,0,0,0,0
1545.81,1500.0,1.03,12,28,0,21,0,0,0,0
1619.32,1500.0,1.08,17,21,1,37,0,0,0,0
7679.03,12000.0,0.64,14,12,0,48,0,0,0,0
19495.48,4500.0,4.33,7,6,3,12,1,1,2,0
20670.3,4000.0,5.17,16,17,5,5,1,0,1,1
33547.79,8000.0,4.19,8,15,4,46,1,1,1,0
13242.74,2500.0,5.3,11,4,3,26,1,1,0,0
17258.07,3000.0,5.75,9,1,3,50,1,1,0,0
12962.42,12000.0,1.08,15,3,1,44,0,0,0,0
8583.87,6000.0,1.43,12,9,0,21,0,0,0,0
5352.73,4500.0,1.19,16,25,0,22,0,0,0,0
5379.25,2500.0,2.15,18,23,0,13,0,0,0,0
2259.01,2000.0,1.13,16,13,1,29,0,0,0,0
2596.43,2000.0,1.3,11,15,0,12,0,0,0,0
1477.13,1500.0,0.98,11,13,0,45,0,0,0,0
5509.77,4500.0,1.22,14,7,0,23,0,0,0,0
1230.34,1500.0,0.82,18,13,0,8,0,0,0,0
6849.92,4500.0,1.52,16,18,0,18,0,0,0,0
1477.27,2500.0,0.59,13,12,0,13,0,0,0,0
7523.51,12000.0,0.63,18,5,0,5,0,0,1,0
1371.28,1500.0,0.91,8,13,0,30,0,0,0,0
3737.18,6000.0,0.62,19,15,0,35,0,0,0,0
6535.19,1500.0,4.36,15,11,4,25,1,0,2,0
1103.67,1500.0,0.74,9,3,0,42,0,0,0,0
4435.52,3000.0,1.48,21,19,0,42,0,0,0,0
6069.88,6000.0,1.01,22,14,0,46,0,0,1,0
3357.15,3000.0,1.12,13,16,0,8,0,0,0,0
1995.44,3000.0,0.67,13,20,0,45,0,0,0,0
8094.2,6000.0,1.35,17,21,0,32,0,0,1,0
15526.26,12000.0,1.29,22,11,0,43,0,0,0,0
7364.65,3000.0,2.45,10,28,1,27,0,0,0,0
1515.28,2000.0,0.76,12,22,0,17,0,0,0,0
8278.53,8000.0,1.03,17,13,0,33,0,0,0,0
2911.87,2000.0,1.46,13,13,0,37,0,0,0,0
1158.11,1500.0,0.77,9,16,0,36,0,0,0,0
14700.62,12000.0,1.23,6,9,0,19,0,0,0,0
1399.07,2000.0,0.7,12,25,0,11,0,0,0,0
7072.22,8000.0,0.88,23,8,0,32,0,0,0,0
8702.39,8000.0,1.09,14,11,0,48,0,0,0,0
1696.56,1500.0,1.13,19,7,0,16,0,0,1,0
16415.02,1500.0,10.94,0,26,5,27,1,1,2,1
7673.78,12000.0,0.64,8,20,0,9,0,0,0,0
13575.65,2500.0,5.43,19,2,6,27,1,0,1,1
1349.32,1500.0,0.9,16,18,0,21,0,0,0,0
5704.8,4500.0,1.27,20,5,1,34,0,0,0,0
3451.94,3000.0,1.15,16,4,0,46,0,0,0,0
6779.11,4500.0,1.51,22,2,0,9,0,0,0,0
5337.67,3000.0,1.78,15,7,0,37,0,0,0,0
43779.67,2000.0,21.89,22,28,9,24,1,1,2,1
3680.49,3000.0,1.23,14,16,0,18,0,0,0,0
1036.07,1500.0,0.69,6,6,0,41,0,0,0,0
8207.09,8000.0,1.03,12,15,0,38,0,0,1,0
20030.34,12000.0,1.67,16,10,0,25,0,0,0,0
3944.75,2000.0,1.97,9,26,0,48,0,0,0,0
1831.73,2000.0,0.92,12,24,0,7,1,0,2,0
2482.96,2500.0,0.99,20,5,0,27,0,0,0,0
2186.67,2500.0,0.87,13,27,0,42,0,0,0,0
2277.19,1500.0,1.52,22,28,0,23,0,0,0,0
790.64,1500.0,0.53,14,19,1,10,0,0,0,0
3212.85,4500.0,0.71,12,7,0,45,0,0,0,0
3370.19,2500.0,1.35,11,16,0,8,0,0,0,0
25587.2,6000.0,4.26,18,8,3,11,1,0,0,0
768.87,2000.0,0.38,8,12,1,34,0,0,1,0
17637.05,8000.0,2.2,18,2,0,21,0,0,2,0
38882.52,8000.0,4.86,10,12,3,29,0,0,2,0
7232.4,12000.0,0.6,20,27,0,32,0,0,0,0
2433.68,2000.0,1.22,20,6,0,16,0,0,0,0
24779.87,4500.0,5.51,7,7,3,40,1,1,2,0
4414.3,4500.0,0.98,10,11,0,20,0,0,0,0
1725.09,2500.0,0.69,12,8,0,32,0,0,0,0
28679.85,2500.0,11.47,3,13,5,40,1,1,1,1
4656.21,3000.0,1.55,10,17,0,23,0,0,0,0
14053.78,12000.0,1.17,20,10,0,8,0,0,0,0
70171.11,12000.0,5.85,12,6,4,27,1,0,0,0
1954.58,2000.0,0.98,14,18,0,28,0,0,0,0
7983.55,8000.0,1.0,11,25,0,39,0,0,0,0
1047.94,2000.0,0.52,9,22,1,29,0,0,0,0
673.6,1500.0,0.45,20,28,0,38,0,0,0,0
3960.9,8000.0,0.5,8,6,0,25,0,0,0,0
3848.03,2000.0,1.92,21,24,0,18,0,0,0,0
14622.62,12000.0,1.22,9,6,0,15,0,0,0,0
7813.46,6000.0,1.3,10,24,1,25,0,0,0,0
1321.78,1500.0,0.88,11,18,1,50,0,0,1,0
10557.66,12000.0,0.88,11,13,0,21,0,0,0,0
2313.18,2000.0,1.16,19,15,0,11,0,0,0,0
3150.3,3000.0,1.05,11,18,0,23,0,0,0,0
3612.61,2500.0,1.45,19,17,0,11,0,0,0,0
11609.57,2000.0,5.8,8,10,4,23,1,1,1,0
5934.57,6000.0,0.99,18,25,0,25,0,0,1,0
6361.34,4500.0,1.41,10,14,0,16,0,0,1,0
11447.87,2000.0,5.72,11,23,4,20,1,1,0,0
21999.61,4500.0,4.89,12,1,5,36,0,1,1,0
1674.12,1500.0,1.12,18,16,0,6,0,0,0,0
6895.56,8000.0,0.86,20,13,0,29,0,0,0,0
9133.68,12000.0,0.76,20,3,0,20,0,0,0,0
3268.15,2000.0,1.63,15,13,1,13,0,0,2,0
2552.11,3000.0,0.85,13,17,0,12,0,0,1,0
1368.97,1500.0,0.91,19,1,0,21,0,0,0,0
3124.46,2500.0,1.25,22,25,0,25,0,0,0,0
5368.63,4500.0,1.19,12,28,0,15,0,0,0,0
4251.88,6000.0,0.71,19,4,0,22,1,0,0,0
2048.14,2000.0,1.02,18,22,0,11,0,0,0,0
1475.47,3000.0,0.49,16,3,1,50,0,0,0,0
47031.93,2000.0,23.52,14,16,2,44,1,1,2,1
2890.29,6000.0,0.48,19,17,0,10,0,0,0,0
6169.23,6000.0,1.03,8,19,1,20,0,0,1,0
2775.58,3000.0,0.93,11,25,0,10,0,0,0,0
20024.62,4500.0,4.45,18,14,4,45,1,0,1,0
21523.54,12000.0,1.79,10,6,1,10,0,0,1,0
4601.67,4500.0,1.02,13,26,0,23,0,0,0,0
15982.4,12000.0,1.33,10,14,0,36,0,0,2,0
2699.75,2000.0,1.35,9,27,0,39,0,0,0,0
3604.65,8000.0,0.45,14,11,0,17,0,0,0,0
1974.89,2500.0,0.79,2,1,0,10,0,0,0,0
8058.25,1500.0,5.37,11,6,4,34,1,0,0,0
5829.07,4500.0,1.3,14,23,0,21,0,0,0,0
2960.47,4500.0,0.66,17,22,0,33,0,0,0,0
2687.51,1500.0,1.79,17,11,1,34,0,0,0,0
12094.02,12000.0,1.01,19,24,0,22,0,0,0,0
3007.33,2500.0,1.2,18,5,0,24,0,0,0,0
2949.19,3000.0,0.98,10,20,0,45,0,0,0,0
9493.12,2500.0,3.8,7,14,4,33,0,1,1,0
3483.4,6000.0,0.58,13,18,0,44,0,0,0,0
8165.69,6000.0,1.36,18,27,0,50,0,0,0,0
3557.94,2000.0,1.78,11,6,0,36,0,0,0,0
738.45,1500.0,0.49,5,6,0,26,0,0,0,0
3162.01,2500.0,1.26,0,11,0,9,0,0,0,0
12969.03,2500.0,5.19,0,15,3,49,1,1,1,0
1163.91,3000.0,0.39,14,26,0,39,0,0,0,0
1997.78,2000.0,1.0,4,12,0,8,0,0,0,0
9935.68,12000.0,0.83,11,26,0,43,0,0,0,0
11673.63,8000.0,1.46,11,11,0,10,0,0,1,0
7705.5,8000.0,0.96,12,24,0,22,0,1,0,0
1686.57,1500.0,1.12,16,19,0,50,0,0,0,0
2617.83,3000.0,0.87,12,7,0,48,0,0,0,0
4145.17,4500.0,0.92,16,1,0,7,0,0,0,0
10485.39,8000.0,1.31,11,7,0,17,0,0,0,0
10558.37,8000.0,1.32,19,28,0,12,0,0,1,0
10083.76,6000.0,1.68,11,16,0,39,0,0,0,0
9718.46,12000.0,0.81,18,21,0,45,0,0,0,0
3106.49,3000.0,1.04,18,23,0,32,0,0,0,0
8274.47,6000.0,1.38,13,3,0,9,0,0,0,0
13740.23,12000.0,1.15,17,17,0,46,0,0,0,0
2979.76,3000.0,0.99,6,5,0,10,0,0,0,0
2718.85,2000.0,1.36,10,8,0,28,0,0,0,0
4309.94,3000.0,1.44,15,18,0,40,0,0,1,0
18091.54,4500.0,4.02,17,1,3,8,0,0,1,0
1429.8,2500.0,0.57,15,12,0,10,0,0,0,0
2015.62,2500.0,0.81,7,8,0,24,0,0,0,0
2417.46,3000.0,0.81,6,7,0,17,0,0,1,0
1830.84,2000.0,0.92,8,25,0,28,0,0,0,0
6018.42,12000.0,0.5,11,23,0,10,0,0,1,0
2224.43,2500.0,0.89,16,13,0,19,0,0,0,0
3879.88,8000.0,0.48,16,12,0,6,0,0,0,0
2330.55,2000.0,1.17,11,19,0,29,0,0,0,0
2598.52,1500.0,1.73,16,16,0,40,0,0,0,0
6313.04,4500.0,1.4,9,7,0,49,0,0,1,0
4602.43,2500.0,1.84,12,11,0,19,0,0,0,0
1970.12,2000.0,0.99,9,13,1,45,0,0,0,0
24186.55,4500.0,5.37,12,21,4,30,1,1,1,0
1554.65,2500.0,0.62,18,1,0,42,0,0,0,0
1889.11,2000.0,0.94,4,3,0,43,0,0,0,0
10369.23,8000.0,1.3,6,12,0,16,0,0,0,0
1124.94,1500.0,0.75,7,24,0,49,0,0,0,0
2582.17,4500.0,0.57,11,26,0,23,0,0,0,0
1521.62,1500.0,1.01,12,22,0,6,0,0,0,0
1607.04,2500.0,0.64,19,12,0,17,0,0,0,0
1423.47,1500.0,0.95,9,24,1,50,0,0,0,0
1827.14,2500.0,0.73,16,11,0,40,0,0,0,0
8945.33,12000.0,0.75,15,1,0,41,0,0,1,0
10990.08,3000.0,3.66,19,3,4,41,1,0,0,0
11030.22,12000.0,0.92,14,6,0,44,0,0,0,0
12660.04,6000.0,2.11,19,8,0,15,0,0,1,0
4125.76,6000.0,0.69,15,25,0,28,0,0,0,0
2666.83,3000.0,0.89,16,2,0,46,0,0,0,0
9135.23,2500.0,3.65,9,5,4,18,1,1,1,0
10877.66,2000.0,5.44,9,27,4,35,0,0,2,0
1969.91,2000.0,0.98,11,16,0,37,0,0,0,0
21454.87,3000.0,7.15,9,19,12,20,1,0,1,1
7387.83,4500.0,1.64,9,15,0,28,0,0,0,0
12734.09,8000.0,1.59,18,25,0,43,0,0,0,0
5424.95,8000.0,0.68,15,10,0,24,0,0,0,0
9068.98,12000.0,0.76,11,5,0,42,0,0,1,0
3233.76,3000.0,1.08,18,17,0,5,0,0,0,0
8017.85,1500.0,5.35,11,14,3,28,0,0,1,0
9010.33,6000.0,1.5,19,13,0,34,0,0,0,0
3475.42,2500.0,1.39,10,7,0,7,0,0,0,0
861.55,1500.0,0.57,8,12,0,11,0,0,0,0
6647.31,6000.0,1.11,16,16,0,14,0,0,0,0
2642.66,3000.0,0.88,0,20,0,46,0,0,0,0
4230.89,4500.0,0.94,22,21,0,49,0,0,0,0
11534.52,2000.0,5.77,15,26,5,12,0,1,1,0
7281.61,6000.0,1.21,21,21,0,22,0,0,0,0
2327.28,2000.0,1.16,9,3,0,44,0,0,0,0
1882.27,1500.0,1.25,7,2,0,43,0,0,0,0
1186.33,2500.0,0.47,23,7,0,49,0,0,0,0
4814.47,3000.0,1.6,8,5,0,43,0,0,0,0
3344.38,3000.0,1.11,21,10,0,21,0,0,0,0
7157.65,8000.0,0.89,9,12,0,37,0,0,0,0
3156.52,2500.0,1.26,12,19,1,40,0,0,0,0
2820.6,3000.0,0.94,7,15,0,5,0,0,0,0
14939.15,3000.0,4.98,16,28,4,5,0,0,0,0
6117.9,6000.0,1.02,17,25,0,49,0,0,1,0
1063.9,1500.0,0.71,20,25,0,11,0,0,0,0
18883.14,12000.0,1.57,7,6,0,25,0,0,0,0
1699.52,3000.0,0.57,2,10,0,21,0,0,0,0
8169.11,2000.0,4.08,16,20,3,40,1,1,1,0
26662.23,4500.0,5.92,11,9,4,38,1,0,1,0
1118.0,1500.0,0.75,9,4,0,38,0,0,0,0
2852.53,2500.0,1.14,10,8,0,34,0,0,0,0
8034.94,1500.0,5.36,12,20,5,14,1,1,1,0
2814.99,1500.0,1.88,20,28,0,22,0,0,0,0
2577.8,4500.0,0.57,16,18,0,25,0,0,0,0
1592.02,2000.0,0.8,1,6,0,13,0,0,0,0
3561.28,3000.0,1.19,8,6,0,19,0,0,0,0
4810.64,4500.0,1.07,14,27,0,13,0,0,0,0
2218.06,3000.0,0.74,12,28,0,15,0,0,0,0
6809.32,8000.0,0.85,23,10,0,39,0,0,0,0
2748.04,4500.0,0.61,11,26,0,49,0,0,0,0
8193.96,1500.0,5.46,15,12,4,42,1,1,0,0
3341.3,3000.0,1.11,17,11,0,20,0,0,1,0
1290.97,2500.0,0.52,8,11,0,34,0,0,0,0
3563.32,2500.0,1.43,6,14,1,43,0,0,0,0
15774.56,12000.0,1.31,18,19,2,37,0,0,0,0
3883.7,2000.0,1.94,10,28,0,32,0,0,0,0
9541.22,8000.0,1.19,11,5,0,24,0,0,0,0
1022.99,1500.0,0.68,10,8,0,41,0,0,2,0
1835.86,2000.0,0.92,21,27,1,22,0,0,0,0
9051.85,6000.0,1.51,20,23,0,12,0,0,0,0
2702.94,2000.0,1.35,21,16,0,28,0,0,0,0
799.04,3000.0,0.27,8,21,0,17,0,0,0,0
10462.02,2500.0,4.18,9,22,5,39,1,1,1,0
3668.87,2000.0,1.83,0,9,0,15,0,0,1,0
90517.97,4000.0,22.63,3,17,2,7,1,0,1,1
2189.68,1500.0,1.46,11,26,0,37,0,0,0,0
1047.85,1500.0,0.7,18,22,0,40,0,0,1,0
14318.67,6000.0,2.39,9,19,0,27,0,0,0,0
2696.37,2000.0,1.35,14,3,0,15,0,1,1,0
3705.53,3000.0,1.24,11,7,0,5,0,0,1,0
14416.74,2000.0,7.21,13,26,12,44,0,0,2,1
917.29,1500.0,0.61,18,15,0,18,0,0,1,0
1132.14,1500.0,0.75,9,23,0,25,0,0,0,0
1988.47,3000.0,0.66,18,23,1,9,0,0,1,0
1411.87,1500.0,0.94,15,15,0,42,0,0,0,0
855.5,1500.0,0.57,13,2,0,50,0,0,0,0
11615.46,6000.0,1.94,7,13,0,38,0,0,0,0
12282.7,12000.0,1.02,11,24,0,13,0,0,1,0
1627.22,1500.0,1.08,19,21,0,7,0,0,0,0
1783.16,2500.0,0.71,11,4,0,49,0,0,0,0
26417.31,4500.0,5.87,6,7,3,6,1,0,2,0
18991.18,4500.0,4.22,12,23,4,34,1,1,0,0
5876.08,6000.0,0.98,10,4,0,34,0,0,0,0
6497.99,12000.0,0.54,13,7,0,18,0,0,0,0
9059.98,8000.0,1.13,13,26,0,32,0,0,0,0
3940.4,4500.0,0.88,14,19,0,27,0,0,0,0
1748.56,2000.0,0.87,18,3,0,27,0,0,0,0
12827.2,12000.0,1.07,16,2,0,44,0,0,1,0
3826.18,6000.0,0.64,19,25,1,15,0,0,0,0
3523.09,2500.0,1.41,17,11,1,32,0,0,0,0
1147.51,2000.0,0.57,8,26,0,45,0,0,0,0
10389.66,8000.0,1.3,18,9,0,45,0,0,0,0
856.51,1500.0,0.57,16,6,1,8,0,0,0,0
7685.27,4500.0,1.71,20,10,0,48,0,0,0,0
24006.14,6000.0,4.0,18,12,4,30,1,1,1,0
13518.73,2500.0,5.41,14,20,3,26,0,1,1,0
6885.65,8000.0,0.86,18,26,0,20,0,0,0,0
1475.62,2000.0,0.74,18,26,0,33,0,0,0,0
1353.93,2000.0,0.68,5,3,0,39,0,0,0,0
1366.32,1500.0,0.91,17,27,0,50,0,0,0,0
3506.04,6000.0,0.58,11,1,0,26,0,0,1,0
3057.24,6000.0,0.51,14,22,0,35,0,0,0,0
3934.16,4500.0,0.87,10,6,0,7,0,0,1,0
4113.78,3000.0,1.37,15,18,0,35,0,0,0,0
1964.13,1500.0,1.31,11,21,0,46,0,0,0,0
38915.4,8000.0,4.86,8,7,5,47,0,0,1,0
5780.28,8000.0,0.72,21,27,0,28,0,0,0,0
6996.79,4500.0,1.55,13,18,0,10,0,0,0,0
9493.56,2000.0,4.75,16,20,3,39,0,1,1,0
2315.54,3000.0,0.77,7,15,0,48,0,0,0,0
2937.26,3000.0,0.98,9,4,0,16,0,0,1,0
8563.41,1500.0,5.71,15,7,5,12,1,0,1,0
3492.02,4500.0,0.78,21,28,0,22,0,0,0,0
2161.84,2000.0,1.08,19,10,0,33,0,0,1,0
1833.64,2500.0,0.73,11,4,0,47,0,0,0,0
5469.91,6000.0,0.91,10,27,0,21,0,0,2,0
9876.2,12000.0,0.82,10,6,0,19,0,0,0,0
22935.42,12000.0,1.91,19,11,0,17,0,0,1,0
2346.15,2500.0,0.94,14,21,0,41,0,0,0,0
7090.34,8000.0,0.89,18,7,0,48,0,0,2,0
5011.99,6000.0,0.84,17,23,0,49,0,0,0,0
2069.61,3000.0,0.69,6,24,0,8,0,0,0,0
4667.96,4500.0,1.04,19,12,0,33,0,0,0,0
6752.9,8000.0,0.84,9,24,0,33,0,0,0,0
11807.97,12000.0,0.98,17,22,0,29,0,0,0,0
1367.56,1500.0,0.91,18,11,0,22,0,0,0,0
4627.04,4500.0,1.03,11,5,1,46,0,0,1,0
3010.65,3000.0,1.0,1,25,0,24,1,1,1,0
2217.57,4500.0,0.49,18,16,1,34,0,0,0,0
5727.69,6000.0,0.95,10,4,0,23,0,0,1,0
802.47,1500.0,0.53,18,6,0,11,0,1,1,0
14217.8,2500.0,5.69,11,10,3,5,0,0,1,0
4511.05,6000.0,0.75,20,22,0,42,0,0,0,0
3422.07,3000.0,1.14,20,17,0,22,0,0,0,0
6551.75,8000.0,0.82,7,1,0,45,0,0,0,0
5914.85,8000.0,0.74,6,27,0,36,0,0,0,0
5220.5,8000.0,0.65,20,13,0,22,0,0,0,0
1273.82,1500.0,0.85,13,9,2,8,0,0,0,0
6591.09,12000.0,0.55,17,16,0,17,0,0,2,0
5366.51,8000.0,0.67,20,15,0,43,0,0,0,0
6678.09,4500.0,1.48,18,14,0,40,0,0,0,0
57530.33,12000.0,4.79,18,19,5,37,0,0,0,0
4095.29,3000.0,1.37,16,18,0,6,0,0,0,0
28653.7,1500.0,19.1,1,26,3,13,1,1,2,1
2416.67,2500.0,0.97,18,20,0,21,0,0,0,0
7379.35,8000.0,0.92,1,12,0,46,0,0,0,0
61408.37,2500.0,24.56,6,9,2,9,1,1,2,1
6976.07,8000.0,0.87,17,16,0,5,0,0,0,0
1021.7,1500.0,0.68,21,19,1,20,0,0,0,0
3934.18,4500.0,0.87,13,16,0,12,0,0,0,0
3447.5,2500.0,1.38,17,21,2,8,0,0,0,0
1725.69,3000.0,0.58,17,23,1,45,0,0,0,0
3156.46,2000.0,1.58,12,8,0,25,0,0,0,0
15486.96,8000.0,1.94,13,15,0,5,0,0,0,0
9982.18,2000.0,4.99,20,18,4,23,0,1,1,0
3255.57,4500.0,0.72,20,24,0,17,0,0,0,0
1161.68,1500.0,0.77,17,25,1,36,0,0,0,0
818.75,1500.0,0.55,11,18,0,43,0,0,0,0
1255.65,1500.0,0.84,17,3,0,19,0,0,0,0
11338.42,2000.0,5.67,14,10,4,23,0,0,1,0
19998.69,1500.0,13.33,1,28,9,46,1,1,1,1
6344.27,4500.0,1.41,22,12,0,33,0,0,0,0
8232.45,2000.0,4.12,0,15,5,38,0,0,0,0
8454.75,2000.0,4.23,19,8,3,26,1,1,2,1
66781.02,12000.0,5.57,15,9,4,20,0,1,1,0
10693.46,8000.0,1.34,8,26,0,27,0,0,1,0
5485.64,6000.0,0.91,14,23,0,39,0,0,0,0
1562.35,1500.0,1.04,7,16,1,25,0,0,0,0
1125.6,1500.0,0.75,17,1,0,39,0,0,0,0
2960.04,2500.0,1.18,15,22,0,24,1,0,0,0
5715.6,8000.0,0.71,14,11,1,46,0,0,1,0
13250.1,6000.0,2.21,21,28,0,46,0,0,0,0
2761.96,2000.0,1.38,19,9,0,5,0,0,0,0
8326.5,8000.0,1.04,15,12,0,30,0,0,1,0
4316.4,2500.0,1.73,6,19,0,7,0,1,0,0
3790.99,3000.0,1.26,21,12,1,29,0,0,0,0
1889.85,1500.0,1.26,14,11,0,43,0,0,0,0
4047.96,1500.0,2.7,2,12,9,26,0,1,1,1
4276.29,4500.0,0.95,12,17,0,45,1,0,0,0
1903.99,3000.0,0.63,18,13,0,7,0,0,0,0
1736.42,3000.0,0.58,17,15,0,25,0,0,0,0
7907.73,6000.0,1.32,8,21,0,24,0,0,0,0
11164.19,6000.0,1.86,8,23,0,12,0,0,0,0
1411.68,2500.0,0.56,13,5,1,18,0,0,0,0
7202.65,1500.0,4.8,17,9,3,25,1,0,0,0
2612.42,2500.0,1.04,10,20,0,13,1,0,0,0
13142.12,12000.0,1.1,11,3,0,6,0,0,0,0
6304.25,12000.0,0.53,11,26,1,14,0,0,0,0
32354.46,3000.0,10.78,1,14,9,16,1,1,2,1
1610.67,2000.0,0.81,14,9,0,5,0,0,0,0
1906.65,2500.0,0.76,20,5,0,9,0,0,0,0
2293.71,2500.0,0.92,10,25,0,16,0,0,0,0
2589.76,2500.0,1.04,15,11,1,8,0,0,0,0
1415.47,1500.0,0.94,13,11,0,15,0,0,0,0
1513.17,3000.0,0.5,17,6,0,36,0,0,0,0
17038.7,12000.0,1.42,7,11,0,5,0,0,1,0
9661.06,12000.0,0.81,11,22,0,18,0,0,0,0
3422.09,2500.0,1.37,18,18,0,21,0,0,0,0
2089.55,2500.0,0.84,13,8,0,8,0,0,0,0
13469.69,12000.0,1.12,10,19,0,28,0,0,0,0
10285.84,6000.0,1.71,7,20,0,15,0,0,0,0
1838.86,2000.0,0.92,9,17,0,15,1,0,1,0
4524.68,3000.0,1.51,16,8,0,43,0,0,0,0
2547.75,3000.0,0.85,10,21,0,9,0,0,0,0
16726.39,3000.0,5.58,14,24,4,35,1,0,1,1
10503.91,8000.0,1.31,12,5,0,5,0,0,0,0
3015.25,2500.0,1.21,17,13,0,34,0,0,0,0
3896.1,4500.0,0.87,10,26,0,16,0,0,0,0
3474.26,6000.0,0.58,7,12,0,28,0,1,0,0
10759.88,12000.0,0.9,16,4,0,23,0,0,1,0
3498.37,4500.0,0.78,11,28,0,19,0,0,1,0
5630.13,8000.0,0.7,13,2,0,33,0,0,0,0
1200.33,2000.0,0.6,12,14,1,50,0,0,0,0
3626.06,2500.0,1.45,16,4,0,14,0,0,0,0
12475.47,2500.0,4.99,13,18,4,11,1,0,0,0
1669.3,2000.0,0.83,19,13,1,24,1,0,0,0
2957.91,3000.0,0.99,15,11,0,14,0,0,0,0
18527.69,12000.0,1.54,16,11,2,26,0,0,0,0
10872.09,2500.0,4.35,19,9,5,23,1,0,2,0
2271.35,1500.0,1.51,12,18,0,33,0,0,0,0
891.03,1500.0,0.59,15,28,0,44,0,0,1,0
3082.44,2000.0,1.54,11,5,0,41,0,0,0,0
2760.23,2500.0,1.1,8,3,0,18,0,0,0,0
29952.81,6000.0,4.99,7,25,3,14,0,0,2,0
1745.62,2000.0,0.87,17,4,0,12,0,0,0,0
3545.22,4500.0,0.79,15,15,0,15,0,0,0,0
8309.88,12000.0,0.69,17,12,0,6,0,0,0,0
13272.93,8000.0,1.66,15,12,1,20,0,0,0,0
18275.83,4500.0,4.06,15,2,5,41,0,0,1,0
7374.03,6000.0,1.23,12,11,0,35,0,0,0,0
18312.14,12000.0,1.53,9,4,1,33,0,0,0,0
4017.22,2000.0,2.01,8,11,0,19,0,0,0,0
1185.66,1500.0,0.79,11,27,0,38,0,0,0,0
9260.93,8000.0,1.16,18,26,0,28,0,0,0,0
2526.87,6000.0,0.42,13,24,0,42,0,0,0,0
1045.37,1500.0,0.7,21,6,0,10,0,0,0,0
10923.67,6000.0,1.82,11,28,0,37,0,0,0,0
2698.71,4500.0,0.6,18,18,1,32,0,0,0,0
3004.79,3000.0,1.0,17,12,0,16,0,0,0,0
10659.55,3000.0,3.55,17,10,5,41,1,1,1,0
18492.76,12000.0,1.54,17,20,0,28,1,0,0,0
4928.44,3000.0,1.64,11,14,2,26,0,0,0,0
2333.98,2500.0,0.93,21,8,0,46,0,0,1,0
21224.02,6000.0,3.54,18,24,5,46,0,1,2,0
3938.23,2500.0,1.58,14,20,0,29,0,0,0,0
4521.9,3000.0,1.51,10,21,0,41,0,0,0,0
962.95,1500.0,0.64,11,26,0,27,0,0,0,0
10697.64,12000.0,0.89,9,15,0,23,0,0,1,0
2893.7,6000.0,0.48,9,21,1,14,0,0,0,0
6994.34,6000.0,1.17,19,11,0,15,0,0,0,0
2342.75,1500.0,1.56,1,7,0,39,0,0,1,0
1116.72,1500.0,0.74,9,11,0,46,0,0,0,0
2161.24,1500.0,1.44,10,6,0,40,0,0,0,0
1642.57,1500.0,1.1,14,18,0,22,0,0,0,0
2503.61,2500.0,1.0,10,21,0,39,0,1,1,0
9941.87,6000.0,1.66,14,21,0,44,0,0,0,0
2099.2,4500.0,0.47,8,10,0,42,0,0,0,0
11995.33,6000.0,2.0,15,6,0,46,0,0,0,0
2637.44,2500.0,1.05,9,6,0,26,0,0,0,0
5771.02,4500.0,1.28,18,7,0,22,0,0,0,0
5735.34,8000.0,0.72,12,14,0,30,0,0,0,0
5542.84,6000.0,0.92,20,25,0,26,0,0,0,0
1624.1,1500.0,1.08,15,28,1,40,0,0,1,0
1145.65,2000.0,0.57,12,4,0,15,0,0,0,0
6355.45,6000.0,1.06,21,27,0,41,0,0,0,0
2938.02,3000.0,0.98,21,5,0,10,0,0,0,0
8897.84,12000.0,0.74,20,16,0,11,0,0,1,0
5351.98,4500.0,1.19,12,6,0,30,0,0,0,0
10539.5,2000.0,5.27,19,1,5,15,0,1,1,0
11777.62,8000.0,1.47,19,9,0,21,0,0,0,0
1433.14,2000.0,0.72,10,2,0,17,0,0,0,0
5109.09,4500.0,1.14,8,10,1,43,0,0,0,0
10998.5,2500.0,4.4,19,8,5,39,0,1,0,0
1190.57,1500.0,0.79,15,23,0,21,0,0,0,0
4653.97,4500.0,1.03,9,5,0,37,0,0,0,0
2750.86,2000.0,1.38,18,8,0,25,0,0,0,0
8109.04,8000.0,1.01,0,15,0,48,0,0,0,0
6733.22,4500.0,1.5,5,13,1,50,0,0,0,0
14403.0,2500.0,5.76,13,22,5,31,1,0,0,0
12979.34,12000.0,1.08,6,1,0,10,0,0,0,0
2503.18,3000.0,0.83,18,12,0,12,0,0,2,0
7602.02,4500.0,1.69,6,21,1,17,0,0,0,0
21953.73,1500.0,14.64,2,17,4,33,1,1,2,1
8896.24,12000.0,0.74,15,13,0,12,0,0,0,0
38889.41,8000.0,4.86,21,16,5,23,1,0,1,0
4638.27,3000.0,1.55,10,1,0,45,0,0,0,0
1130.39,1500.0,0.75,14,10,0,19,0,0,0,0
14783.95,3000.0,4.93,11,2,5,9,1,0,1,0
1314.17,1500.0,0.88,11,2,0,13,0,0,0,0
7559.68,4500.0,1.68,12,9,0,12,0,1,2,0
17520.23,8000.0,2.19,21,6,0,15,0,0,0,0
2156.13,1500.0,1.44,14,1,0,13,0,0,0,0
2512.63,1500.0,1.68,11,25,0,29,0,0,0,0
7094.27,12000.0,0.59,9,21,0,46,0,0,0,0
10227.97,6000.0,1.7,16,14,1,35,0,0,0,0
889.78,1500.0,0.59,11,13,0,35,0,0,2,0
2156.67,2500.0,0.86,17,9,0,46,0,0,0,0
3645.73,3000.0,1.22,20,6,0,37,0,0,0,0
15714.67,12000.0,1.31,11,11,1,15,0,0,1,0
2830.54,3000.0,0.94,16,25,0,6,0,0,0,0
7266.2,8000.0,0.91,18,12,0,17,0,0,0,0
2219.23,2500.0,0.89,13,9,1,26,0,0,0,0
34965.31,6000.0,5.83,16,2,3,22,0,0,1,0
62187.76,12000.0,5.18,15,9,4,28,1,0,1,0
24664.94,12000.0,2.06,5,18,0,35,0,0,0,0
10422.53,6000.0,1.74,9,14,0,25,0,0,1,0
10189.34,12000.0,0.85,10,25,0,21,0,0,0,0
5035.17,4500.0,1.12,13,23,1,33,0,0,1,0
751.17,1500.0,0.5,10,27,1,47,0,0,0,0
2648.87,4500.0,0.59,20,4,0,5,0,0,1,0
11516.17,12000.0,0.96,21,16,0,10,0,0,0,0
5435.94,3000.0,1.81,13,5,0,34,1,0,0,0
5094.47,2500.0,2.04,17,1,2,34,0,0,0,0
2161.71,2000.0,1.08,17,13,0,34,0,0,0,0
1599.78,3000.0,0.53,0,15,0,30,0,0,0,0
14065.93,12000.0,1.17,14,4,1,13,0,0,0,0
14729.41,12000.0,1.23,22,15,0,33,0,0,0,0
6840.76,3000.0,2.28,17,12,0,20,0,0,0,0
3707.86,3000.0,1.24,15,17,1,7,0,0,0,0
2443.68,2500.0,0.98,13,1,1,7,0,0,0,0
2322.5,8000.0,0.29,18,11,0,47,0,0,1,0
11668.03,12000.0,0.97,13,8,0,41,0,0,0,0
2089.17,2000.0,1.04,15,3,2,38,0,0,0,0
2472.78,2500.0,0.99,18,13,0,43,0,0,0,0
2363.57,1500.0,1.58,9,3,0,13,0,0,0,0
64777.2,12000.0,5.4,18,5,5,43,1,0,1,0
2243.74,2500.0,0.9,15,28,0,23,0,0,0,0
1466.72,1500.0,0.98,9,25,0,32,0,0,0,0
75112.08,3000.0,25.04,2,17,3,28,1,1,2,1
4545.32,4500.0,1.01,11,15,0,29,0,0,1,0
3526.58,2500.0,1.41,11,14,0,22,0,0,1,0
915.76,1500.0,0.61,13,27,0,14,0,0,0,0
1720.65,2500.0,0.69,19,16,0,28,0,0,0,0
1795.88,2500.0,0.72,15,23,1,8,0,0,0,0
42236.23,12000.0,3.52,10,28,5,50,1,0,1,0
13564.49,12000.0,1.13,14,22,1,19,0,0,0,0
9232.64,12000.0,0.77,9,19,0,49,0,0,0,0
5295.66,8000.0,0.66,18,21,1,45,0,0,0,0
64280.98,12000.0,5.36,12,26,3,48,1,1,1,0
1842.23,1500.0,1.23,4,18,0,6,0,0,0,0
9403.86,2000.0,4.7,18,6,3,38,0,0,1,0
2738.51,2500.0,1.1,9,1,0,17,0,0,0,0
28965.79,6000.0,4.83,16,2,5,33,1,0,0,0
1418.95,2000.0,0.71,15,23,0,46,0,0,0,0
19004.55,3000.0,6.33,9,21,7,10,1,0,1,1
4074.77,8000.0,0.51,7,20,1,22,0,0,1,0
10280.27,2500.0,4.11,18,20,4,9,1,1,0,0
2222.14,3000.0,0.74,20,15,0,20,0,0,0,0
1761.47,1500.0,1.17,19,16,0,47,0,0,0,0
4241.92,6000.0,0.71,12,19,0,38,0,0,0,0
11568.42,3000.0,3.86,10,19,5,44,0,0,1,0
1813.88,1500.0,1.21,10,12,0,7,0,0,0,0
1775.83,1500.0,1.18,15,5,0,45,0,0,0,0
7949.79,6000.0,1.32,12,9,1,8,0,0,0,0
4569.53,2000.0,2.28,11,10,0,19,0,0,0,0
5644.5,1500.0,3.76,18,21,5,10,1,0,1,0
3147.22,2500.0,1.26,3,16,0,48,0,0,0,0
5607.62,6000.0,0.93,17,24,0,24,0,0,0,0
2958.62,3000.0,0.99,11,9,0,10,0,0,0,0
9704.76,8000.0,1.21,6,17,0,31,0,0,0,0
2921.88,2000.0,1.46,18,24,0,22,0,0,0,0
1761.32,1500.0,1.17,10,11,0,32,0,0,0,0
2229.84,2000.0,1.11,14,11,0,28,0,0,1,0
1760.0,1500.0,1.17,8,20,0,5,1,0,0,0
1806.48,3000.0,0.6,8,16,0,30,0,0,0,0
6767.2,6000.0,1.13,13,2,1,36,0,0,0,0
2768.17,4500.0,0.62,17,22,0,5,0,0,2,0
1759.49,2000.0,0.88,15,6,0,38,0,0,0,0
2172.92,2500.0,0.87,9,12,0,48,0,0,0,0
14141.68,12000.0,1.18,10,19,0,21,1,0,0,0
1291.15,1500.0,0.86,12,15,0,27,0,0,0,0
4944.08,4500.0,1.1,12,9,0,13,0,0,0,0
1714.13,3000.0,0.57,10,18,0,28,0,0,1,0
12849.81,6000.0,2.14,16,7,0,34,0,0,1,0
10586.35,2000.0,5.29,9,16,3,9,1,0,2,0
6313.18,6000.0,1.05,13,4,0,41,0,0,0,0
3775.03,4500.0,0.84,10,28,0,48,0,0,0,0
4250.76,2500.0,1.7,8,14,0,46,0,0,0,0
6211.63,4500.0,1.38,19,26,0,21,1,0,0,0
2816.64,2500.0,1.13,2,7,0,40,0,0,0,0
7395.89,8000.0,0.92,9,22,0,48,0,0,1,0
3379.33,6000.0,0.56,22,28,0,47,0,0,0,0
66948.79,3000.0,22.32,8,26,6,35,1,1,1,1
6498.23,6000.0,1.08,14,11,1,38,0,0,0,0
1380.64,2000.0,0.69,12,3,0,46,0,0,0,0
9797.6,12000.0,0.82,9,10,1,42,0,0,0,0
1217.18,2000.0,0.61,12,22,0,28,0,0,0,0
5870.9,1500.0,3.91,11,25,4,24,1,0,1,0
1610.02,1500.0,1.07,8,20,0,45,0,0,0,0
1944.05,3000.0,0.65,6,12,1,44,0,0,0,0
2176.34,1500.0,1.45,11,7,0,33,0,0,0,0
2689.13,2500.0,1.08,16,12,0,31,0,0,0,0
1520.33,1500.0,1.01,17,17,0,30,0,0,0,0
8267.43,8000.0,1.03,8,17,0,33,0,0,0,0
2831.07,2000.0,1.42,16,13,1,42,0,0,0,0
12915.44,12000.0,1.08,8,19,0,16,0,0,0,0
3402.44,2500.0,1.36,0,28,0,32,0,0,0,0
4198.86,6000.0,0.7,17,1,0,36,0,0,0,0
1980.92,2500.0,0.79,18,4,0,39,0,0,0,0
5425.7,8000.0,0.68,10,7,0,19,0,0,0,0
14021.8,4000.0,3.51,3,14,8,6,1,1,2,1
2915.63,2000.0,1.46,17,18,0,33,0,0,0,0
7810.62,4500.0,1.74,9,11,0,12,0,0,0,0
711.41,2000.0,0.36,12,11,0,11,0,0,0,0
1659.46,2000.0,0.83,11,5,0,39,0,0,0,0
3480.25,2000.0,1.74,18,1,0,32,0,0,0,0
9327.67,2000.0,4.66,8,6,4,26,1,1,1,0
12967.77,12000.0,1.08,17,14,0,36,0,0,0,0
3022.81,6000.0,0.5,23,10,0,41,0,0,1,0
2631.72,2000.0,1.32,15,19,0,14,0,0,0,0
1399.28,2500.0,0.56,21,23,0,49,0,0,1,0
26342.53,6000.0,4.39,16,16,5,40,0,0,0,0
1539.69,2500.0,0.62,17,25,0,9,0,0,1,0
3961.94,3000.0,1.32,9,10,0,19,0,0,0,0
1028.49,1500.0,0.69,12,25,1,48,0,0,0,0
1322.58,2000.0,0.66,15,9,1,10,0,0,0,0
10529.62,8000.0,1.32,18,28,0,30,0,0,0,0
6395.04,4500.0,1.42,9,9,2,20,0,0,0,0
12777.89,2500.0,5.11,13,10,4,19,0,1,1,0
13356.27,12000.0,1.11,13,14,0,10,0,0,1,0
1058.62,2500.0,0.42,9,18,0,41,0,0,0,0
12164.79,2500.0,4.87,12,15,3,34,0,1,2,0
1537.99,2500.0,0.62,12,2,0,19,0,0,0,0
1888.57,3000.0,0.63,18,22,0,48,0,0,1,0
4381.16,3000.0,1.46,10,22,0,42,0,0,0,0
16697.0,4000.0,4.17,14,13,5,17,1,0,1,1
4646.15,3000.0,1.55,0,24,0,11,0,0,0,0
4579.88,6000.0,0.76,15,20,0,47,1,0,0,0
4158.56,3000.0,1.39,18,22,0,37,0,0,0,0
2319.99,1500.0,1.55,14,8,0,16,0,0,0,0
7672.42,6000.0,1.28,20,19,0,32,0,0,0,0
9372.6,2500.0,3.75,14,15,5,12,1,1,1,0
11686.3,8000.0,1.46,12,8,0,33,0,0,0,0
16848.97,12000.0,1.4,18,6,0,5,0,0,0,0
2344.88,2500.0,0.94,11,18,1,42,0,0,0,0
1966.04,1500.0,1.31,15,19,0,50,0,0,0,0
4603.48,3000.0,1.53,18,21,0,43,0,0,0,0
18290.23,4500.0,4.06,16,19,4,31,1,1,1,0
1755.85,1500.0,1.17,0,2,1,24,0,0,0,0
17476.1,8000.0,2.18,15,28,0,20,0,0,0,0
4928.56,6000.0,0.82,15,22,0,42,0,0,0,0
2941.47,2000.0,1.47,15,15,0,28,0,0,0,0
2021.09,3000.0,0.67,16,6,0,31,0,0,0,0
1824.72,2000.0,0.91,16,6,0,24,0,0,0,0
5317.34,8000.0,0.66,12,26,0,29,0,0,0,0
1854.48,2500.0,0.74,18,23,0,44,0,0,1,0
2257.69,3000.0,0.75,14,1,0,22,0,0,0,0
15808.11,4500.0,3.51,6,13,5,10,1,0,2,0
32612.03,6000.0,5.44,9,3,5,34,1,0,2,0
18467.04,4000.0,4.62,23,10,8,21,1,1,2,1
35871.17,8000.0,4.48,22,26,4,25,1,1,1,0
39202.2,1500.0,26.13,6,27,6,35,1,1,1,1
7536.99,12000.0,0.63,9,16,2,10,0,0,0,0
7841.88,8000.0,0.98,6,24,0,8,0,0,0,0
3674.87,3000.0,1.22,16,2,0,26,0,0,0,0
4682.88,6000.0,0.78,11,24,0,25,0,0,0,0
3636.0,2500.0,1.45,12,3,0,39,0,0,0,0
15501.07,3000.0,5.17,16,22,3,8,0,0,0,0
2528.69,2000.0,1.26,11,27,0,41,0,0,0,0
1500.93,3000.0,0.5,10,2,0,21,1,0,0,0
10267.04,2500.0,4.11,13,13,4,17,1,0,1,0
15784.04,12000.0,1.32,14,7,0,49,0,0,0,0
2985.85,2000.0,1.49,11,21,1,47,0,0,1,0
1770.02,1500.0,1.18,16,7,0,12,0,0,0,0
1329.87,2000.0,0.66,15,3,1,45,0,0,0,0
16783.71,12000.0,1.4,13,25,0,50,0,0,0,0
3494.12,4500.0,0.78,10,5,0,15,0,0,0,0
2035.28,2000.0,1.02,11,16,0,29,0,0,2,0
1995.45,2500.0,0.8,8,3,0,17,0,0,0,0
3334.5,2500.0,1.33,8,9,0,7,0,0,1,0
2604.05,2000.0,1.3,14,9,0,11,0,0,0,0
11133.87,2500.0,4.45,14,25,3,24,0,1,2,0
6692.83,1500.0,4.46,13,26,3,41,1,0,0,0
11741.01,2000.0,5.87,14,19,5,21,1,0,1,0
7263.69,6000.0,1.21,15,28,0,15,0,0,0,0
12044.1,8000.0,1.51,14,11,0,32,0,0,0,0
2316.26,2500.0,0.93,11,26,1,14,0,0,0,0
6005.33,2500.0,2.4,19,27,0,32,0,0,0,0
3353.77,2000.0,1.68,10,11,0,33,0,0,0,0
3929.45,4500.0,0.87,21,22,0,9,0,0,0,0
17474.38,4500.0,3.88,19,15,3,32,0,0,1,0
2586.8,2000.0,1.29,15,10,0,36,0,0,0,0
3750.95,6000.0,0.63,21,4,0,7,0,0,0,0
4833.61,2500.0,1.93,18,8,0,27,0,1,0,0
20249.89,12000.0,1.69,12,12,0,34,0,0,0,0
7535.26,12000.0,0.63,6,8,0,19,0,0,0,0
7692.56,4500.0,1.71,13,11,0,6,0,0,0,0
771.08,1500.0,0.51,16,21,0,29,0,0,0,0
12454.93,6000.0,2.08,9,4,0,17,1,0,0,0
12474.34,8000.0,1.56,21,7,0,20,0,0,2,0
14533.66,12000.0,1.21,13,23,0,25,0,0,0,0
3532.08,1500.0,2.35,14,5,0,41,0,0,0,0
13931.62,2500.0,5.57,11,24,4,37,1,0,2,0
6757.27,4500.0,1.5,18,2,0,24,0,0,0,0
1888.82,1500.0,1.26,18,18,0,16,0,0,0,0
7857.66,4500.0,1.75,15,15,0,29,0,0,0,0
9807.55,6000.0,1.63,17,1,0,50,0,0,0,0
806.41,1500.0,0.54,11,16,0,17,0,0,0,0
2939.46,6000.0,0.49,21,26,0,19,0,0,0,0
1943.71,1500.0,1.3,11,9,0,30,0,1,0,0
1649.53,1500.0,1.1,7,17,1,8,0,0,1,0
1993.73,3000.0,0.66,17,10,0,48,0,0,1,0
56354.8,12000.0,4.7,15,28,5,49,1,1,0,0
47030.49,1500.0,31.35,3,11,5,27,1,1,2,1
3553.29,3000.0,1.18,18,10,1,32,0,0,0,0
1158.96,1500.0,0.77,16,15,0,27,0,0,2,0
1566.42,2000.0,0.78,9,15,0,9,0,0,1,0
4383.87,6000.0,0.73,8,12,0,21,0,0,1,0
13923.3,8000.0,1.74,17,19,0,21,0,0,0,0
19505.96,4500.0,4.33,10,28,4,32,0,0,2,0
4505.15,6000.0,0.75,20,1,0,7,0,0,0,0
4353.16,2000.0,2.18,9,26,2,46,0,0,0,0
4378.02,6000.0,0.73,7,18,1,11,0,0,0,0
17109.57,3000.0,5.7,8,23,4,37,1,1,1,1
9780.81,12000.0,0.82,10,15,0,16,0,0,0,0
4661.79,3000.0,1.55,11,7,0,6,0,0,1,0
5851.89,3000.0,1.95,21,22,0,37,0,0,0,0
7867.38,8000.0,0.98,17,21,0,10,0,0,0,0
4738.27,3000.0,1.58,13,28,0,41,0,0,1,0
7061.3,8000.0,0.88,16,17,0,27,0,0,0,0
10784.61,12000.0,0.9,9,17,0,19,0,0,0,0
6069.54,12000.0,0.51,20,6,0,7,0,0,0,0
12737.66,2500.0,5.1,15,19,4,13,0,0,1,0
3584.15,3000.0,1.19,16,23,1,21,0,0,0,0
9236.3,2500.0,3.69,12,25,5,26,1,1,1,0
4028.41,6000.0,0.67,9,5,0,9,0,0,1,0
3001.88,3000.0,1.0,16,7,0,31,0,0,0,0
5021.51,3000.0,1.67,11,7,0,44,0,0,0,0
2003.88,1500.0,1.34,19,23,0,15,1,0,1,0
4777.34,4500.0,1.06,1,16,1,11,0,0,0,0
7219.67,4500.0,1.6,7,27,0,16,0,0,1,0
3147.11,6000.0,0.52,8,12,1,26,0,0,1,0
14271.75,12000.0,1.19,6,3,0,13,0,0,0,0
2916.05,2500.0,1.17,15,1,0,23,0,0,1,0
2823.13,2000.0,1.41,12,4,1,30,0,0,1,0
9379.43,12000.0,0.78,17,12,2,50,0,0,0,0
4588.83,6000.0,0.76,8,28,0,48,0,0,0,0
2076.35,2000.0,1.04,20,6,0,39,0,0,0,0
4675.73,4500.0,1.04,17,24,0,22,0,0,0,0
2068.58,2500.0,0.83,15,14,1,35,0,0,0,0
11836.6,12000.0,0.99,12,3,0,32,1,0,0,0
1579.28,2000.0,0.79,11,12,0,7,0,0,0,0
3788.84,4500.0,0.84,13,19,0,48,0,0,0,0
1656.88,4500.0,0.37,13,16,0,8,0,0,1,0
1767.49,1500.0,1.18,6,25,0,26,0,0,0,0
93601.15,4000.0,23.4,1,5,8,50,1,1,2,1
5447.28,1500.0,3.63,21,25,3,44,1,0,0,0
4743.76,8000.0,0.59,5,1,0,31,0,0,0,0
8210.9,8000.0,1.03,14,10,0,39,0,0,0,0
7754.84,8000.0,0.97,15,25,0,10,0,0,0,0
2925.39,1500.0,1.95,14,1,0,48,0,0,0,0
23821.43,4500.0,5.29,16,1,5,44,1,1,2,0
16114.19,4500.0,3.58,6,17,4,27,1,1,1,0
13395.72,6000.0,2.23,15,17,0,31,0,0,1,0
35311.42,8000.0,4.41,10,20,5,13,1,1,1,0
10306.95,8000.0,1.29,19,15,0,18,0,0,0,0
17116.49,12000.0,1.43,8,5,0,7,0,0,0,0
5527.62,4500.0,1.23,9,28,1,25,0,0,0,0
1696.86,1500.0,1.13,11,25,0,33,0,0,1,0
5071.71,6000.0,0.85,11,11,1,9,0,0,0,0
6137.42,6000.0,1.02,19,4,0,40,0,0,1,0
4808.35,6000.0,0.8,16,27,0,33,0,0,1,0
6951.96,8000.0,0.87,16,7,0,16,0,0,0,0
2766.11,3000.0,0.92,20,6,0,31,0,1,0,0
13793.84,2500.0,5.52,10,9,3,46,1,0,0,0
5070.63,3000.0,1.69,22,27,0,33,0,0,0,0
8804.93,2000.0,4.4,16,28,3,37,1,1,1,0
2120.3,2500.0,0.85,12,28,0,34,0,0,0,0
6218.4,4500.0,1.38,16,23,1,22,0,0,1,0
10373.03,12000.0,0.86,18,15,0,46,0,0,0,0
3838.25,4500.0,0.85,17,10,1,31,0,0,0,0
1829.45,3000.0,0.61,13,2,0,50,0,0,0,0
1971.59,3000.0,0.66,15,22,1,38,0,0,0,0
4650.71,4500.0,1.03,12,16,1,49,0,0,0,0
66761.83,12000.0,5.56,17,24,4,37,1,1,1,0
12588.78,8000.0,1.57,11,7,0,32,0,0,0,0
2367.08,1500.0,1.58,21,26,0,32,0,0,0,0
45788.29,3000.0,15.26,3,5,5,41,1,1,1,1
44947.81,2000.0,22.47,4,14,6,32,1,1,2,1
1917.49,2500.0,0.77,15,2,0,12,0,0,0,0
8311.74,4500.0,1.85,10,14,0,16,0,0,0,0
54278.98,12000.0,4.52,7,18,3,19,1,0,1,0
77680.67,2500.0,31.07,21,15,2,16,1,1,2,1
3908.23,4500.0,0.87,17,17,0,22,0,0,0,0
5221.08,6000.0,0.87,16,13,0,38,0,0,0,0
6947.29,12000.0,0.58,9,20,0,45,0,0,0,0
3315.11,2500.0,1.33,19,1,0,48,0,0,0,0
2662.91,2500.0,1.07,17,20,0,32,0,0,0,0
6027.53,6000.0,1.0,10,6,0,14,0,0,0,0
15940.64,3000.0,5.31,13,23,4,20,1,0,1,0
4132.4,4500.0,0.92,9,24,0,28,0,0,0,0
3704.11,4500.0,0.82,15,28,0,15,0,0,0,0
3232.16,1500.0,2.15,11,28,0,26,0,0,0,0
18609.0,12000.0,1.55,7,15,0,28,1,0,0,0
905.85,2000.0,0.45,15,25,0,14,0,0,0,0
10188.45,8000.0,1.27,9,20,0,31,0,0,0,0
25342.14,6000.0,4.22,12,23,3,6,1,0,1,0
1245.41,2000.0,0.62,14,27,0,33,0,0,0,0
5753.16,8000.0,0.72,6,16,0,17,0,0,0,0
7688.03,4500.0,1.71,11,20,0,12,0,0,0,0
10541.24,1500.0,7.03,14,1,5,24,1,0,2,1
24053.34,6000.0,4.01,17,3,4,37,1,0,1,0
8512.42,6000.0,1.42,21,11,0,29,0,0,0,0
6563.38,12000.0,0.55,12,25,0,42,0,0,0,0
2354.28,1500.0,1.57,22,1,2,23,0,0,0,0
23094.6,12000.0,1.92,21,5,0,25,0,0,0,0
7624.19,8000.0,0.95,15,11,0,32,0,0,0,0
4178.58,2500.0,1.67,18,2,0,17,0,0,0,0
3831.29,4500.0,0.85,8,19,0,12,0,1,0,0
1688.12,2500.0,0.68,15,12,0,39,0,0,0,0
3070.35,3000.0,1.02,11,14,0,37,0,0,0,0
1243.07,1500.0,0.83,7,3,0,14,0,0,0,0
48585.79,12000.0,4.05,11,15,3,20,1,0,1,0
1343.37,3000.0,0.45,11,8,0,25,0,0,1,0
1035.12,1500.0,0.69,19,28,0,48,0,0,0,0
1020.61,1500.0,0.68,16,7,0,12,0,0,0,0
1103.97,3000.0,0.37,13,4,0,46,0,0,0,0
5158.58,6000.0,0.86,7,1,0,13,0,0,0,0
4562.34,6000.0,0.76,17,2,0,23,0,0,0,0
1675.61,2000.0,0.84,14,22,0,34,0,0,0,0
3064.39,2000.0,1.53,11,21,1,29,0,0,0,0
3766.89,8000.0,0.47,11,27,0,48,0,0,0,0
3958.96,4500.0,0.88,15,28,0,17,0,0,0,0
11000.66,2500.0,4.4,9,11,5,27,1,0,1,0
3345.36,2500.0,1.34,20,21,1,13,0,0,0,0
7555.64,8000.0,0.94,9,16,2,31,0,0,0,0
6819.54,8000.0,0.85,11,7,0,49,0,0,0,0
2102.68,1500.0,1.4,18,28,0,34,0,0,0,0
980.91,2000.0,0.49,17,27,0,23,0,0,0,0
15650.99,12000.0,1.3,20,28,0,33,0,0,0,0
1429.82,3000.0,0.48,18,22,0,20,0,0,0,0
5739.29,8000.0,0.72,12,21,1,7,0,0,0,0
1228.62,1500.0,0.82,9,14,0,34,0,0,0,0
16877.48,3000.0,5.63,10,5,5,48,1,0,1,0
27642.45,12000.0,2.3,12,25,0,44,0,0,0,0
7276.21,8000.0,0.91,3,8,0,11,0,0,0,0
1939.91,2000.0,0.97,15,3,0,40,0,0,0,0
9785.51,8000.0,1.22,9,7,0,40,0,0,1,0
18061.65,12000.0,1.51,17,27,0,9,0,0,0,0
4780.43,4500.0,1.06,13,28,1,7,0,0,1,0
1733.54,2000.0,0.87,19,2,0,20,0,0,0,0
2381.69,2000.0,1.19,5,11,1,19,0,0,0,0
4947.74,2000.0,2.47,11,18,0,41,0,0,0,0
9613.16,8000.0,1.2,14,5,1,32,0,0,0,0
5092.17,8000.0,0.64,16,5,0,12,0,0,0,0
3148.96,4500.0,0.7,14,23,0,37,0,0,0,0
69851.95,12000.0,5.82,11,26,5,39,1,1,1,0
5795.05,4500.0,1.29,14,28,1,38,0,0,0,0
11552.04,2000.0,5.78,15,26,3,34,1,1,2,0
3061.41,3000.0,1.02,11,10,0,35,0,0,1,0
3341.19,1500.0,2.23,14,17,0,25,0,0,0,0
3911.3,4500.0,0.87,9,14,0,24,0,0,1,0
2038.52,2500.0,0.82,19,24,0,22,0,0,0,0
6928.9,12000.0,0.58,20,4,0,35,0,0,0,0
2332.55,3000.0,0.78,19,28,0,13,0,0,0,0
5481.3,6000.0,0.91,17,20,0,31,0,0,0,0
4931.56,3000.0,1.64,18,17,0,38,1,0,1,0
11249.81,12000.0,0.94,9,8,0,47,0,0,0,0
2844.42,2000.0,1.42,5,2,0,9,0,0,0,0
11277.44,2000.0,5.64,14,26,3,11,1,0,1,0
11837.83,8000.0,1.48,14,19,0,23,0,0,0,0
30203.35,8000.0,3.78,7,14,5,8,0,0,0,0
9635.33,8000.0,1.2,19,2,0,43,0,0,0,0
10136.93,12000.0,0.84,13,28,0,42,0,0,0,0
3303.59,4500.0,0.73,14,28,0,20,0,0,1,0
2581.81,4500.0,0.57,12,19,0,22,0,0,0,0
5090.3,6000.0,0.85,11,12,0,36,0,0,1,0
2911.8,4500.0,0.65,7,21,0,19,0,0,1,0
13156.9,2500.0,5.26,5,11,5,17,0,0,1,0
1617.88,2000.0,0.81,21,28,0,39,0,0,0,0
2777.82,6000.0,0.46,11,7,0,49,0,0,2,0
2193.21,1500.0,1.46,2,12,0,24,0,0,1,0
7156.86,12000.0,0.6,19,8,1,10,0,0,0,0
1358.49,1500.0,0.91,8,21,0,6,0,0,0,0
15560.91,8000.0,1.95,18,16,0,40,0,0,0,0
11464.83,6000.0,1.91,14,11,0,17,0,0,0,0
2097.48,1500.0,1.4,18,14,0,40,0,0,0,0
23854.3,12000.0,1.99,11,8,0,16,0,0,1,0
7864.46,4500.0,1.75,19,6,0,19,1,0,0,0
10767.31,8000.0,1.35,18,12,0,27,0,0,0,0
4280.01,4500.0,0.95,8,16,1,22,0,0,1,0
11359.9,2000.0,5.68,16,12,3,25,1,0,1,0
1795.1,2000.0,0.9,12,2,0,37,0,0,0,0
2396.67,3000.0,0.8,10,13,1,27,0,0,0,0
9002.07,8000.0,1.13,12,14,0,10,0,0,0,0
3250.8,6000.0,0.54,18,1,1,48,1,0,0,0
17466.87,3000.0,5.82,17,12,4,38,1,0,1,0
34616.5,8000.0,4.33,12,25,4,50,1,1,2,0
6084.96,8000.0,0.76,17,6,0,46,0,0,0,0
18169.44,4500.0,4.04,14,25,5,28,1,1,2,0
2826.4,2500.0,1.13,12,5,0,30,0,0,0,0
2195.12,1500.0,1.46,12,9,0,50,0,0,0,0
10446.05,8000.0,1.31,9,22,0,46,0,0,0,0
1939.66,2000.0,0.97,11,24,0,47,0,0,1,0
7137.0,4500.0,1.59,17,21,0,20,0,0,0,0
2239.36,3000.0,0.75,20,24,0,19,0,0,0,0
6609.96,6000.0,1.1,10,5,0,36,0,0,0,0
2144.91,2000.0,1.07,19,6,1,12,0,0,0,0
878.52,3000.0,0.29,17,17,0,30,0,0,0,0
19734.49,12000.0,1.64,14,6,0,9,0,0,1,0
9493.37,8000.0,1.19,10,24,0,26,0,0,0,0
8782.84,12000.0,0.73,9,1,0,36,0,0,2,0
10800.44,8000.0,1.35,12,6,0,38,0,0,0,0
4038.32,4500.0,0.9,15,28,0,48,0,1,0,0
4801.28,6000.0,0.8,19,9,0,10,0,0,0,0
3110.0,3000.0,1.04,14,18,1,5,0,0,0,0
3917.14,4500.0,0.87,10,18,0,23,0,0,0,0
4516.75,4500.0,1.0,14,8,0,19,1,0,0,0
65744.09,12000.0,5.48,8,11,5,50,1,0,1,0
2653.45,2500.0,1.06,5,21,0,38,0,0,1,0
2760.74,2000.0,1.38,10,19,0,11,0,0,0,0
2536.5,2000.0,1.27,18,16,0,48,0,0,0,0
996.63,1500.0,0.66,9,23,0,8,0,0,0,0
1944.67,2500.0,0.78,15,2,0,40,0,0,1,0
2133.05,2000.0,1.07,16,14,1,15,0,0,0,0
6097.73,2500.0,2.44,7,25,0,40,0,0,0,0
1484.93,2000.0,0.74,19,21,0,29,0,0,1,0
3525.76,3000.0,1.18,20,19,0,5,0,0,0,0
9911.18,8000.0,1.24,22,19,0,23,0,0,0,0
10333.14,12000.0,0.86,14,20,0,26,0,0,0,0
9336.43,6000.0,1.56,15,9,0,5,0,0,1,0
1873.48,3000.0,0.62,13,14,0,27,0,0,0,0
1271.36,1500.0,0.85,10,10,0,27,0,0,1,0
4470.85,6000.0,0.75,10,24,0,13,1,0,1,0
2682.94,3000.0,0.89,18,18,1,50,0,1,0,0
2448.16,2500.0,0.98,8,7,0,37,0,0,0,0
1071.4,1500.0,0.71,6,18,1,36,0,0,0,0
1209.5,1500.0,0.81,19,3,0,27,0,1,1,0
5640.98,1500.0,3.76,16,16,4,40,0,1,0,0
2143.11,3000.0,0.71,16,17,0,31,0,0,1,0
2879.21,4500.0,0.64,8,6,1,7,0,0,0,0
32849.77,6000.0,5.47,11,19,3,25,0,1,1,0
2267.16,2500.0,0.91,19,19,0,26,0,0,0,0
1883.92,2000.0,0.94,13,8,0,48,0,0,1,0
4258.86,2500.0,1.7,9,1,0,12,0,0,1,0
18970.07,4500.0,4.22,15,9,4,42,0,0,0,0
1319.37,2000.0,0.66,13,17,0,35,1,0,0,0
4661.63,4500.0,1.04,4,14,0,21,0,0,0,0
3496.32,1500.0,2.33,16,19,0,17,0,0,0,0
3522.6,3000.0,1.17,13,20,0,35,0,0,0,0
46646.75,8000.0,5.83,15,28,5,43,1,0,1,0
17575.54,12000.0,1.46,16,9,0,49,0,0,0,0
7614.47,2000.0,3.81,8,9,5,49,1,1,1,0
9002.75,2000.0,4.5,17,19,3,6,1,0,2,0
12451.68,3000.0,4.15,10,15,5,32,0,0,1,0
3645.49,2500.0,1.46,16,5,0,42,0,0,0,0
1562.09,2500.0,0.62,10,16,0,26,0,0,0,0
1676.07,3000.0,0.56,19,26,0,17,0,0,0,0
9711.52,2500.0,3.88,5,20,4,40,1,0,2,0
6113.69,6000.0,1.02,16,6,0,50,0,0,0,0
1805.49,2500.0,0.72,17,9,0,37,0,0,0,0
1764.8,2500.0,0.71,10,10,0,34,0,0,0,0
3328.03,3000.0,1.11,11,12,0,31,0,0,0,0
5366.73,8000.0,0.67,9,2,0,41,0,0,0,0
11073.88,3000.0,3.69,10,25,5,36,0,0,2,0
2265.71,3000.0,0.76,20,8,2,35,0,0,0,0
35664.44,2000.0,17.83,3,11,4,46,1,1,2,1
4138.35,4500.0,0.92,17,1,0,13,0,0,1,0
1973.66,2000.0,0.99,16,18,0,31,0,0,0,0
10173.95,2000.0,5.09,19,21,5,47,1,0,1,0
7005.69,6000.0,1.17,7,6,0,44,0,0,0,0
1086.37,3000.0,0.36,12,10,0,26,0,0,0,0
2649.18,4500.0,0.59,11,2,0,45,0,0,0,0
1164.8,2000.0,0.58,12,26,0,16,0,0,0,0
8781.21,2000.0,4.39,23,19,3,11,0,0,0,0
1865.68,1500.0,1.24,9,16,0,30,0,0,2,0
6019.97,12000.0,0.5,7,25,0,50,0,0,0,0
1637.87,2500.0,0.66,12,4,1,6,0,0,0,0
4225.76,4500.0,0.94,22,26,0,46,0,0,0,0
5560.1,4500.0,1.24,16,17,0,31,0,0,0,0
4734.9,8000.0,0.59,13,19,0,42,0,0,1,0
35436.59,1500.0,23.62,3,2,4,48,1,1,1,1
3914.9,8000.0,0.49,11,17,1,46,0,0,1,0
5088.19,4500.0,1.13,15,4,0,40,0,0,2,0
1843.39,2500.0,0.74,8,9,0,50,0,0,0,0
8903.25,2000.0,4.45,10,15,3,6,1,0,1,0
16053.13,3000.0,5.35,11,6,5,15,1,1,0,0
1664.9,1500.0,1.11,12,10,0,13,0,0,1,0
8149.47,12000.0,0.68,11,15,0,24,0,0,0,0
13840.59,2500.0,5.54,15,1,3,6,1,1,0,0
8720.29,2000.0,4.36,22,21,5,40,1,0,2,1
1573.26,1500.0,1.05,16,20,1,25,0,0,0,0
13335.52,12000.0,1.11,7,6,0,46,0,0,0,0
12995.3,12000.0,1.08,15,21,0,43,0,0,0,0
8148.19,12000.0,0.68,13,6,0,18,0,0,0,0
4894.9,6000.0,0.82,20,9,0,39,0,0,0,0
5503.25,1500.0,3.67,13,7,4,7,1,0,1,0
3940.1,4500.0,0.88,16,26,0,30,0,0,0,0
2613.26,2500.0,1.05,10,17,0,41,1,0,0,0
1295.86,2000.0,0.65,10,11,0,46,0,0,0,0
5789.46,4500.0,1.29,14,21,0,7,0,0,1,0
1105.04,3000.0,0.37,9,26,0,17,0,0,0,0
5028.13,6000.0,0.84,23,17,0,36,0,0,0,0
1515.37,1500.0,1.01,18,20,0,27,0,0,0,0
21825.23,12000.0,1.82,14,15,1,18,0,0,1,0
2638.18,3000.0,0.88,18,12,0,36,0,0,0,0
6926.33,1500.0,4.62,20,4,4,30,0,1,1,0
2628.84,3000.0,0.88,12,26,1,28,0,0,1,0
1304.49,1500.0,0.87,14,4,0,29,0,0,0,0
5035.03,4500.0,1.12,19,20,0,6,0,0,0,0
2129.6,2500.0,0.85,14,16,1,25,0,0,0,0
1915.84,2000.0,0.96,5,9,0,12,0,0,1,0
1699.49,1500.0,1.13,17,1,0,29,0,0,1,0
5412.16,4500.0,1.2,13,26,0,19,0,0,0,0
2457.66,2500.0,0.98,12,1,0,20,0,0,0,0
5602.79,12000.0,0.47,11,12,1,45,0,0,0,0
1594.39,3000.0,0.53,11,24,0,33,0,0,0,0
3112.56,2500.0,1.25,10,22,0,14,0,0,0,0
30015.96,2500.0,12.01,22,22,9,32,1,1,2,1
3137.4,2500.0,1.25,7,19,0,24,0,0,0,0
6167.63,8000.0,0.77,18,26,0,8,0,0,0,0
5890.28,4500.0,1.31,16,3,1,49,0,0,0,0
2112.19,3000.0,0.7,11,24,0,25,0,1,0,0
4030.91,4500.0,0.9,11,10,0,40,0,0,1,0
1418.36,1500.0,0.95,8,19,0,17,0,0,1,0
2805.58,3000.0,0.94,10,14,1,5,0,0,0,0
1074.44,2000.0,0.54,20,26,1,31,0,0,0,0
1446.48,1500.0,0.96,7,3,0,26,0,0,1,0
698.98,1500.0,0.47,19,16,0,26,0,0,0,0
15203.35,3000.0,5.07,18,25,3,40,1,1,1,0
2529.45,2500.0,1.01,19,24,0,45,0,0,0,0
8180.2,8000.0,1.02,7,7,0,33,0,0,0,0
8317.17,8000.0,1.04,17,17,0,17,0,0,0,0
832.57,2000.0,0.42,15,3,0,28,0,0,0,0
2397.28,2000.0,1.2,17,23,0,31,0,0,0,0
2984.67,2500.0,1.19,17,16,0,48,0,0,1,0
4248.61,2500.0,1.7,17,9,0,21,0,0,0,0
8819.87,12000.0,0.73,20,9,1,26,0,0,0,0
4955.19,8000.0,0.62,19,6,0,34,0,0,0,0
11281.98,12000.0,0.94,16,9,0,45,0,0,0,0
3864.05,6000.0,0.64,15,10,0,13,0,0,0,0
1326.68,1500.0,0.88,13,21,0,15,0,0,0,0
2079.43,1500.0,1.39,6,13,0,16,0,0,0,0
7424.32,12000.0,0.62,7,8,0,29,0,0,0,0
5948.68,6000.0,0.99,7,8,0,21,0,0,1,0
913.5,2500.0,0.37,16,4,0,31,0,0,0,0
13275.37,2500.0,5.31,21,11,4,8,1,0,1,0
1007.04,1500.0,0.67,10,12,0,21,0,0,0,0
7417.41,8000.0,0.93,20,19,0,22,0,0,0,0
6127.24,4500.0,1.36,9,27,0,41,0,0,0,0
1526.55,1500.0,1.02,17,5,0,25,0,1,0,0
2021.03,2000.0,1.01,16,9,0,48,1,0,0,0
9586.95,12000.0,0.8,11,12,1,19,0,0,0,0
7832.93,8000.0,0.98,3,19,0,35,0,0,0,0
29803.32,8000.0,3.73,10,24,4,40,1,0,2,0
90830.09,4000.0,22.71,3,23,7,14,1,1,2,1
11782.1,8000.0,1.47,8,22,1,27,0,0,0,0
5168.0,4500.0,1.15,17,2,0,5,0,0,0,0
1064.26,2000.0,0.53,8,17,0,8,0,0,0,0
24731.11,4500.0,5.5,8,19,3,10,1,0,2,0
2645.97,1500.0,1.76,19,24,1,33,0,0,0,0
8977.64,6000.0,1.5,14,21,1,9,0,0,0,0
2822.12,3000.0,0.94,11,25,0,39,0,0,1,0
6736.78,8000.0,0.84,9,18,0,31,0,0,1,0
1486.11,2000.0,0.74,7,22,0,7,0,0,0,0
20150.72,4000.0,5.04,19,25,3,39,1,0,1,1
3099.82,3000.0,1.03,18,22,0,23,0,0,0,0
2087.69,2500.0,0.84,10,11,1,49,0,0,0,0
6254.07,1500.0,4.17,7,15,4,30,1,0,1,0
11315.92,8000.0,1.41,16,28,1,29,0,0,0,0
6810.99,3000.0,2.27,12,7,0,31,0,0,0,0
6122.93,6000.0,1.02,4,2,0,18,0,0,0,0
7821.18,4500.0,1.74,18,15,0,29,0,0,0,0
9096.07,6000.0,1.52,7,17,0,48,0,0,0,0
12856.34,1500.0,8.57,1,15,5,22,1,1,2,1
2286.91,2500.0,0.91,15,26,0,14,0,0,1,0
1118.16,1500.0,0.75,8,22,0,32,0,0,0,0
1585.25,2000.0,0.79,13,6,0,14,0,0,0,0
6650.76,6000.0,1.11,11,25,0,23,0,0,0,0
44550.87,12000.0,3.71,17,2,4,20,0,1,0,0
52435.07,12000.0,4.37,18,24,3,15,0,0,1,0
5202.11,6000.0,0.87,9,7,1,19,0,0,0,0
614.36,1500.0,0.41,20,19,0,13,0,0,0,0
6292.63,8000.0,0.79,10,14,0,6,0,0,0,0
33585.37,8000.0,4.2,15,16,3,46,0,0,1,0
4692.32,6000.0,0.78,11,25,0,36,0,0,0,0
24905.52,12000.0,2.08,10,20,0,14,0,0,0,0
1775.41,2500.0,0.71,19,9,0,34,0,0,0,0
2535.29,3000.0,0.85,13,15,1,46,0,0,0,0
2321.41,2500.0,0.93,12,27,0,47,0,0,0,0
1515.53,3000.0,0.51,17,14,0,10,0,0,1,0
8915.08,2000.0,4.46,17,7,4,46,0,1,0,0
11943.45,12000.0,1.0,17,6,0,45,0,0,0,0
10156.42,12000.0,0.85,11,18,0,20,0,0,0,0
11797.8,12000.0,0.98,16,7,0,21,0,0,0,0
3497.1,4500.0,0.78,19,19,0,29,0,0,0,0
1994.53,6000.0,0.33,5,5,0,39,0,0,0,0
8846.08,2000.0,4.42,19,5,5,32,1,0,2,0
2090.17,2500.0,0.84,12,24,0,9,0,0,0,0
1223.58,1500.0,0.82,11,2,0,40,0,0,0,0
1496.47,2000.0,0.75,18,21,0,5,0,0,0,0
9367.61,12000.0,0.78,21,1,1,26,0,0,0,0
3285.5,6000.0,0.55,17,17,0,24,0,0,0,0
8636.57,2000.0,4.32,22,10,4,11,1,1,2,0
2415.73,3000.0,0.81,7,24,0,16,0,0,0,0
13427.53,12000.0,1.12,17,14,0,30,0,0,0,0
3724.24,4500.0,0.83,19,5,0,21,0,0,0,0
2309.97,1500.0,1.54,14,23,0,13,0,0,1,0
3072.55,4500.0,0.68,16,5,0,16,0,0,0,0
5634.35,6000.0,0.94,6,18,0,28,0,0,0,0
13599.17,12000.0,1.13,17,20,0,7,0,0,2,0
1212.53,2000.0,0.61,13,18,0,23,0,0,1,0
2195.17,3000.0,0.73,16,4,0,50,0,0,0,0
5471.49,2500.0,2.19,16,20,1,23,0,0,2,0
6028.28,6000.0,1.0,9,18,1,11,0,0,0,0
1938.02,2500.0,0.78,9,7,0,48,0,0,0,0
2653.71,3000.0,0.88,16,15,0,50,0,0,0,0
9931.21,8000.0,1.24,11,1,0,19,0,0,0,0
3025.79,3000.0,1.01,6,25,0,30,0,0,0,0
10790.46,12000.0,0.9,15,14,0,44,0,0,0,0
1272.66,2000.0,0.64,20,8,0,40,0,0,0,0
3657.49,4500.0,0.81,12,15,0,42,0,0,0,0
3161.24,2000.0,1.58,12,19,0,8,0,0,0,0
3474.85,6000.0,0.58,15,20,0,19,0,0,0,0
46980.59,1500.0,31.32,10,13,4,9,1,0,0,1
3278.74,2000.0,1.64,21,3,0,32,0,0,0,0
2200.75,2500.0,0.88,7,26,0,42,0,0,1,0
15864.23,12000.0,1.32,17,23,0,41,0,0,0,0
5831.31,4500.0,1.3,18,23,0,37,0,0,0,0
4674.73,8000.0,0.58,16,27,0,26,0,0,0,0
8576.02,1500.0,5.72,18,3,5,27,1,1,1,1
2351.09,4500.0,0.52,13,17,0,35,0,1,0,0
9230.66,8000.0,1.15,17,3,0,31,0,0,0,0
5721.1,6000.0,0.95,12,11,0,42,0,0,1,0
1372.76,2000.0,0.69,12,12,0,20,0,0,0,0
3998.7,4500.0,0.89,13,26,0,29,0,0,0,0
3213.15,3000.0,1.07,13,17,0,9,0,0,0,0
3807.65,2500.0,1.52,12,20,0,6,0,0,0,0
4311.57,2500.0,1.72,9,19,0,36,0,0,0,0
2588.14,3000.0,0.86,16,16,0,16,0,0,0,0
7207.28,8000.0,0.9,9,20,0,43,0,0,0,0
2021.07,2000.0,1.01,14,18,0,6,0,0,0,0
26627.23,2000.0,13.31,22,17,5,19,1,1,2,1
7708.43,2000.0,3.85,18,22,5,20,1,1,1,0
4611.47,4500.0,1.02,10,25,1,32,0,0,1,0
19202.57,4500.0,4.27,18,11,5,21,1,1,1,0
2089.99,2000.0,1.04,16,5,0,23,0,0,0,0
1470.22,2000.0,0.74,12,14,2,34,0,0,0,0
2257.51,2000.0,1.13,19,19,1,50,0,0,0,0
2590.69,2000.0,1.3,12,15,0,6,0,0,0,0
2233.18,2000.0,1.12,16,7,0,6,0,0,0,0
2499.3,3000.0,0.83,17,20,0,20,0,0,0,0
1588.52,1500.0,1.06,18,6,1,22,0,0,0,0
3046.36,3000.0,1.02,16,26,0,35,0,0,0,0
4124.37,2500.0,1.65,5,20,0,37,0,0,0,0
9241.64,12000.0,0.77,19,21,0,43,0,0,0,0
12838.23,3000.0,4.28,16,9,4,11,1,0,1,0
922.7,2000.0,0.46,9,12,0,20,0,0,0,0
10046.35,12000.0,0.84,11,22,0,19,0,0,0,0
13009.84,8000.0,1.63,18,14,0,27,0,0,0,0
8381.34,8000.0,1.05,20,24,0,12,0,0,1,0
735.92,1500.0,0.49,18,5,0,20,0,0,0,0
13318.12,12000.0,1.11,11,11,0,41,1,0,0,0
2735.07,4500.0,0.61,7,27,0,50,0,0,0,0
2839.53,2500.0,1.14,17,13,0,42,0,0,0,0
34271.37,6000.0,5.71,15,25,5,45,1,0,1,0
2741.28,4500.0,0.61,16,25,1,28,0,0,0,0
3929.25,6000.0,0.65,22,18,0,22,0,0,1,0
14848.86,12000.0,1.24,11,25,0,8,0,0,0,0
11343.44,6000.0,1.89,12,2,0,6,0,0,0,0
11396.25,8000.0,1.42,10,4,0,23,0,0,0,0
1441.69,1500.0,0.96,13,20,0,22,0,0,0,0
2759.63,2500.0,1.1,10,28,0,5,0,0,0,0
12346.36,6000.0,2.06,18,13,0,40,0,0,1,0
3896.97,3000.0,1.3,15,20,0,35,0,0,0,0
1016.67,1500.0,0.68,18,10,0,31,0,0,0,0
4430.72,8000.0,0.55,17,27,0,45,0,0,0,0
46682.56,12000.0,3.89,15,11,4,33,1,0,1,0
11683.19,8000.0,1.46,17,11,0,23,0,0,0,0
7019.23,8000.0,0.88,18,23,1,50,0,0,0,0
1764.66,1500.0,1.18,11,22,0,10,0,0,0,0
1249.26,1500.0,0.83,9,7,0,31,0,0,0,0
3220.1,3000.0,1.07,11,24,0,28,0,0,0,0
9782.21,12000.0,0.82,14,6,0,15,1,0,0,0
5365.29,6000.0,0.89,14,8,0,45,0,0,0,0
1182.22,1500.0,0.79,16,8,0,38,0,0,0,0
47569.73,12000.0,3.96,16,28,5,39,1,0,1,0
14764.0,12000.0,1.23,17,26,0,35,0,0,0,0
3212.14,2500.0,1.28,12,10,0,35,0,0,0,0
7354.36,6000.0,1.23,10,10,0,35,0,0,0,0
22775.18,12000.0,1.9,16,17,0,26,0,0,0,0
2034.05,2000.0,1.02,13,1,0,36,0,0,0,0
6205.49,4500.0,1.38,7,1,1,36,0,0,0,0
12815.87,12000.0,1.07,10,2,0,48,0,0,0,0
1455.84,1500.0,0.97,11,26,0,27,0,0,0,0
3260.35,2500.0,1.3,12,15,0,36,0,0,0,0
1494.96,2000.0,0.75,14,18,0,17,0,0,0,0
5177.42,12000.0,0.43,18,13,0,29,0,0,0,0
68855.26,12000.0,5.74,17,2,4,33,1,1,0,0
1942.27,3000.0,0.65,17,24,0,26,0,0,0,0
3861.88,3000.0,1.29,10,4,0,43,0,0,0,0
4282.34,8000.0,0.54,18,13,0,12,0,0,0,0
1069.66,1500.0,0.71,11,17,0,21,0,0,0,0
69205.49,12000.0,5.77,9,13,5,8,0,0,1,0
2473.87,6000.0,0.41,11,13,0,30,0,0,0,0
2334.6,3000.0,0.78,9,27,0,24,0,0,1,0
3880.97,2500.0,1.55,13,20,0,43,1,0,0,0
11563.9,2500.0,4.63,12,5,3,8,0,0,1,0
1804.38,2000.0,0.9,21,15,1,12,0,0,0,0
26080.6,6000.0,4.35,21,24,5,37,0,1,1,0
2592.18,2500.0,1.04,11,3,0,40,0,0,0,0
2509.55,1500.0,1.67,12,16,0,16,0,0,0,0
3926.08,6000.0,0.65,11,19,1,38,0,0,0,0
8406.36,6000.0,1.4,18,19,1,24,0,0,0,0
13047.17,6000.0,2.17,13,6,0,12,0,0,0,0
3685.14,4500.0,0.82,10,2,0,29,0,0,0,0
10057.55,2500.0,4.02,13,25,4,23,1,0,1,1
5734.78,4500.0,1.27,13,16,0,29,0,0,0,0
3835.59,4500.0,0.85,19,18,0,19,0,0,0,0
1452.39,2000.0,0.73,17,3,0,31,0,0,0,0
4111.61,6000.0,0.69,10,22,0,16,0,0,0,0
6475.14,1500.0,4.32,7,14,3,9,1,0,0,0
860.34,1500.0,0.57,5,26,0,32,0,0,0,0
2114.57,2500.0,0.85,20,8,0,41,0,0,0,0
4755.03,4500.0,1.06,8,19,0,6,0,0,0,0
4201.9,4500.0,0.93,7,22,0,33,0,0,1,0
3404.14,2500.0,1.36,16,1,0,28,0,0,1,0
2533.72,3000.0,0.84,7,18,0,5,0,0,0,0
8709.57,8000.0,1.09,19,7,0,9,0,0,0,0
4371.69,6000.0,0.73,14,10,0,24,0,0,1,0
2877.93,2500.0,1.15,18,1,0,28,0,0,0,0
12379.03,12000.0,1.03,10,6,0,41,0,0,0,0
14818.21,12000.0,1.23,13,11,0,31,0,0,0,0
4245.01,3000.0,1.42,10,9,0,50,0,0,0,0
13839.39,12000.0,1.15,14,27,0,41,0,0,1,0
25455.38,4500.0,5.66,13,5,4,31,1,0,2,0
16363.16,12000.0,1.36,13,16,0,35,0,0,0,0
5539.03,3000.0,1.85,6,2,0,14,0,0,0,0
2166.0,3000.0,0.72,9,21,1,23,0,0,0,0
7778.1,1500.0,5.19,19,4,5,30,0,1,1,0
12318.63,12000.0,1.03,8,25,0,16,0,0,0,0
2136.34,3000.0,0.71,17,12,0,38,0,0,0,0
1013.91,1500.0,0.68,22,23,0,42,0,0,0,0
4760.24,3000.0,1.59,12,17,0,32,0,0,0,0
3075.05,3000.0,1.03,10,23,0,7,0,0,0,0
3540.93,3000.0,1.18,9,10,1,40,0,0,0,0
3891.81,2500.0,1.56,18,14,0,31,0,0,2,0
1340.94,2000.0,0.67,12,18,0,9,0,0,0,0
6634.99,6000.0,1.11,16,3,0,17,0,0,0,0
6790.63,4500.0,1.51,10,14,0,49,0,0,0,0
4565.73,4500.0,1.01,19,11,2,24,0,0,0,0
1786.04,2500.0,0.71,10,23,0,7,0,0,0,0
1618.06,2000.0,0.81,19,5,0,33,0,0,1,0
2211.26,1500.0,1.47,9,8,0,10,0,0,0,0
4891.18,8000.0,0.61,18,14,0,43,0,0,1,0
1144.29,2000.0,0.57,15,25,0,11,0,0,1,0
6033.33,12000.0,0.5,12,8,0,24,0,0,0,0
4546.95,3000.0,1.52,12,7,0,35,0,0,1,0
55333.7,12000.0,4.61,7,24,3,39,1,1,2,0
1658.62,1500.0,1.11,7,6,0,14,0,0,0,0
6255.3,4500.0,1.39,11,2,0,24,0,0,0,0
1258.74,1500.0,0.84,1,20,0,10,0,0,0,0
9967.1,2000.0,4.98,11,25,5,32,1,0,1,0
1875.66,2000.0,0.94,6,8,0,11,0,0,0,0
5115.82,6000.0,0.85,18,5,0,33,1,0,1,0
2222.52,3000.0,0.74,13,12,0,12,0,0,0,0
846.36,1500.0,0.56,11,3,0,9,0,0,0,0
2130.54,2000.0,1.07,21,2,0,35,0,0,0,0
1935.86,2000.0,0.97,19,11,0,19,0,0,0,0
9767.11,12000.0,0.81,21,28,0,39,0,0,0,0
1579.33,2000.0,0.79,10,23,0,40,0,0,0,0
5063.01,6000.0,0.84,8,21,0,12,0,0,0,0
4272.48,8000.0,0.53,6,14,0,8,0,0,0,0
2130.84,3000.0,0.71,7,28,0,23,0,0,1,0
3400.13,2500.0,1.36,18,14,0,8,0,0,0,0
977.96,2000.0,0.49,14,16,0,47,0,0,0,0
10703.64,8000.0,1.34,8,26,0,49,0,0,0,0
9765.38,12000.0,0.81,6,15,0,14,0,0,1,0
1611.3,1500.0,1.07,12,14,1,28,0,0,0,0
7978.0,12000.0,0.66,10,28,0,37,0,0,0,0
7401.9,4500.0,1.64,8,12,1,9,0,0,0,0
2900.21,3000.0,0.97,16,1,0,16,0,0,0,0
821.01,2000.0,0.41,10,28,1,47,0,0,0,0
9957.02,12000.0,0.83,12,16,0,30,0,0,0,0
12329.3,2500.0,4.93,10,16,3,43,1,0,1,0
66153.53,4000.0,16.54,21,9,4,42,1,1,2,1
5472.25,1500.0,3.65,13,24,4,24,1,0,1,0
2134.14,2000.0,1.07,22,18,1,22,0,0,0,0
872.02,1500.0,0.58,9,4,0,44,0,0,0,0
2121.03,2000.0,1.06,23,17,0,37,1,0,0,0
3679.67,2000.0,1.84,15,2,0,26,0,0,0,0
15688.09,8000.0,1.96,18,26,0,5,0,0,0,0
8794.58,12000.0,0.73,17,14,0,21,0,0,0,0
2493.27,2500.0,1.0,15,12,0,46,0,0,0,0
3020.57,2000.0,1.51,11,6,0,42,0,0,0,0
2116.68,2000.0,1.06,14,17,1,28,0,0,1,0
15516.68,12000.0,1.29,13,28,0,21,0,0,0,0
983.16,1500.0,0.66,13,1,0,39,0,0,0,0
4470.83,2500.0,1.79,22,1,0,42,0,0,0,0
4897.88,8000.0,0.61,21,2,1,12,0,0,0,0
2649.77,2500.0,1.06,9,21,0,45,0,0,1,0
4272.32,6000.0,0.71,10,19,1,27,0,0,0,0
1496.6,1500.0,1.0,18,13,0,24,0,0,0,0
8244.0,6000.0,1.37,9,19,0,33,0,0,0,0
1751.65,2500.0,0.7,12,28,0,24,0,0,0,0
3804.38,3000.0,1.27,15,20,1,26,0,0,0,0
5383.65,6000.0,0.9,21,28,2,43,0,1,0,0
1934.62,3000.0,0.64,10,14,0,18,0,0,0,0
7242.05,8000.0,0.91,14,10,0,47,0,0,1,0
15700.31,12000.0,1.31,19,24,0,41,0,0,0,0
2681.21,4500.0,0.6,1,4,0,8,0,1,0,0
4655.65,4500.0,1.03,11,10,0,9,0,0,1,0
8195.15,6000.0,1.37,16,21,0,30,0,0,0,0
11092.39,2500.0,4.44,13,13,3,46,1,0,1,0
4311.94,2500.0,1.72,1,26,0,19,1,0,1,0
1678.22,1500.0,1.12,8,26,0,41,0,0,0,0
52263.05,12000.0,4.36,9,2,5,37,1,1,1,0
11843.83,12000.0,0.99,21,1,0,29,0,1,0,0
9876.19,2500.0,3.95,12,20,5,32,1,1,1,0
3705.69,4500.0,0.82,20,6,0,6,0,0,0,0
12474.81,3000.0,4.16,8,25,3,5,1,0,1,1
6503.48,8000.0,0.81,9,8,0,30,0,0,0,0
2678.51,1500.0,1.79,12,23,0,15,0,0,0,0
3239.5,2000.0,1.62,17,21,0,47,0,0,0,0
16103.77,12000.0,1.34,12,3,0,9,0,0,0,0
7984.58,1500.0,5.32,19,4,4,18,1,0,2,0
12979.44,3000.0,4.33,9,17,4,27,1,0,0,0
13087.35,3000.0,4.36,17,23,5,49,1,0,0,0
8872.13,12000.0,0.74,18,8,0,33,0,0,0,0
5284.56,6000.0,0.88,18,4,0,12,0,0,0,0
3092.9,6000.0,0.52,15,3,0,9,0,0,0,0
11345.35,2500.0,4.54,20,15,4,27,0,0,1,0
3898.11,6000.0,0.65,18,2,0,47,0,0,0,0
2179.31,2500.0,0.87,18,5,0,50,0,0,0,0
905.06,1500.0,0.6,10,18,0,37,0,0,0,0
40128.76,8000.0,5.02,18,14,4,44,1,0,1,0
8004.48,6000.0,1.33,4,1,0,25,0,1,0,0
3879.91,2000.0,1.94,10,1,0,29,0,0,0,0
1223.49,3000.0,0.41,21,15,0,6,0,0,1,0
2857.77,2500.0,1.14,12,25,0,31,0,0,0,0
3372.4,3000.0,1.12,10,28,0,50,0,0,0,0
7247.37,1500.0,4.83,7,11,5,42,1,1,1,0
7445.87,8000.0,0.93,11,9,2,21,0,0,1,0
9024.93,6000.0,1.5,7,11,0,8,0,0,0,0
7613.52,8000.0,0.95,6,4,1,18,0,1,0,0
10547.2,6000.0,1.76,14,22,0,24,0,0,0,0
1946.31,1500.0,1.3,13,14,0,18,0,0,0,0
1271.36,1500.0,0.85,9,7,0,12,0,0,1,0
3026.37,2000.0,1.51,17,6,0,20,0,0,0,0
2506.46,2500.0,1.0,17,21,0,7,0,0,0,0
4738.81,6000.0,0.79,17,23,0,45,0,0,0,0
4865.47,4500.0,1.08,14,8,0,38,0,0,2,0
2029.33,1500.0,1.35,11,2,0,13,0,0,0,0
1390.19,1500.0,0.93,18,24,0,28,0,0,0,0
3026.65,1500.0,2.02,14,20,0,46,1,0,0,0
2452.56,4500.0,0.55,15,2,1,23,0,0,0,0
3598.71,3000.0,1.2,18,24,1,39,0,0,1,0
4401.61,8000.0,0.55,19,28,0,33,0,0,0,0
19453.02,12000.0,1.62,10,27,0,48,0,0,0,0
3414.2,2500.0,1.37,12,20,1,29,0,0,0,0
9277.25,8000.0,1.16,17,26,1,27,0,0,0,0
2798.62,1500.0,1.87,13,9,0,10,0,0,0,0
1844.14,2000.0,0.92,3,12,0,31,0,0,0,0
1866.44,2000.0,0.93,0,4,1,35,0,0,0,0
1724.54,1500.0,1.15,13,14,2,29,0,0,0,0
11183.8,8000.0,1.4,16,10,0,49,0,0,0,0
1957.61,2000.0,0.98,12,25,1,39,0,0,0,0
12373.68,12000.0,1.03,14,12,0,41,0,0,0,0
5001.89,6000.0,0.83,14,10,0,16,0,0,0,0
5869.01,6000.0,0.98,21,3,0,13,0,0,0,0
3014.35,4500.0,0.67,8,27,0,10,0,0,0,0
8653.42,6000.0,1.44,20,21,0,14,0,0,0,0
2079.54,2500.0,0.83,10,4,0,14,0,0,2,0
6782.56,12000.0,0.57,18,28,0,12,0,0,0,0
3174.68,3000.0,1.06,16,27,0,32,0,0,0,0
1495.34,2000.0,0.75,8,21,0,10,0,0,0,0
45408.1,8000.0,5.68,19,1,4,10,1,0,2,0
4232.1,2500.0,1.69,8,5,1,49,0,0,0,0
8111.3,2000.0,4.06,13,17,4,34,1,0,2,0
10684.46,12000.0,0.89,17,12,0,19,0,0,0,0
48237.5,12000.0,4.02,0,20,4,44,0,1,1,0
4395.64,6000.0,0.73,19,4,0,6,0,0,0,0
145800.13,4000.0,36.45,10,3,3,24,1,1,1,1
14182.05,3000.0,4.73,8,24,5,22,1,0,1,0
9643.97,8000.0,1.21,9,24,0,44,0,0,0,0
3265.84,4500.0,0.73,21,4,0,12,0,0,0,0
2642.43,1500.0,1.76,14,22,0,29,0,0,0,0
5086.99,6000.0,0.85,17,6,0,30,0,0,0,0
15225.2,8000.0,1.9,19,15,0,24,0,0,0,0
2588.89,1500.0,1.73,16,15,0,37,0,0,2,0
2693.18,4500.0,0.6,16,11,0,5,0,0,0,0
12305.8,12000.0,1.03,20,6,0,45,0,0,1,0
1749.36,2500.0,0.7,21,9,0,43,0,0,0,0
15502.77,12000.0,1.29,20,14,0,25,0,0,0,0
3915.89,2000.0,1.96,19,21,0,15,0,0,0,0
6006.14,8000.0,0.75,18,4,0,7,0,0,0,0
5096.5,2500.0,2.04,13,13,0,46,0,0,0,0
8226.47,2000.0,4.11,13,10,4,33,1,0,2,0
969.02,1500.0,0.65,18,7,0,50,0,0,0,0
2734.73,3000.0,0.91,18,20,1,47,0,0,0,0
8987.21,8000.0,1.12,16,20,0,32,0,0,0,0
8663.96,12000.0,0.72,9,17,0,30,0,0,2,0
4962.73,2500.0,1.99,17,21,0,21,0,0,0,0
4276.5,4500.0,0.95,9,23,0,36,0,0,0,0
2860.77,3000.0,0.95,10,11,0,27,0,0,1,0
69277.36,12000.0,5.77,18,5,4,19,1,1,0,0
6683.46,8000.0,0.84,23,19,0,8,0,0,0,0
4428.51,4500.0,0.98,13,11,1,7,0,0,1,0
47366.6,8000.0,5.92,14,27,5,17,0,1,1,0
4375.28,4500.0,0.97,18,18,0,44,0,0,0,0
1683.02,1500.0,1.12,18,24,0,30,0,0,1,0
5354.02,4500.0,1.19,21,21,0,34,0,0,0,0
1529.57,1500.0,1.02,12,20,1,10,0,0,0,0
20096.42,12000.0,1.67,11,16,0,39,0,1,1,0
2770.96,3000.0,0.92,10,15,1,22,0,0,0,0
8443.0,8000.0,1.06,10,27,0,50,0,0,0,0
4487.12,6000.0,0.75,13,6,1,21,0,0,0,0
2179.42,4500.0,0.48,17,23,0,17,0,0,0,0
55401.65,12000.0,4.62,14,20,5,43,1,1,1,0
2355.5,2000.0,1.18,15,2,0,9,0,0,0,0
7876.47,6000.0,1.31,7,1,0,43,0,0,0,0
3212.58,2500.0,1.29,13,25,0,34,0,0,0,0
2168.05,1500.0,1.45,10,27,0,45,0,0,0,0
681.15,1500.0,0.45,7,5,0,26,0,0,0,0
1596.08,2000.0,0.8,19,21,0,16,0,0,0,0
10662.51,2000.0,5.33,14,25,3,35,1,0,1,0
19294.0,12000.0,1.61,19,11,1,48,0,0,0,0
2360.68,3000.0,0.79,21,6,0,48,0,0,0,0
32953.27,6000.0,5.49,11,21,5,29,1,1,1,0
1432.71,1500.0,0.96,14,17,0,11,0,0,0,0
1719.36,1500.0,1.15,10,25,0,37,1,0,0,0
1262.84,3000.0,0.42,16,3,0,27,0,0,0,0
1624.9,3000.0,0.54,17,12,0,33,1,0,0,0
6154.88,8000.0,0.77,18,14,1,27,0,0,0,0
6954.56,6000.0,1.16,15,3,0,13,0,0,0,0
6118.3,6000.0,1.02,18,28,0,26,0,0,0,0
2193.97,2000.0,1.1,8,2,0,37,0,0,0,0
13207.91,12000.0,1.1,19,23,0,46,0,0,0,0
3513.67,4500.0,0.78,15,3,0,38,0,0,1,0
3076.99,1500.0,2.05,14,10,0,11,0,0,1,0
6263.69,1500.0,4.18,14,1,4,10,1,0,0,0
7348.55,6000.0,1.22,17,12,1,20,0,1,1,0
5053.92,4500.0,1.12,16,14,0,41,0,0,0,0
10296.94,2500.0,4.12,8,2,3,14,1,0,1,1
32074.45,6000.0,5.35,9,17,3,20,0,1,2,0
5375.35,4500.0,1.19,22,2,0,11,0,0,0,0
3680.77,2500.0,1.47,12,7,1,23,0,0,0,0
13535.62,12000.0,1.13,13,17,0,43,0,0,1,0
26127.94,12000.0,2.18,13,4,0,48,0,0,0,0
6612.52,8000.0,0.83,18,25,1,33,0,0,1,0
1699.43,2000.0,0.85,14,1,0,26,0,0,0,0
4515.33,3000.0,1.51,9,7,0,22,0,0,0,0
8785.44,1500.0,5.86,19,23,3,49,0,0,2,0
9331.26,2000.0,4.67,16,3,5,41,1,0,2,0
2835.92,4500.0,0.63,9,8,0,18,0,0,1,0
1968.15,2500.0,0.79,15,15,0,49,0,0,0,0
63349.23,12000.0,5.28,9,27,4,9,1,0,2,0
6869.36,6000.0,1.14,16,2,0,13,0,0,0,0
13504.27,8000.0,1.69,18,5,0,34,0,0,0,0
3269.02,6000.0,0.54,7,26,1,39,0,0,1,0
9945.24,8000.0,1.24,11,13,0,5,0,0,0,0
31674.08,2000.0,15.84,2,3,7,43,1,1,2,1
1857.06,1500.0,1.24,11,23,0,26,0,0,0,0
2033.23,4500.0,0.45,15,1,1,28,0,1,0,0
8092.3,8000.0,1.01,13,6,0,44,0,0,0,0
1524.94,2000.0,0.76,19,4,1,30,0,0,0,0
1170.96,1500.0,0.78,10,3,0,22,0,0,0,0
12786.83,8000.0,1.6,18,16,0,6,0,0,0,0
907.84,1500.0,0.61,12,23,0,18,1,0,0,0
6158.76,6000.0,1.03,8,11,0,20,0,0,0,0
9591.75,2000.0,4.8,21,22,8,46,1,1,1,1
5473.01,6000.0,0.91,13,19,0,46,0,0,0,0
31285.2,6000.0,5.21,0,21,5,27,1,0,2,0
1009.2,1500.0,0.67,15,13,1,19,0,0,2,0
4213.4,2000.0,2.11,20,22,0,27,0,1,0,0
2260.38,2500.0,0.9,13,11,0,17,0,0,0,0
2304.07,2000.0,1.15,23,27,0,27,0,0,0,0
4031.66,2000.0,2.02,18,5,0,7,0,0,0,0
37431.45,3000.0,12.48,1,5,6,37,1,1,2,1
1577.01,1500.0,1.05,20,27,0,38,0,0,0,0
4378.16,4500.0,0.97,10,13,0,14,0,0,1,0
17141.91,3000.0,5.71,12,25,3,20,1,1,2,0
2553.85,2500.0,1.02,8,17,0,50,0,0,0,0
15945.92,8000.0,1.99,10,20,1,20,0,0,0,0
1563.93,3000.0,0.52,8,23,0,15,0,0,0,0
7676.52,6000.0,1.28,11,8,0,24,0,0,0,0
3058.59,2000.0,1.53,13,4,0,25,0,0,0,0
3671.12,3000.0,1.22,11,10,0,36,0,0,0,0
2145.09,4500.0,0.48,23,20,0,10,0,0,1,0
596.92,1500.0,0.4,21,10,0,14,0,0,0,0
3325.19,1500.0,2.22,18,11,0,17,0,0,0,0
2498.18,3000.0,0.83,20,16,0,29,0,0,1,0
11587.41,12000.0,0.97,12,16,0,17,0,0,0,0
3296.58,2500.0,1.32,18,18,0,49,0,0,0,0
4249.68,3000.0,1.42,10,13,2,35,0,0,0,0
64920.92,12000.0,5.41,11,19,4,48,0,1,1,0
21181.72,6000.0,3.53,7,7,3,31,1,0,2,0
10180.32,6000.0,1.7,15,15,0,6,0,0,0,0
3548.49,3000.0,1.18,20,2,1,35,1,0,0,0
3558.28,4500.0,0.79,14,23,0,47,0,0,0,0
2599.45,4500.0,0.58,9,20,0,40,0,0,0,0
2473.17,2500.0,0.99,15,28,1,47,0,0,0,0
10479.09,1500.0,6.99,4,16,12,22,1,1,1,1
44689.08,8000.0,5.59,15,17,5,36,0,1,1,0
9027.28,8000.0,1.13,11,4,0,38,0,0,0,0
3281.51,3000.0,1.09,10,3,0,33,0,0,0,0
9607.44,12000.0,0.8,8,26,0,40,0,0,0,0
10610.08,12000.0,0.88,8,24,0,20,0,0,0,0
9170.21,2500.0,3.67,13,12,5,28,1,1,0,0
22419.99,12000.0,1.87,10,20,0,29,0,0,0,0
2047.49,6000.0,0.34,17,13,0,45,0,0,1,0
1132.74,1500.0,0.76,0,13,0,22,0,0,1,0
1511.06,2000.0,0.76,7,25,0,36,0,0,0,0
14168.9,2500.0,5.67,19,11,3,44,1,0,0,0
12031.45,3000.0,4.01,10,19,4,7,0,0,0,0
9544.9,2500.0,3.82,19,3,4,5,1,1,1,0
11183.5,3000.0,3.73,17,27,3,27,1,0,0,0
4435.39,3000.0,1.48,13,6,0,26,0,0,0,0
2255.9,2000.0,1.13,6,19,1,46,0,0,0,0
2898.51,2000.0,1.45,16,16,0,19,0,0,0,0
1002.26,1500.0,0.67,14,17,0,19,0,0,0,0
3096.08,3000.0,1.03,19,4,2,21,0,0,0,0
5015.51,4500.0,1.11,16,22,0,32,0,0,0,0
10804.26,2000.0,5.4,15,2,5,41,1,0,2,0
2725.87,2500.0,1.09,15,23,0,19,0,0,0,0
978.26,1500.0,0.65,21,15,0,49,0,0,0,0
1371.97,1500.0,0.91,16,26,0,8,0,0,0,0
2206.39,3000.0,0.74,7,21,0,48,0,0,0,0
991.87,1500.0,0.66,22,12,0,8,0,0,0,0
3629.05,4500.0,0.81,8,11,0,20,0,0,0,0
2128.71,2000.0,1.06,18,13,0,29,0,0,0,0
3557.33,3000.0,1.19,13,12,0,19,0,0,1,0
3501.38,4500.0,0.78,19,27,0,16,0,0,0,0
1388.66,1500.0,0.93,20,26,0,27,0,0,0,0
4326.93,4500.0,0.96,9,28,1,5,0,0,1,0
5107.06,4500.0,1.13,11,25,0,42,0,0,0,0
2447.31,2500.0,0.98,16,13,0,43,0,0,1,0
3006.96,4500.0,0.67,12,25,0,43,0,0,0,0
1629.61,2000.0,0.81,10,17,0,7,0,0,0,0
9144.98,8000.0,1.14,16,24,0,25,0,1,0,0
1826.15,1500.0,1.22,9,4,0,37,0,0,2,0
3405.28,6000.0,0.57,17,25,1,25,0,0,0,0
12360.37,8000.0,1.55,7,2,0,8,0,0,0,0
10898.54,8000.0,1.36,16,10,0,7,0,0,0,0
24793.11,4000.0,6.2,19,6,10,44,1,0,2,1
50136.82,12000.0,4.18,8,9,4,17,1,1,0,0
27013.85,12000.0,2.25,11,26,0,40,0,0,0,0
723.57,1500.0,0.48,16,3,0,44,0,0,0,0
19404.24,12000.0,1.62,23,11,0,33,0,0,1,0
4140.54,8000.0,0.52,17,12,0,32,0,0,0,0
6838.43,6000.0,1.14,8,23,0,18,0,0,0,0
9659.61,6000.0,1.61,10,21,0,25,0,0,0,0
8466.38,8000.0,1.06,12,2,1,49,0,0,0,0
12593.24,12000.0,1.05,9,25,0,32,0,0,0,0
5933.69,12000.0,0.49,10,28,1,7,0,0,0,0
1786.64,1500.0,1.19,17,2,1,50,0,0,0,0
7181.94,8000.0,0.9,11,3,0,32,1,0,0,0
2483.66,3000.0,0.83,17,24,0,23,0,0,0,0
5670.55,8000.0,0.71,20,8,0,35,0,0,0,0
6098.02,6000.0,1.02,12,9,0,39,0,0,0,0
2317.31,1500.0,1.54,9,26,0,48,0,0,0,0
10326.57,12000.0,0.86,20,19,0,9,0,0,0,0
19542.51,4500.0,4.34,8,19,4,48,1,1,0,0
6309.0,6000.0,1.05,13,9,2,14,0,0,0,0
2127.43,1500.0,1.42,22,18,0,6,0,0,0,0
3554.25,2000.0,1.78,13,27,0,5,0,0,1,0
2442.43,1500.0,1.63,17,19,0,32,0,0,0,0
42359.61,12000.0,3.53,15,4,4,17,1,1,2,0
7291.58,4500.0,1.62,10,1,0,21,0,0,0,0
1050.54,1500.0,0.7,8,26,0,9,0,0,0,0
2718.07,4500.0,0.6,9,11,0,23,0,0,0,0
3271.91,2000.0,1.64,12,12,0,50,0,0,0,0
8074.36,8000.0,1.01,18,11,0,46,0,0,0,0
2705.14,2500.0,1.08,17,25,0,29,0,0,1,0
3158.13,3000.0,1.05,11,13,0,47,0,0,0,0
14407.77,2500.0,5.76,13,11,3,29,1,0,1,0
9095.02,2000.0,4.55,17,26,5,6,1,0,1,0
2403.9,6000.0,0.4,12,16,0,23,0,0,0,0
2924.4,4500.0,0.65,20,23,0,45,0,0,0,0
5063.11,6000.0,0.84,17,12,1,6,0,0,0,0
9540.23,2500.0,3.82,22,26,7,36,0,1,2,1
2317.45,2500.0,0.93,1,21,0,39,0,0,1,0
33764.15,8000.0,4.22,21,12,3,15,0,0,1,0
4669.41,2500.0,1.87,10,17,0,5,0,0,0,0
1338.67,1500.0,0.89,8,2,2,45,0,0,0,0
68199.94,12000.0,5.68,13,21,3,29,1,0,1,0
1969.58,1500.0,1.31,19,22,0,41,0,0,0,0
1777.58,1500.0,1.19,12,18,1,29,0,0,0,0
19918.25,12000.0,1.66,16,23,0,31,0,0,1,0
1820.81,2500.0,0.73,12,6,0,34,0,0,0,0
6136.58,1500.0,4.09,14,27,5,12,1,0,2,0
10305.95,6000.0,1.72,22,19,0,21,0,0,0,0
32517.81,8000.0,4.06,22,22,4,5,1,0,2,0
1890.24,2000.0,0.95,20,8,0,8,0,0,0,0
53960.78,12000.0,4.5,13,24,5,32,1,0,0,0
1379.06,2000.0,0.69,11,1,1,34,0,0,2,0
4932.67,6000.0,0.82,17,14,0,46,0,0,0,0
2744.77,12000.0,0.23,17,12,2,27,0,0,0,0
3246.2,3000.0,1.08,13,5,0,42,0,0,0,0
1533.11,2000.0,0.77,16,2,0,16,0,0,0,0
2451.58,3000.0,0.82,7,23,1,37,0,0,0,0
1373.18,1500.0,0.92,17,20,0,34,0,0,0,0
3970.19,2000.0,1.99,21,5,0,14,0,0,0,0
2091.42,3000.0,0.7,18,19,0,36,0,0,0,0
6666.44,4500.0,1.48,17,13,0,31,0,0,0,0
12758.2,2500.0,5.1,13,17,5,19,0,0,1,0
2315.09,1500.0,1.54,6,16,0,47,0,0,0,0
2020.95,2500.0,0.81,15,1,0,26,0,1,0,0
3048.94,6000.0,0.51,17,15,0,41,0,0,0,0
3867.48,2000.0,1.93,16,26,0,35,0,0,0,0
3408.24,2500.0,1.36,13,11,1,34,0,0,0,0
2193.13,3000.0,0.73,7,27,0,34,0,0,0,0
1948.74,3000.0,0.65,12,19,0,29,0,0,0,0
11208.82,6000.0,1.87,19,26,0,23,0,0,0,0
8351.11,6000.0,1.39,17,1,0,41,0,0,0,0
1516.65,2000.0,0.76,12,19,0,10,1,0,0,0
14712.85,3000.0,4.9,9,14,11,49,1,1,1,1
9414.48,8000.0,1.18,20,20,0,26,0,0,0,0
1896.45,2500.0,0.76,5,9,0,26,0,0,0,0
3084.59,4500.0,0.69,16,14,0,9,0,0,0,0
19734.7,12000.0,1.64,10,18,0,40,0,0,1,0
5314.4,12000.0,0.44,11,1,0,45,0,0,0,0
13152.09,3000.0,4.38,19,8,5,41,1,0,1,0
2674.44,4500.0,0.59,12,3,0,26,0,0,0,0
8774.6,2000.0,4.39,2,16,3,40,0,1,1,0
8521.98,6000.0,1.42,11,14,1,8,0,0,0,0
17471.99,4500.0,3.88,11,23,3,21,0,0,2,0
15301.47,3000.0,5.1,18,12,3,17,1,0,0,0
2544.97,3000.0,0.85,17,11,0,33,0,0,0,0
3077.64,2500.0,1.23,19,18,0,27,0,0,1,0
9291.32,8000.0,1.16,15,21,0,30,0,0,0,0
3294.52,4500.0,0.73,6,15,0,23,0,0,1,0
3242.57,4500.0,0.72,9,13,0,49,0,0,0,0
15068.31,8000.0,1.88,18,16,0,46,0,0,0,0
2891.21,3000.0,0.96,9,1,0,24,0,0,0,0
2851.21,2500.0,1.14,14,20,0,32,0,0,0,0
2723.75,2500.0,1.09,16,5,0,43,0,0,0,0
2437.19,2000.0,1.22,17,15,0,10,0,0,0,0
9036.58,12000.0,0.75,15,4,0,49,0,0,0,0
3332.92,6000.0,0.56,12,23,0,20,0,0,0,0
12200.73,12000.0,1.02,14,28,2,38,0,0,0,0
1758.57,1500.0,1.17,21,13,0,48,0,0,2,0
4749.45,3000.0,1.58,14,16,0,13,1,0,0,0
3740.66,2500.0,1.5,17,10,0,45,0,0,0,0
10524.07,8000.0,1.32,17,9,1,41,0,1,0,0
45961.99,8000.0,5.75,11,26,5,19,1,0,1,0
8471.86,12000.0,0.71,15,4,0,44,0,0,0,0
2634.32,2500.0,1.05,10,23,0,17,0,0,0,0
6719.95,8000.0,0.84,12,10,0,41,0,0,0,0
3364.16,4500.0,0.75,11,13,0,9,1,0,0,0
3812.57,6000.0,0.64,17,9,0,42,0,0,0,0
2401.71,4500.0,0.53,10,9,1,34,0,0,0,0
11915.56,8000.0,1.49,11,19,0,33,0,0,0,0
26911.52,4500.0,5.98,8,20,4,37,1,1,2,0
1235.73,1500.0,0.82,13,19,1,50,0,0,0,0
12126.55,12000.0,1.01,12,4,0,5,0,0,0,0
11466.02,2500.0,4.59,7,26,5,25,0,0,1,0
6387.13,6000.0,1.06,9,7,0,14,0,0,0,0
30205.04,2500.0,12.08,3,12,3,49,1,0,1,1
2603.79,3000.0,0.87,14,23,0,22,0,0,0,0
26774.43,12000.0,2.23,7,21,0,7,0,0,0,0
708.91,1500.0,0.47,19,22,0,29,0,0,0,0
2535.06,4500.0,0.56,10,1,1,33,0,0,0,0
8611.58,12000.0,0.72,15,27,0,40,0,0,0,0
8954.92,8000.0,1.12,12,2,0,32,0,0,0,0
9921.85,8000.0,1.24,10,5,1,6,0,0,0,0
9771.14,2500.0,3.91,21,8,5,10,0,0,1,0
8609.88,8000.0,1.08,8,21,1,7,0,0,0,0
4677.35,2500.0,1.87,10,20,0,50,0,0,0,0
3678.89,2500.0,1.47,12,9,0,18,0,0,1,0
4177.78,2000.0,2.09,19,26,0,34,0,0,0,0
1450.31,1500.0,0.97,20,5,0,6,0,0,0,0
3341.67,3000.0,1.11,12,10,1,30,0,0,0,0
39516.53,4000.0,9.88,2,3,6,8,1,1,2,1
7326.07,4500.0,1.63,18,15,0,34,0,0,1,0
1516.93,1500.0,1.01,17,5,1,29,0,0,0,0
12898.94,3000.0,4.3,12,7,4,37,1,1,1,0
7754.45,8000.0,0.97,19,15,0,15,0,0,0,0
8094.35,1500.0,5.4,11,7,5,25,0,0,0,0
1428.59,2500.0,0.57,8,23,1,41,0,0,0,0
3334.77,2500.0,1.33,12,27,0,34,0,0,1,0
1325.58,1500.0,0.88,10,8,0,10,1,0,0,0
2830.17,2500.0,1.13,10,26,0,37,0,0,0,0
5609.32,6000.0,0.93,16,6,0,5,0,0,0,0
6419.55,8000.0,0.8,13,1,0,22,0,0,0,0
4333.73,3000.0,1.44,9,8,0,49,0,0,1,0
7790.97,6000.0,1.3,9,25,1,37,1,0,0,0
9075.76,8000.0,1.13,14,27,0,16,0,0,1,0
47328.24,8000.0,5.92,12,17,4,26,1,0,1,0
2409.33,3000.0,0.8,17,5,0,36,0,0,0,0
4386.16,2500.0,1.75,22,10,0,6,0,0,0,0
1745.71,2000.0,0.87,15,4,1,6,0,0,2,0
1950.3,2000.0,0.98,17,21,0,34,0,0,0,0
1677.9,1500.0,1.12,10,26,0,32,0,0,0,0
3290.7,4500.0,0.73,14,2,0,17,0,0,0,0
2030.1,2500.0,0.81,13,5,1,6,0,0,0,0
7479.88,6000.0,1.25,13,12,1,5,0,0,0,0
11383.98,6000.0,1.9,11,15,0,11,0,0,0,0
1919.88,2000.0,0.96,14,26,0,18,0,0,0,0
10260.66,6000.0,1.71,16,8,0,19,0,0,0,0
10864.23,12000.0,0.91,12,6,0,19,0,0,0,0
13712.53,12000.0,1.14,17,17,1,31,0,0,1,0
2177.36,2000.0,1.09,11,19,0,49,0,0,0,0
4890.5,8000.0,0.61,9,8,0,32,0,0,0,0
7684.52,8000.0,0.96,17,19,0,12,0,0,0,0
8202.07,12000.0,0.68,15,12,0,32,0,0,0,0
5325.36,6000.0,0.89,17,18,1,8,0,0,0,0
10934.87,2000.0,5.47,12,26,4,49,1,0,1,1
6416.2,6000.0,1.07,12,21,0,48,0,0,0,0
4258.29,6000.0,0.71,12,4,0,38,1,0,0,0
9548.59,8000.0,1.19,11,7,0,41,0,0,1,0
11546.92,12000.0,0.96,11,8,1,26,0,0,0,0
11609.88,2000.0,5.8,9,5,4,42,1,0,0,0
4108.17,4500.0,0.91,14,27,0,12,0,0,0,0
7448.9,8000.0,0.93,0,3,0,43,0,0,0,0
5063.38,8000.0,0.63,7,17,0,9,0,1,0,0
2790.54,2000.0,1.4,20,14,1,48,0,0,0,0
1557.33,2000.0,0.78,7,21,0,41,0,0,0,0
56039.5,4000.0,14.01,3,3,7,11,1,1,2,1
11067.81,2000.0,5.53,19,11,3,10,1,0,1,1
67941.31,4000.0,16.99,4,4,4,42,1,1,1,1
662.05,1500.0,0.44,16,1,0,19,0,0,0,0
6253.35,4500.0,1.39,18,27,0,9,0,0,0,0
4924.67,4500.0,1.09,9,21,0,27,0,0,1,0
41243.62,8000.0,5.16,21,20,5,8,1,1,0,0
2930.63,3000.0,0.98,18,14,2,37,0,0,1,0
7062.87,6000.0,1.18,16,25,0,27,0,0,0,0
7588.62,1500.0,5.06,20,22,4,8,0,0,1,0
1360.04,1500.0,0.91,10,26,0,13,0,0,1,0
8697.78,6000.0,1.45,6,16,1,49,0,0,1,0
1408.74,1500.0,0.94,14,22,0,6,0,0,1,0
6109.05,1500.0,4.07,9,12,4,19,1,1,1,0
7156.35,6000.0,1.19,7,5,0,26,0,0,0,0
8745.06,6000.0,1.46,22,11,0,17,0,0,1,0
11034.17,2000.0,5.52,11,16,3,45,1,0,1,0
2483.36,2000.0,1.24,8,3,0,40,0,0,0,0
5244.2,6000.0,0.87,10,20,0,43,0,0,0,0
802.84,1500.0,0.54,18,7,0,18,0,0,0,0
18032.96,12000.0,1.5,13,17,0,42,0,0,0,0
2758.06,3000.0,0.92,7,12,0,41,0,0,0,0
15571.11,12000.0,1.3,11,26,0,30,0,0,1,0
1594.53,2000.0,0.8,8,6,0,34,0,0,0,0
2112.36,2500.0,0.84,12,19,0,44,0,0,0,0
5728.79,6000.0,0.95,10,12,0,10,0,0,0,0
5200.07,8000.0,0.65,9,11,0,19,0,0,0,0
5890.19,6000.0,0.98,13,20,0,36,0,0,0,0
10212.47,6000.0,1.7,17,27,0,50,0,0,0,0
106630.16,3000.0,35.54,21,8,5,7,1,1,1,1
2931.44,2000.0,1.47,16,21,0,42,0,0,0,0
5572.1,6000.0,0.93,19,3,0,40,0,0,0,0
26077.55,6000.0,4.35,20,8,3,42,1,1,1,0
1460.27,1500.0,0.97,14,8,0,30,0,0,0,0
5752.88,6000.0,0.96,11,21,0,28,0,0,0,0
42310.52,12000.0,3.53,15,5,3,31,1,0,1,0
1570.84,1500.0,1.05,12,13,0,14,0,0,0,0
1404.74,2500.0,0.56,13,17,0,43,0,0,0,0
2870.87,1500.0,1.91,23,9,0,13,0,0,0,0
6719.51,8000.0,0.84,3,10,0,43,0,0,0,0
8746.71,4500.0,1.94,2,17,0,20,0,1,0,0
6831.11,8000.0,0.85,18,3,0,27,0,0,0,0
2538.66,1500.0,1.69,20,6,0,10,1,0,0,0
26904.73,4500.0,5.98,18,12,5,42,1,0,1,0
5801.99,8000.0,0.73,20,11,0,28,0,0,0,0
3856.48,4500.0,0.86,15,11,0,19,0,0,0,0
2007.38,1500.0,1.34,17,21,1,14,0,0,0,0
4448.1,4500.0,0.99,14,23,0,47,0,0,0,0
11798.66,12000.0,0.98,7,11,0,44,0,0,0,0
69050.9,12000.0,5.75,9,25,5,9,1,0,1,0
10301.32,12000.0,0.86,3,1,0,15,0,0,1,0
9176.32,6000.0,1.53,18,10,1,22,0,0,0,0
24340.6,6000.0,4.06,14,13,5,30,1,0,1,0
12020.34,3000.0,4.01,12,4,5,14,0,1,1,0
1661.18,2000.0,0.83,14,7,0,50,0,0,0,0
9986.16,8000.0,1.25,8,9,0,45,0,0,0,0
5238.77,4500.0,1.16,18,13,0,10,0,0,0,0
4166.43,2500.0,1.67,11,8,0,6,0,0,0,0
3557.04,3000.0,1.19,9,23,1,40,1,0,0,0
2206.14,1500.0,1.47,11,18,0,23,0,0,0,0
36421.35,8000.0,4.55,20,23,4,9,1,0,1,0
7743.2,8000.0,0.97,1,2,0,49,0,0,0,0
2107.52,2500.0,0.84,9,7,0,35,0,0,0,0
1588.82,2000.0,0.79,10,14,0,43,0,0,0,0
1243.06,1500.0,0.83,8,4,1,29,0,0,0,0
31166.92,8000.0,3.9,9,2,3,42,1,0,2,0
5940.09,3000.0,1.98,16,8,0,11,0,0,0,0
663.03,1500.0,0.44,12,10,0,46,0,0,1,0
2742.43,3000.0,0.91,9,16,0,10,0,0,0,0
1582.14,2000.0,0.79,17,15,0,20,0,0,2,0
3954.02,4500.0,0.88,14,1,1,31,0,0,0,0
4211.08,6000.0,0.7,18,22,0,42,0,0,0,0
12870.82,2000.0,6.44,22,25,10,18,1,1,2,1
1091.58,1500.0,0.73,10,14,1,39,0,0,1,0
1108.99,2000.0,0.55,16,3,0,17,0,0,0,0
17395.78,3000.0,5.8,18,7,3,24,0,0,0,0
8469.82,6000.0,1.41,13,12,0,42,0,0,0,0
9539.54,6000.0,1.59,12,3,0,47,0,0,0,0
3656.58,3000.0,1.22,17,22,1,37,0,0,0,0
6970.78,8000.0,0.87,19,15,1,40,0,0,0,0
3276.35,3000.0,1.09,12,21,0,26,1,0,1,0
3381.95,3000.0,1.13,17,17,1,43,0,0,0,0
13029.77,2500.0,5.21,9,17,4,39,1,1,0,0
5676.68,12000.0,0.47,14,12,0,9,0,0,0,0
12213.71,12000.0,1.02,18,10,0,9,0,0,0,0
5118.91,3000.0,1.71,9,17,1,47,1,0,0,0
6062.36,4500.0,1.35,11,24,0,16,0,0,1,0
5106.28,6000.0,0.85,15,15,0,19,0,0,0,0
8620.67,4500.0,1.92,15,19,1,13,0,0,1,0
4851.97,6000.0,0.81,12,20,0,50,0,0,0,0
1888.17,2000.0,0.94,16,7,0,35,0,0,0,0
3633.66,4500.0,0.81,6,17,0,34,0,1,0,0
11983.55,2000.0,5.99,13,17,4,13,0,1,1,0
12190.2,8000.0,1.52,19,11,0,33,0,0,0,0
7631.72,8000.0,0.95,10,4,0,30,0,0,0,0
66975.58,12000.0,5.58,20,22,3,25,0,1,2,0
2647.35,2500.0,1.06,8,24,0,44,0,0,0,0
9849.99,2000.0,4.92,22,25,3,14,1,0,1,0
65622.71,4000.0,16.41,4,4,5,37,1,1,2,1
5462.99,6000.0,0.91,18,16,0,24,0,0,0,0
7878.61,2000.0,3.94,8,27,3,32,1,1,1,0
1381.86,1500.0,0.92,8,23,0,49,0,0,0,0
5359.33,3000.0,1.79,13,28,0,26,0,0,0,0
17947.6,3000.0,5.98,15,18,4,15,1,0,1,1
3790.22,2500.0,1.52,18,28,0,6,0,0,0,0
11492.04,12000.0,0.96,18,11,0,11,0,0,0,0
8953.63,8000.0,1.12,10,2,0,5,0,0,0,0
9788.24,12000.0,0.82,3,19,0,14,0,0,0,0
3632.78,4500.0,0.81,18,10,0,12,0,0,0,0
2456.08,3000.0,0.82,9,1,0,42,0,0,0,0
2380.66,2000.0,1.19,10,24,0,35,0,0,0,0
3092.55,3000.0,1.03,14,25,0,15,0,0,0,0
3878.95,6000.0,0.65,18,22,1,37,0,0,0,0
3853.95,2500.0,1.54,10,28,0,15,0,0,0,0
3182.6,2000.0,1.59,17,1,1,28,0,0,0,0
11219.67,6000.0,1.87,17,26,0,39,0,0,0,0
9492.39,6000.0,1.58,15,7,0,33,0,0,0,0
2600.1,1500.0,1.73,6,23,0,6,0,0,0,0
1561.38,2000.0,0.78,11,15,0,36,0,0,0,0
895.52,1500.0,0.6,12,21,0,42,0,0,1,0
1063.97,1500.0,0.71,20,14,0,12,0,0,0,0
1951.19,1500.0,1.3,11,28,0,34,0,0,0,0
3168.82,2500.0,1.27,4,9,0,28,0,0,1,0
5245.0,3000.0,1.75,9,2,0,42,0,0,0,0
7008.78,8000.0,0.88,10,22,0,11,0,0,0,0
10891.92,8000.0,1.36,11,12,0,8,0,0,0,0
2679.64,3000.0,0.89,17,9,1,49,0,0,0,0
95389.56,3000.0,31.8,2,27,8,24,1,1,2,1
15763.32,8000.0,1.97,11,4,0,14,0,0,0,0
9069.05,2000.0,4.53,13,24,3,40,0,0,1,0
1130.64,1500.0,0.75,14,6,0,16,0,0,0,0
9655.65,2000.0,4.83,19,13,5,36,0,0,1,0
9287.99,8000.0,1.16,19,25,0,26,0,0,0,0
5048.33,8000.0,0.63,11,12,0,31,0,0,1,0
8096.54,8000.0,1.01,8,14,0,45,0,0,0,0
1637.19,1500.0,1.09,19,20,0,30,0,0,1,0
1067.19,1500.0,0.71,7,19,0,43,0,0,0,0
7023.55,12000.0,0.59,18,26,0,50,0,0,0,0
13757.7,12000.0,1.15,22,4,0,40,0,0,0,0
4257.47,2500.0,1.7,18,3,0,27,0,0,0,0
3067.93,3000.0,1.02,22,19,1,39,0,0,2,0
8245.08,8000.0,1.03,14,19,0,12,0,0,0,0
5263.08,8000.0,0.66,16,6,0,34,0,0,0,0
1973.19,2500.0,0.79,11,5,0,25,0,0,0,0
5980.74,6000.0,1.0,8,22,0,6,0,0,0,0
2209.85,2500.0,0.88,18,13,1,40,0,1,0,0
22047.95,6000.0,3.67,12,28,4,46,1,1,1,0
1817.72,2000.0,0.91,12,23,0,12,0,0,0,0
5222.81,6000.0,0.87,23,18,0,27,0,0,0,0
5647.55,12000.0,0.47,16,28,0,36,0,0,1,0
1360.83,2000.0,0.68,8,2,0,29,0,0,0,0
15201.96,12000.0,1.27,9,3,0,29,0,0,0,0
4907.78,4500.0,1.09,17,14,0,40,0,0,0,0
3698.98,12000.0,0.31,9,26,0,47,0,0,0,0
3586.26,4500.0,0.8,16,13,0,8,0,0,0,0
55778.71,2000.0,27.89,4,7,3,14,1,1,1,1
5852.8,6000.0,0.98,7,4,0,34,0,0,0,0
12117.58,8000.0,1.51,15,8,0,26,0,0,0,0
13562.27,2500.0,5.42,14,10,4,17,1,0,1,0
4818.55,6000.0,0.8,21,2,1,10,0,0,0,0
9826.86,8000.0,1.23,10,4,0,33,0,0,0,0
8977.19,12000.0,0.75,17,14,0,41,0,0,1,0
1350.52,2000.0,0.68,12,14,0,30,0,0,0,0
5249.37,6000.0,0.87,21,19,0,32,0,0,0,0
11887.52,8000.0,1.49,14,6,0,38,0,0,2,0
2236.96,3000.0,0.75,14,9,0,27,0,0,0,0
1530.03,2000.0,0.77,10,19,0,18,0,0,0,0
12853.73,8000.0,1.61,19,8,0,47,1,0,0,0
2330.62,2500.0,0.93,16,14,1,24,0,0,0,0
1157.15,1500.0,0.77,10,3,0,9,0,0,0,0
8232.04,6000.0,1.37,14,23,0,9,0,0,0,0
19523.03,12000.0,1.63,20,15,0,39,0,0,0,0
20719.31,4500.0,4.6,13,24,4,36,1,0,2,0
16840.04,12000.0,1.4,19,27,0,15,0,0,1,0
46088.57,12000.0,3.84,19,8,4,18,1,1,1,0
5902.56,4500.0,1.31,3,25,0,11,0,0,0,0
154999.35,4000.0,38.75,2,28,6,44,1,1,2,1
1644.05,2500.0,0.66,17,19,0,27,0,0,0,0
25877.57,6000.0,4.31,21,7,5,11,0,0,1,0
1621.18,2500.0,0.65,18,2,0,10,0,0,0,0
7360.11,8000.0,0.92,19,3,0,46,0,0,0,0
2517.94,3000.0,0.84,11,21,0,19,0,0,0,0
1532.59,2000.0,0.77,7,18,0,34,0,0,0,0
2149.91,2500.0,0.86,17,24,0,30,0,0,0,0
1136.86,1500.0,0.76,19,18,0,26,0,0,0,0
1832.72,2000.0,0.92,18,25,0,11,1,0,0,0
9869.48,2000.0,4.93,10,23,3,15,1,1,1,0
1286.69,2000.0,0.64,9,2,1,29,0,0,0,0
6985.18,8000.0,0.87,13,21,0,45,0,0,0,0
2263.78,2000.0,1.13,5,13,0,41,0,0,0,0
2052.69,2000.0,1.03,10,12,0,39,0,0,0,0
4679.62,2000.0,2.34,14,5,0,27,0,0,0,0
39228.92,8000.0,4.9,12,8,5,49,1,0,1,0
2210.0,2000.0,1.11,20,16,1,31,0,0,0,0
3677.52,3000.0,1.23,19,15,0,49,0,0,0,0
14627.1,12000.0,1.22,7,10,0,9,0,0,0,0
2366.03,3000.0,0.79,12,8,0,15,0,0,0,0
8174.68,8000.0,1.02,6,7,0,45,0,0,0,0
11440.76,6000.0,1.91,12,18,1,30,0,0,1,0
1799.91,2500.0,0.72,6,1,0,10,0,0,0,0
11374.98,8000.0,1.42,17,19,0,44,0,0,0,0
13565.88,3000.0,4.52,12,5,3,38,1,0,1,0
804.05,1500.0,0.54,7,26,0,34,0,0,0,0
57214.28,12000.0,4.77,13,22,3,11,0,0,0,0
2359.95,2500.0,0.94,13,17,0,26,0,0,0,0
1478.54,1500.0,0.99,2,4,0,6,0,0,0,0
5124.96,6000.0,0.85,18,8,0,15,0,0,0,0
1892.86,2000.0,0.95,20,16,0,49,0,0,0,0
7123.13,8000.0,0.89,18,26,0,14,0,0,0,0
3404.4,2500.0,1.36,18,6,1,45,0,0,0,0
3460.87,3000.0,1.15,11,26,0,46,0,0,0,0
3458.5,3000.0,1.15,19,28,0,9,0,0,0,0
9750.24,8000.0,1.22,9,28,0,15,0,0,0,0
3004.91,2000.0,1.5,19,1,0,44,0,0,0,0
3697.73,3000.0,1.23,8,4,0,11,0,0,0,0
35588.33,6000.0,5.93,19,13,4,15,1,1,2,0
41451.72,8000.0,5.18,23,17,5,13,1,1,0,0
7716.1,8000.0,0.96,10,13,0,21,0,0,0,0
5962.4,6000.0,0.99,10,3,0,48,0,0,0,0
5298.44,8000.0,0.66,8,12,0,29,0,0,0,0
6583.79,8000.0,0.82,14,13,0,41,0,0,1,0
5268.82,4500.0,1.17,14,27,2,31,0,0,0,0
9091.41,4500.0,2.02,20,8,0,44,0,0,0,0
14935.71,12000.0,1.24,19,16,0,31,0,0,0,0
5163.7,4500.0,1.15,15,22,0,38,0,0,0,0
9877.2,8000.0,1.23,15,5,0,40,0,1,0,0
1573.25,3000.0,0.52,20,20,1,46,0,0,0,0
5969.69,8000.0,0.75,7,22,0,45,0,0,0,0
44645.53,12000.0,3.72,18,26,3,17,1,0,1,0
13658.2,6000.0,2.28,0,23,0,45,0,0,0,0
1759.51,2500.0,0.7,21,4,0,41,0,0,0,0
8516.19,8000.0,1.06,18,27,0,21,0,0,0,0
1795.42,4500.0,0.4,15,25,0,46,0,0,0,0
2273.75,2000.0,1.14,12,13,1,46,0,0,1,0
11050.8,2000.0,5.53,16,25,3,17,1,0,1,1
4871.36,4500.0,1.08,12,16,0,14,0,0,1,0
3421.47,2000.0,1.71,19,4,0,28,0,0,0,0
1554.76,2000.0,0.78,8,4,0,7,0,0,0,0
1846.52,1500.0,1.23,12,8,0,27,0,0,0,0
15896.44,12000.0,1.32,18,21,0,37,0,0,0,0
1604.8,3000.0,0.53,15,18,1,14,0,0,0,0
3922.18,3000.0,1.31,14,28,0,34,0,0,0,0
2920.78,3000.0,0.97,12,22,0,6,0,1,0,0
6664.47,6000.0,1.11,10,13,0,12,0,0,0,0
1262.88,2000.0,0.63,11,26,0,15,0,1,0,0
4170.9,8000.0,0.52,1,8,0,30,1,0,0,0
11406.27,8000.0,1.43,18,13,0,14,0,0,1,0
2130.56,2500.0,0.85,11,3,0,39,0,0,0,0
8542.75,12000.0,0.71,10,3,0,48,0,0,0,0
1180.14,1500.0,0.79,8,7,0,12,0,0,0,0
3477.23,3000.0,1.16,6,13,0,18,0,0,0,0
2207.98,1500.0,1.47,16,19,0,40,0,0,0,0
1551.17,1500.0,1.03,17,7,0,38,0,0,0,0
1662.65,2000.0,0.83,10,4,2,16,0,0,1,0
14189.82,2500.0,5.68,12,22,4,5,1,0,2,0
3726.45,3000.0,1.24,16,26,0,5,0,1,0,0
2347.14,2500.0,0.94,11,11,0,41,0,0,0,0
2089.15,2000.0,1.04,16,19,0,21,0,0,0,0
1966.74,3000.0,0.66,10,24,0,21,0,0,0,0
2299.9,6000.0,0.38,14,4,0,34,0,0,0,0
3281.41,4500.0,0.73,15,25,0,32,0,0,0,0
2804.05,3000.0,0.93,15,28,0,22,0,0,0,0
16357.39,3000.0,5.45,16,16,5,27,1,0,0,0
84101.3,3000.0,28.03,3,5,3,22,1,1,2,1
3800.56,6000.0,0.63,19,6,0,19,0,0,0,0
6389.55,8000.0,0.8,12,20,0,31,0,0,0,0
17445.09,8000.0,2.18,18,12,0,24,0,0,0,0
2576.18,3000.0,0.86,11,1,0,27,0,0,0,0
9733.69,12000.0,0.81,23,16,0,20,0,0,1,0
15239.85,12000.0,1.27,10,21,0,19,0,0,0,0
1638.53,1500.0,1.09,18,9,0,26,0,0,0,0
118022.71,3000.0,39.34,6,15,6,15,1,1,1,1
4896.41,3000.0,1.63,18,6,0,34,0,0,0,0
9975.94,12000.0,0.83,22,8,0,31,0,0,0,0
3800.44,3000.0,1.27,11,16,1,32,0,0,0,0
1503.79,1500.0,1.0,18,13,0,34,0,0,0,0
81878.23,4000.0,20.47,1,6,4,32,1,1,1,1
8523.91,8000.0,1.07,12,15,0,33,0,0,0,0
4132.15,2000.0,2.07,17,20,0,27,0,0,0,0
13135.06,8000.0,1.64,13,8,0,33,0,0,0,0
13782.53,2500.0,5.51,10,17,3,34,1,1,1,0
6763.39,6000.0,1.13,18,11,0,39,0,0,0,0
4417.3,6000.0,0.74,17,22,0,44,0,0,0,0
54604.94,2500.0,21.84,12,14,4,8,1,0,2,1
9172.75,6000.0,1.53,12,28,0,50,0,0,0,0
14087.49,8000.0,1.76,14,20,0,37,0,0,1,0
10024.68,12000.0,0.84,11,9,0,28,0,0,0,0
2686.73,2000.0,1.34,6,24,0,33,1,0,0,0
7075.0,1500.0,4.72,10,20,5,46,1,1,1,0
8171.72,8000.0,1.02,21,14,0,22,0,0,1,0
15972.8,8000.0,2.0,0,19,0,35,0,0,0,0
3562.54,4500.0,0.79,16,16,0,32,0,0,0,0
2870.38,4500.0,0.64,17,11,0,40,0,0,0,0
6020.21,8000.0,0.75,15,4,0,12,0,0,0,0
2903.44,2000.0,1.45,9,3,1,24,0,0,0,0
1230.06,1500.0,0.82,19,19,0,17,0,0,0,0
10343.26,12000.0,0.86,17,8,0,37,0,0,0,0
13875.16,12000.0,1.16,9,16,0,15,0,0,0,0
12805.24,12000.0,1.07,20,11,0,42,0,0,0,0
6737.77,4500.0,1.5,13,25,0,35,0,0,0,0
10000.95,12000.0,0.83,20,3,1,20,0,0,0,0
7718.06,12000.0,0.64,18,20,0,10,0,0,0,0
689.11,1500.0,0.46,10,20,0,12,0,0,0,0
2823.82,2500.0,1.13,19,23,0,25,0,0,0,0
16416.58,8000.0,2.05,16,26,0,31,0,0,0,0
11873.2,2000.0,5.94,15,11,4,12,0,0,1,0
16440.72,1500.0,10.96,2,7,4,36,1,1,2,1
2472.58,2000.0,1.24,12,26,0,7,0,0,0,0
6031.36,4500.0,1.34,10,10,0,50,0,0,0,0
59471.86,3000.0,19.82,22,6,9,11,1,1,2,1
3936.98,3000.0,1.31,17,16,0,24,0,0,0,0
24602.32,3000.0,8.2,2,4,7,21,1,1,2,1
1276.5,3000.0,0.43,10,18,0,12,0,0,0,0
18461.28,12000.0,1.54,18,26,0,17,0,0,1,0
3396.69,1500.0,2.26,11,5,0,6,1,1,0,0
45667.46,12000.0,3.81,19,2,3,8,1,1,1,0
59778.92,12000.0,4.98,12,8,3,37,1,0,0,0
13643.72,12000.0,1.14,20,27,0,7,0,0,0,0
9781.85,8000.0,1.22,12,15,2,5,0,0,0,0
7259.98,8000.0,0.91,12,8,0,9,0,0,0,0
14874.01,12000.0,1.24,19,1,0,11,0,0,0,0
1411.89,1500.0,0.94,10,15,0,10,0,0,0,0
5844.62,6000.0,0.97,16,12,1,25,0,0,0,0
1435.94,2000.0,0.72,13,11,0,46,0,0,0,0
1557.53,2000.0,0.78,22,16,0,13,0,0,0,0
3454.99,8000.0,0.43,18,6,0,7,0,0,1,0
14315.11,12000.0,1.19,15,9,0,30,0,0,1,0
3247.2,4500.0,0.72,5,6,0,29,0,0,1,0
17268.18,2500.0,6.91,23,24,8,44,1,1,2,1
2386.92,2000.0,1.19,19,16,0,13,0,0,0,0
1394.15,2000.0,0.7,9,4,0,42,0,0,1,0
9737.72,8000.0,1.22,7,8,0,28,0,0,0,0
1961.44,2500.0,0.78,19,28,0,25,0,0,0,0
7864.82,1500.0,5.24,17,26,5,5,1,1,0,0
14629.18,12000.0,1.22,10,20,0,8,0,0,0,0
2342.2,2500.0,0.94,8,9,0,35,1,0,0,0
4256.77,2000.0,2.13,9,20,0,36,0,0,0,0
9973.34,6000.0,1.66,17,1,0,32,0,0,0,0
10810.53,8000.0,1.35,11,12,0,37,0,0,0,0
1528.32,2500.0,0.61,9,10,0,30,0,0,0,0
3255.13,2500.0,1.3,11,1,0,40,0,0,0,0
7788.35,12000.0,0.65,17,16,0,10,0,0,1,0
8484.32,8000.0,1.06,11,28,0,19,0,0,0,0
1714.64,2500.0,0.69,12,6,0,18,0,0,0,0
7538.04,4500.0,1.68,12,22,1,27,0,0,0,0
6720.87,1500.0,4.48,13,27,4,40,0,1,2,0
1334.34,1500.0,0.89,19,9,0,14,0,0,0,0
1332.55,2500.0,0.53,10,16,0,31,0,0,0,0
1774.26,1500.0,1.18,12,28,0,42,0,0,1,0
1074.94,2000.0,0.54,19,6,0,19,0,0,0,0
5339.63,3000.0,1.78,0,24,0,6,0,0,0,0
860.99,1500.0,0.57,18,5,0,34,0,0,0,0
2081.76,2500.0,0.83,18,14,0,38,0,0,0,0
2877.79,2500.0,1.15,13,21,0,27,0,0,1,0
2722.8,2500.0,1.09,8,25,0,12,0,0,0,0
1352.29,1500.0,0.9,14,20,0,18,0,0,0,0
15027.17,3000.0,5.01,16,20,5,19,1,0,1,0
1258.08,2000.0,0.63,12,18,0,20,0,0,0,0
4916.34,3000.0,1.64,3,25,0,42,0,0,0,0
31266.96,6000.0,5.21,20,5,5,35,1,0,1,0
16785.81,12000.0,1.4,7,7,0,14,0,0,0,0
2403.03,2500.0,0.96,18,8,0,44,0,0,0,0
6383.26,6000.0,1.06,19,23,0,33,0,0,0,0
1235.33,1500.0,0.82,18,20,0,14,0,0,0,0
1248.63,1500.0,0.83,10,2,0,10,0,0,0,0
17105.31,3000.0,5.7,14,12,5,35,0,1,1,0
13094.76,12000.0,1.09,17,17,0,24,0,0,0,0
1563.49,1500.0,1.04,9,19,0,48,0,0,0,0
9482.72,4500.0,2.11,19,19,1,13,1,0,0,0
2542.57,2500.0,1.02,13,4,0,13,0,0,0,0
77505.27,3000.0,25.84,21,22,4,40,1,1,2,1
9989.85,2000.0,4.99,16,13,5,21,1,1,0,0
1343.17,1500.0,0.9,23,3,0,48,0,0,0,0
3296.1,6000.0,0.55,16,6,0,12,0,0,0,0
5035.4,6000.0,0.84,9,4,0,28,0,0,0,0
7265.93,6000.0,1.21,17,3,1,50,0,0,2,0
1942.38,1500.0,1.29,20,20,0,22,0,0,0,0
9925.46,2000.0,4.96,20,14,3,14,1,0,0,0
11243.74,12000.0,0.94,17,1,0,21,0,0,1,0
5682.9,6000.0,0.95,14,17,0,24,0,0,1,0
15309.91,12000.0,1.28,20,4,0,36,0,0,0,0
1635.3,2000.0,0.82,9,7,0,20,0,0,0,0
11765.92,8000.0,1.47,17,4,0,13,0,0,0,0
2725.63,4500.0,0.61,17,14,0,46,0,0,0,0
3641.29,3000.0,1.21,12,1,0,36,0,0,0,0
2629.11,3000.0,0.88,7,24,0,37,0,0,0,0
3268.73,2000.0,1.63,13,26,0,20,0,0,0,0
66853.12,12000.0,5.57,16,2,3,17,0,0,1,0
1806.59,2500.0,0.72,19,2,0,50,0,0,0,0
4508.67,3000.0,1.5,7,7,0,17,0,0,0,0
2510.22,2500.0,1.0,10,1,0,14,0,0,1,0
1700.68,2000.0,0.85,7,17,0,47,0,0,0,0
12439.65,8000.0,1.55,19,12,0,37,0,0,0,0
22539.03,4500.0,5.01,9,9,4,43,0,1,1,0
4863.25,3000.0,1.62,7,15,0,19,0,0,0,0
5884.82,8000.0,0.74,15,11,0,45,0,0,0,0
3760.57,4500.0,0.84,19,7,0,36,0,0,0,0
2910.19,2000.0,1.46,8,18,2,22,0,0,0,0
6043.96,8000.0,0.76,17,1,2,45,0,0,0,0
2034.35,2500.0,0.81,19,12,0,31,0,0,0,0
2918.28,3000.0,0.97,6,1,0,50,0,0,0,0
7475.92,6000.0,1.25,10,24,0,16,0,0,0,0
12632.97,2000.0,6.32,0,19,11,12,1,0,2,1
998.51,1500.0,0.67,12,26,0,31,0,0,0,0
2222.62,1500.0,1.48,14,13,0,37,0,0,0,0
12872.61,12000.0,1.07,11,8,0,42,0,0,1,0
6714.33,4500.0,1.49,21,18,0,6,0,0,0,0
7568.13,8000.0,0.95,21,11,0,48,0,0,0,0
1447.2,2000.0,0.72,11,10,0,31,0,0,0,0
12167.36,6000.0,2.03,11,10,1,37,0,0,0,0
3737.18,6000.0,0.62,11,10,0,45,0,0,0,0
6985.05,6000.0,1.16,11,21,0,34,0,0,1,0
1917.86,3000.0,0.64,6,15,0,12,0,0,0,0
3590.24,4500.0,0.8,14,12,0,16,0,0,0,0
6266.82,4500.0,1.39,13,7,0,41,0,0,0,0
7924.44,1500.0,5.28,16,16,3,21,1,0,1,0
2921.78,3000.0,0.97,16,6,0,5,0,0,0,0
2020.35,2500.0,0.81,12,21,0,18,0,0,0,0
1330.32,1500.0,0.89,13,24,1,49,0,0,0,0
11804.58,12000.0,0.98,10,26,0,12,0,0,0,0
15613.13,12000.0,1.3,19,22,0,19,0,0,1,0
21671.33,1500.0,14.45,2,24,8,12,1,1,2,1
45642.54,12000.0,3.8,21,17,4,16,1,1,1,0
6596.03,4500.0,1.47,10,12,0,27,0,0,0,0
13772.18,3000.0,4.59,14,14,5,9,0,1,1,0
11175.08,2000.0,5.59,17,7,5,27,1,0,1,1
4126.92,2000.0,2.06,15,12,0,26,0,0,0,0
1416.29,1500.0,0.94,12,11,0,29,0,0,0,0
3906.47,2000.0,1.95,14,25,0,40,0,0,0,0
1797.36,2500.0,0.72,22,5,0,29,0,0,1,0
1339.96,2000.0,0.67,13,22,2,7,0,0,0,0
7276.05,8000.0,0.91,17,8,0,6,0,0,0,0
7309.65,6000.0,1.22,17,6,0,29,0,0,1,0
10774.37,12000.0,0.9,7,23,0,5,0,0,0,0
5327.67,6000.0,0.89,10,10,0,48,0,0,1,0
1102.67,1500.0,0.74,11,10,0,33,0,0,0,0
5856.56,6000.0,0.98,10,4,0,19,0,0,0,0
5949.73,8000.0,0.74,13,24,1,9,0,0,0,0
2937.03,2500.0,1.17,6,11,0,6,0,0,1,0
2703.05,1500.0,1.8,13,4,0,15,0,0,0,0
4973.56,8000.0,0.62,18,3,0,23,0,0,0,0
22267.26,12000.0,1.86,18,10,0,46,0,0,0,0
13334.92,2500.0,5.33,0,7,3,15,1,1,2,0
8851.51,2500.0,3.54,14,13,4,41,1,0,2,0
6857.3,1500.0,4.57,12,6,4,8,1,1,1,0
2032.36,1500.0,1.35,12,12,0,10,0,0,0,0
5783.34,6000.0,0.96,18,5,0,48,0,0,0,0
7963.48,6000.0,1.33,11,17,1,41,0,0,0,0
13022.14,8000.0,1.63,23,6,0,9,0,0,0,0
4226.53,2500.0,1.69,19,15,0,46,0,0,0,0
4007.08,3000.0,1.34,10,4,1,23,0,0,0,0
16429.78,12000.0,1.37,13,19,0,20,0,0,0,0
9700.73,8000.0,1.21,10,6,0,47,0,0,0,0
15906.76,3000.0,5.3,19,9,4,43,1,0,1,1
1429.39,1500.0,0.95,15,15,1,5,0,0,0,0
2319.14,2500.0,0.93,7,22,0,18,1,0,0,0
30017.73,2000.0,15.01,1,9,8,23,1,1,2,1
8105.69,8000.0,1.01,19,18,0,46,0,0,1,0
1162.1,1500.0,0.77,19,19,0,37,0,0,0,0
5493.24,6000.0,0.92,17,4,1,5,0,0,0,0
2853.77,8000.0,0.36,16,15,0,7,0,0,0,0
1583.06,3000.0,0.53,22,4,0,25,0,0,0,0
20200.51,12000.0,1.68,16,25,0,23,0,0,0,0
11282.79,8000.0,1.41,4,8,0,48,0,0,1,0
12404.65,12000.0,1.03,19,17,0,10,0,0,0,0
1308.57,1500.0,0.87,16,14,2,5,0,0,0,0
3241.5,3000.0,1.08,12,1,0,24,0,0,0,0
1376.72,1500.0,0.92,11,27,0,41,0,0,0,0
3037.17,2500.0,1.21,18,8,0,9,0,0,0,0
5142.56,8000.0,0.64,22,12,0,50,0,0,1,0
6110.77,8000.0,0.76,19,18,0,34,0,0,0,0
1698.49,2500.0,0.68,7,20,0,7,0,0,0,0
11019.32,3000.0,3.67,14,27,5,14,1,0,0,0
21254.26,12000.0,1.77,9,10,0,22,0,0,0,0
11038.38,2500.0,4.42,13,19,5,20,1,0,2,0
9218.58,12000.0,0.77,21,2,0,38,0,0,1,0
7544.06,8000.0,0.94,7,17,0,43,0,0,0,0
33424.78,6000.0,5.57,16,19,5,50,1,1,1,0
8067.89,1500.0,5.38,16,13,3,46,0,0,0,0
2270.97,2500.0,0.91,8,14,0,38,0,0,0,0
15947.92,3000.0,5.32,12,4,4,50,0,1,1,0
4350.61,4500.0,0.97,20,2,0,23,0,0,1,0
9006.31,12000.0,0.75,16,23,0,10,0,0,1,0
18631.75,2500.0,7.45,3,14,5,15,1,1,1,1
4903.4,8000.0,0.61,15,27,0,38,0,0,0,0
1334.9,1500.0,0.89,15,3,0,24,0,0,0,0
25553.62,6000.0,4.26,8,25,5,21,1,1,1,0
6293.53,12000.0,0.52,18,14,0,46,0,0,1,0
7441.01,8000.0,0.93,12,4,0,41,0,0,1,0
5848.26,6000.0,0.97,13,28,1,19,0,0,0,0
6468.58,8000.0,0.81,9,13,0,35,0,0,1,0
2519.69,4500.0,0.56,12,6,0,35,0,0,2,0
2512.31,3000.0,0.84,13,20,0,15,0,0,0,0
5575.2,3000.0,1.86,11,28,0,31,0,0,0,0
1123.73,1500.0,0.75,19,19,0,7,1,0,0,0
1934.97,2500.0,0.77,6,15,0,26,0,0,0,0
8142.52,12000.0,0.68,14,5,0,23,0,0,0,0
6833.18,6000.0,1.14,19,23,1,26,0,0,0,0
3267.77,4500.0,0.73,13,27,0,37,0,0,0,0
37841.72,8000.0,4.73,13,28,5,48,1,1,0,0
30579.32,6000.0,5.1,18,14,4,47,1,1,0,0
3873.64,3000.0,1.29,1,3,0,34,0,0,0,0
5289.5,8000.0,0.66,8,14,0,38,0,0,0,0
4123.07,6000.0,0.69,16,23,1,42,0,0,1,0
4133.7,6000.0,0.69,10,9,1,30,0,0,0,0
2588.28,1500.0,1.73,13,26,0,11,0,0,0,0
1842.06,3000.0,0.61,16,9,0,38,0,0,0,0
4172.12,2500.0,1.67,10,19,0,30,0,0,0,0
2409.98,2500.0,0.96,16,14,0,28,0,0,0,0
12214.83,8000.0,1.53,17,22,1,11,0,0,0,0
17799.53,12000.0,1.48,15,6,0,12,0,0,0,0
3020.39,4500.0,0.67,9,21,0,14,0,0,0,0
17607.49,4000.0,4.4,7,25,9,24,1,1,1,1
1185.36,1500.0,0.79,10,6,0,38,0,0,0,0
5682.78,6000.0,0.95,12,6,0,9,0,0,0,0
6405.95,6000.0,1.07,22,24,0,31,0,0,0,0
7258.34,4500.0,1.61,19,4,0,15,0,0,0,0
8675.13,8000.0,1.08,20,2,0,17,0,0,1,0
1723.98,2500.0,0.69,8,20,0,22,0,0,0,0
9439.06,6000.0,1.57,13,6,1,34,0,0,0,0
32048.95,8000.0,4.01,16,5,4,49,1,0,2,0
4365.66,2500.0,1.75,8,10,1,25,0,0,0,0
19878.65,4500.0,4.42,19,3,3,12,1,0,1,0
17032.38,12000.0,1.42,15,3,0,5,0,0,0,0
1670.82,2500.0,0.67,19,26,1,48,0,0,0,0
8965.13,1500.0,5.98,12,19,4,30,1,1,1,0
8105.53,8000.0,1.01,9,4,0,14,0,0,0,0
2284.52,3000.0,0.76,17,7,0,20,0,0,0,0
1883.24,3000.0,0.63,9,10,0,36,0,0,0,0
4752.62,2500.0,1.9,14,2,0,12,1,0,1,0
7354.42,1500.0,4.9,22,27,3,35,0,1,1,0
6652.11,8000.0,0.83,18,9,0,41,0,0,0,0
31749.28,6000.0,5.29,10,27,5,35,0,0,0,0
3143.08,3000.0,1.05,17,19,0,5,0,0,0,0
5607.07,6000.0,0.93,14,25,0,38,0,0,0,0
10115.43,8000.0,1.26,19,11,0,45,0,0,1,0
3859.46,2500.0,1.54,12,14,0,49,0,0,0,0
1773.94,2000.0,0.89,18,26,0,31,0,0,0,0
6053.77,3000.0,2.02,18,4,0,38,0,0,0,0
5280.89,8000.0,0.66,11,9,0,36,0,0,0,0
3344.97,4500.0,0.74,17,25,2,22,0,0,0,0
2203.18,3000.0,0.73,10,14,1,34,0,0,1,0
4590.04,2500.0,1.84,11,18,1,15,0,0,2,0
25281.85,4500.0,5.62,9,4,4,7,1,1,1,0
4548.29,4500.0,1.01,14,21,0,48,0,0,0,0
10115.69,12000.0,0.84,17,16,0,22,0,0,0,0
1770.81,1500.0,1.18,8,18,0,26,1,0,0,0
38877.54,2500.0,15.55,4,2,8,18,1,1,2,1
2670.51,3000.0,0.89,16,24,0,48,0,0,0,0
2653.79,2000.0,1.33,11,3,0,11,0,0,0,0
2617.94,2500.0,1.05,13,24,0,15,0,0,0,0
3755.93,6000.0,0.63,19,17,1,22,0,0,0,0
2482.15,2500.0,0.99,8,11,0,20,0,0,0,0
2658.39,3000.0,0.89,20,25,0,8,0,0,1,0
2807.45,2000.0,1.4,9,28,1,28,0,0,0,0
17787.74,3000.0,5.93,20,24,5,29,1,1,0,0
2958.95,2500.0,1.18,11,1,0,31,0,0,0,0
1541.66,2000.0,0.77,19,23,0,24,0,0,0,0
2221.44,2000.0,1.11,8,13,0,30,0,0,0,0
2975.75,1500.0,1.98,13,6,1,14,0,0,0,0
3037.47,2000.0,1.52,20,15,0,15,0,0,1,0
3981.96,3000.0,1.33,20,6,0,6,0,0,0,0
5460.79,6000.0,0.91,7,7,0,18,0,0,0,0
2013.82,2000.0,1.01,16,4,0,19,0,0,1,0
3523.9,4500.0,0.78,15,6,0,25,0,0,0,0
1794.55,3000.0,0.6,17,11,0,45,0,0,0,0
6959.99,6000.0,1.16,11,10,0,14,0,0,1,0
27429.28,12000.0,2.29,8,13,0,43,0,0,0,0
538.87,2000.0,0.27,8,25,0,11,0,0,0,0
2068.22,2000.0,1.03,7,2,0,25,0,0,1,0
62211.99,4000.0,15.55,1,15,2,30,1,0,0,1
7349.77,6000.0,1.22,20,11,1,5,0,0,0,0
13116.06,3000.0,4.37,8,1,5,18,1,1,1,1
1860.95,3000.0,0.62,10,27,0,43,0,0,0,0
3540.24,2500.0,1.42,13,4,0,49,0,0,0,0
3264.13,4500.0,0.73,12,15,0,32,0,0,0,0
8453.17,8000.0,1.06,17,8,0,13,0,0,0,0
2785.92,2000.0,1.39,9,23,0,22,0,0,0,0
10210.02,6000.0,1.7,16,7,0,16,0,0,0,0
9294.73,2500.0,3.72,11,13,5,10,1,0,2,0
16544.73,12000.0,1.38,18,5,0,42,0,0,1,0
2759.45,2500.0,1.1,9,13,1,21,0,0,0,0
5350.41,2500.0,2.14,11,26,0,22,0,0,0,0
7265.58,8000.0,0.91,21,18,0,12,0,0,0,0
53018.91,12000.0,4.42,15,18,4,15,1,0,1,0
3089.67,2000.0,1.54,16,23,0,28,0,0,1,0
3993.03,2000.0,2.0,17,7,0,7,0,0,0,0
2642.88,2500.0,1.06,8,19,0,47,0,0,2,0
2910.96,2500.0,1.16,17,3,0,27,0,0,0,0
7094.09,12000.0,0.59,18,13,0,23,0,0,0,0
1743.54,2500.0,0.7,12,4,0,30,0,0,2,0
5762.03,8000.0,0.72,1,9,0,14,0,0,2,0
4667.17,6000.0,0.78,14,20,0,8,0,0,0,0
21952.55,12000.0,1.83,12,22,1,13,0,0,0,0
10506.19,12000.0,0.88,8,8,0,22,0,0,0,0
24354.77,4500.0,5.41,21,16,3,16,0,0,0,0
2172.52,3000.0,0.72,20,10,0,7,0,0,0,0
6803.4,8000.0,0.85,10,22,1,49,0,0,0,0
2556.98,1500.0,1.7,18,16,0,23,0,0,0,0
1089.8,2000.0,0.54,6,19,0,43,0,0,1,0
16831.95,12000.0,1.4,22,5,0,42,0,0,1,0
7098.16,12000.0,0.59,12,7,0,32,0,0,1,0
2363.94,2500.0,0.95,1,15,0,44,0,0,0,0
3527.83,2500.0,1.41,15,17,1,23,0,0,0,0
8901.62,12000.0,0.74,14,15,1,14,0,0,0,0
11022.69,2500.0,4.41,13,20,3,10,0,0,1,0
17886.22,4500.0,3.97,8,3,3,21,1,1,1,0
10336.25,6000.0,1.72,15,22,0,34,0,0,0,0
3858.7,4500.0,0.86,20,24,0,29,0,0,0,0
15187.45,12000.0,1.27,19,14,0,27,0,0,0,0
9419.06,6000.0,1.57,20,18,0,39,0,0,0,0
21167.25,4500.0,4.7,19,3,5,14,0,0,0,0
4289.19,6000.0,0.71,19,16,0,30,0,0,0,0
5085.24,6000.0,0.85,0,11,0,19,0,0,0,0
4184.38,2500.0,1.67,18,1,0,31,0,0,0,0
1218.22,1500.0,0.81,2,20,0,43,0,0,0,0
6955.75,12000.0,0.58,19,1,1,39,0,0,0,0
4217.76,4500.0,0.94,23,2,0,36,0,0,0,0
1342.59,3000.0,0.45,12,28,0,34,0,0,0,0
4220.77,2500.0,1.69,9,20,0,22,0,0,0,0
31298.48,8000.0,3.91,19,26,5,45,0,0,1,0
2354.74,2500.0,0.94,10,14,0,44,0,0,0,0
1155.47,1500.0,0.77,14,26,0,33,0,1,0,0
5064.12,6000.0,0.84,8,18,0,17,0,0,0,0
6164.2,8000.0,0.77,9,6,1,10,0,0,1,0
1428.96,2000.0,0.71,15,21,0,36,0,0,0,0
3439.36,2500.0,1.38,18,22,0,46,1,0,0,0
1728.68,3000.0,0.58,20,22,0,21,0,0,0,0
17888.41,12000.0,1.49,15,12,1,47,0,0,0,0
14592.26,12000.0,1.22,19,11,0,39,0,0,0,0
7835.57,8000.0,0.98,7,27,0,22,0,0,0,0
3353.08,3000.0,1.12,5,17,0,22,0,0,0,0
4567.43,4500.0,1.01,11,26,0,15,0,0,0,0
1874.01,2000.0,0.94,11,28,0,15,0,0,0,0
19359.8,4000.0,4.84,16,25,4,39,1,0,1,1
1849.53,3000.0,0.62,12,19,0,44,0,0,1,0
2057.11,2000.0,1.03,20,8,0,37,0,1,0,0
1497.77,2500.0,0.6,20,11,0,36,0,0,1,0
2172.71,1500.0,1.45,13,4,0,19,0,0,0,0
7302.1,8000.0,0.91,10,20,0,9,0,0,0,0
10841.6,8000.0,1.36,12,16,0,45,0,0,2,0
6206.61,8000.0,0.78,22,26,0,35,0,0,1,0
9816.34,12000.0,0.82,8,25,0,36,0,0,1,0
11674.22,12000.0,0.97,18,14,0,24,0,0,1,0
10754.85,2500.0,4.3,17,2,5,43,1,0,0,0
9747.7,12000.0,0.81,8,16,0,37,0,0,0,0
7886.98,12000.0,0.66,10,7,0,25,1,0,0,0
4284.55,4500.0,0.95,10,28,0,42,1,0,0,0
1845.4,2000.0,0.92,19,21,0,6,0,0,0,0
1790.75,2500.0,0.72,8,17,0,50,0,0,0,0
1544.37,1500.0,1.03,15,16,0,27,0,0,0,0
6237.26,4500.0,1.39,16,7,0,12,0,0,0,0
8740.56,6000.0,1.46,11,5,1,20,0,0,0,0
2486.49,2500.0,0.99,19,24,0,35,0,0,0,0
2031.05,2500.0,0.81,13,12,0,16,0,0,0,0
13269.22,8000.0,1.66,12,15,0,44,0,0,0,0
8913.11,2500.0,3.57,12,22,3,36,1,1,1,0
3588.89,1500.0,2.39,12,9,0,10,0,0,0,0
8669.82,6000.0,1.44,17,24,0,26,0,0,0,0
4836.16,3000.0,1.61,12,23,2,8,0,0,0,0
6580.64,8000.0,0.82,19,22,0,8,0,0,0,0
11773.77,6000.0,1.96,15,16,1,15,0,0,0,0
6367.42,6000.0,1.06,19,26,0,39,0,0,0,0
830.72,1500.0,0.55,9,5,0,31,0,0,0,0
955.66,1500.0,0.64,18,16,0,19,0,0,0,0
2732.3,4500.0,0.61,13,26,2,6,0,0,0,0
12511.31,12000.0,1.04,19,23,1,13,0,0,0,0
6979.88,6000.0,1.16,16,12,0,45,0,0,1,0
10965.93,3000.0,3.66,17,28,4,26,1,0,2,0
1847.58,1500.0,1.23,9,12,0,12,0,0,0,0
2109.22,2000.0,1.05,9,18,0,14,0,0,0,0
2077.52,2000.0,1.04,19,6,0,24,0,0,0,0
5270.47,3000.0,1.76,21,4,0,21,0,0,1,0
2111.95,2000.0,1.06,15,23,0,21,0,0,0,0
2752.17,2000.0,1.38,6,28,0,15,0,0,0,0
6544.03,6000.0,1.09,12,22,0,41,0,0,0,0
3928.51,4500.0,0.87,15,13,0,8,0,0,0,0
5604.83,4500.0,1.25,10,13,0,49,0,0,0,0
11939.4,8000.0,1.49,9,23,0,22,1,0,0,0
2702.83,2500.0,1.08,16,9,0,22,0,0,0,0
1283.72,1500.0,0.86,16,11,0,21,0,0,0,0
831.58,2000.0,0.42,14,18,0,18,0,0,0,0
1601.8,3000.0,0.53,9,5,0,7,0,0,0,0
11232.2,2000.0,5.62,17,3,11,13,1,1,1,1
9174.62,8000.0,1.15,16,22,0,16,1,0,0,0
7636.74,12000.0,0.64,14,12,1,49,0,0,0,0
6959.6,6000.0,1.16,17,1,0,13,0,0,0,0
3124.78,3000.0,1.04,11,10,0,44,0,0,0,0
28454.19,8000.0,3.56,17,22,5,30,1,1,0,0
13873.55,2000.0,6.94,15,2,9,28,1,0,1,1
1284.27,2000.0,0.64,8,19,0,50,0,0,0,0
2442.66,1500.0,1.63,18,23,0,9,0,0,0,0
2701.37,8000.0,0.34,21,15,0,33,0,0,0,0
2627.31,2000.0,1.31,9,3,0,24,0,0,0,0
9439.21,12000.0,0.79,12,24,0,13,0,0,0,0
2772.16,4500.0,0.62,13,25,0,12,0,0,0,0
26081.71,12000.0,2.17,6,28,1,47,0,0,0,0
4286.41,8000.0,0.54,7,20,0,40,0,0,0,0
3494.78,3000.0,1.16,21,26,0,23,0,0,0,0
10258.86,12000.0,0.85,16,26,0,46,0,1,0,0
4944.02,12000.0,0.41,15,4,0,27,0,0,0,0
2105.73,3000.0,0.7,13,6,0,10,0,0,0,0
6737.13,12000.0,0.56,21,24,0,40,0,0,0,0
5060.95,4500.0,1.12,19,18,0,28,0,0,0,0
29744.88,8000.0,3.72,18,5,3,38,1,0,2,0
2566.59,1500.0,1.71,15,15,0,29,1,0,0,0
2636.53,2500.0,1.05,7,3,0,44,0,0,0,0
3182.61,3000.0,1.06,13,18,0,9,0,0,0,0
3076.21,4500.0,0.68,11,25,0,46,0,0,0,0
7317.16,8000.0,0.91,14,5,1,6,0,0,0,0
9224.78,2000.0,4.61,20,18,4,11,1,0,1,0
4631.85,4500.0,1.03,16,13,0,6,0,0,0,0
7331.82,6000.0,1.22,12,1,0,28,0,0,0,0
21898.94,12000.0,1.82,14,10,0,23,0,0,0,0
3867.54,4500.0,0.86,14,27,0,15,0,0,1,0
2913.99,8000.0,0.36,18,6,0,40,0,0,0,0
974.73,2000.0,0.49,14,22,0,25,0,0,0,0
4776.9,4500.0,1.06,17,8,0,15,0,0,0,0
2439.96,2500.0,0.98,8,14,1,35,0,0,0,0
6016.65,4500.0,1.34,17,21,0,48,0,1,0,0
8523.78,12000.0,0.71,18,8,0,44,0,0,0,0
4125.71,2500.0,1.65,11,9,0,44,0,0,0,0
7699.49,6000.0,1.28,18,17,0,36,0,0,0,0
16362.19,12000.0,1.36,17,12,0,6,0,0,2,0
2677.73,3000.0,0.89,15,5,0,17,0,0,0,0
3484.51,3000.0,1.16,13,27,0,30,0,0,0,0
58538.22,12000.0,4.88,13,28,3,44,1,0,0,0
2040.63,2000.0,1.02,10,6,1,10,0,1,0,0
3046.79,3000.0,1.02,12,27,0,13,0,0,0,0
5041.13,8000.0,0.63,19,13,0,22,0,0,0,0
3050.74,4500.0,0.68,18,17,1,14,0,0,0,0
2142.98,3000.0,0.71,17,15,0,23,0,0,0,0
2460.91,1500.0,1.64,9,23,0,48,0,0,0,0
5716.11,4500.0,1.27,10,1,0,16,0,0,0,0
3086.54,4500.0,0.69,10,21,1,10,0,0,0,0
4280.44,8000.0,0.54,11,20,2,43,0,0,0,0
9781.6,6000.0,1.63,12,6,1,37,0,0,0,0
20094.79,4500.0,4.47,11,14,4,40,1,0,1,0
17514.21,12000.0,1.46,15,28,1,25,0,0,0,0
10355.8,12000.0,0.86,8,28,0,42,0,0,0,0
2804.34,3000.0,0.93,15,10,0,33,0,0,0,0
1551.84,2000.0,0.78,9,13,1,42,0,0,0,0
12556.49,2500.0,5.02,17,17,4,50,1,0,1,0
6197.65,6000.0,1.03,8,17,0,45,1,0,0,0
4547.5,3000.0,1.52,11,28,0,20,0,0,0,0
7208.39,8000.0,0.9,13,15,1,44,0,0,0,0
15762.5,12000.0,1.31,12,9,0,23,0,0,0,0
18068.97,4500.0,4.02,18,11,3,10,0,0,1,0
5999.68,6000.0,1.0,8,14,0,37,0,0,0,0
9697.06,12000.0,0.81,11,6,0,47,0,0,2,0
5385.05,6000.0,0.9,20,28,1,18,0,0,0,0
1374.54,1500.0,0.92,12,3,0,12,0,0,0,0
7002.14,4500.0,1.56,18,27,0,27,0,0,0,0
14967.6,3000.0,4.99,18,25,3,46,1,1,1,0
24626.13,3000.0,8.21,4,4,7,29,1,1,2,1
10404.19,8000.0,1.3,11,11,0,35,0,0,0,0
45949.15,8000.0,5.74,10,23,5,40,0,0,0,0
1283.64,1500.0,0.86,20,23,2,22,0,0,1,0
13286.7,8000.0,1.66,10,14,0,9,0,0,0,0
3024.67,4500.0,0.67,17,23,0,15,0,0,0,0
1448.47,6000.0,0.24,16,11,0,36,0,0,0,0
4168.5,2500.0,1.67,7,23,1,19,0,0,0,0
1244.96,2000.0,0.62,18,28,1,27,0,0,0,0
6072.04,4500.0,1.35,12,18,0,23,0,0,0,0
6967.78,3000.0,2.32,13,25,0,13,0,0,0,0
1630.14,1500.0,1.09,7,15,1,8,0,0,0,0
1398.94,2000.0,0.7,19,14,0,28,0,0,0,0
2987.82,2500.0,1.2,15,1,0,38,0,0,0,0
7639.54,2000.0,3.82,7,17,5,5,1,1,0,0
16831.36,4500.0,3.74,14,11,3,10,0,0,0,0
8904.58,6000.0,1.48,13,17,0,19,0,0,0,0
1498.11,3000.0,0.5,20,18,0,17,0,0,0,0
5306.92,8000.0,0.66,9,19,0,33,0,0,0,0
4041.91,4500.0,0.9,18,27,0,6,0,0,0,0
10900.66,12000.0,0.91,10,21,0,14,0,0,1,0
3768.43,6000.0,0.63,16,9,0,47,0,0,0,0
2605.79,2000.0,1.3,15,22,0,6,0,0,0,0
41009.83,8000.0,5.13,15,25,4,42,1,1,1,0
6318.83,4500.0,1.4,15,22,0,16,0,0,0,0
1406.52,1500.0,0.94,19,5,0,38,1,0,1,0
12738.83,12000.0,1.06,0,8,0,45,0,0,0,0
2747.15,3000.0,0.92,11,21,0,40,0,0,0,0
3425.46,3000.0,1.14,14,12,0,17,0,0,0,0
7731.01,4500.0,1.72,23,1,0,46,0,0,0,0
1879.45,2500.0,0.75,14,5,0,46,0,0,0,0
2953.8,3000.0,0.98,6,5,0,18,0,0,0,0
10899.01,12000.0,0.91,16,28,0,15,0,0,0,0
4089.62,6000.0,0.68,15,26,0,21,0,0,0,0
15009.06,1500.0,10.01,1,14,5,47,1,1,2,1
1240.34,1500.0,0.83,20,26,1,41,0,0,0,0
1313.12,1500.0,0.88,8,4,0,29,0,0,0,0
4458.29,6000.0,0.74,13,2,0,31,0,0,0,0
1910.54,2500.0,0.76,8,16,0,40,0,0,0,0
2850.85,2500.0,1.14,23,24,0,27,0,0,0,0
10525.27,12000.0,0.88,7,11,2,38,0,0,1,0
2702.73,2500.0,1.08,16,3,0,20,0,0,1,0
1137.24,1500.0,0.76,7,2,0,24,0,0,0,0
1337.79,2000.0,0.67,23,4,0,38,0,0,1,0
9704.36,6000.0,1.62,12,5,0,36,0,0,0,0
1074.78,2500.0,0.43,16,26,0,47,0,0,0,0
1997.7,3000.0,0.67,13,22,0,5,0,0,0,0
16363.85,3000.0,5.45,14,10,4,48,1,0,1,0
4412.39,4500.0,0.98,11,21,1,14,0,0,0,0
2781.02,2500.0,1.11,21,4,0,31,0,0,0,0
3293.94,2500.0,1.32,19,28,0,37,0,0,0,0
2572.25,2000.0,1.29,8,16,0,12,0,0,0,0
1261.15,2000.0,0.63,10,14,1,28,0,0,0,0
35651.64,8000.0,4.46,19,5,3,16,1,0,1,0
58197.89,12000.0,4.85,12,11,3,37,1,1,1,0
5543.99,6000.0,0.92,5,10,0,49,0,0,0,0
13091.35,2500.0,5.24,5,7,3,11,0,0,0,0
2200.56,4500.0,0.49,17,26,1,47,0,0,0,0
2766.08,2500.0,1.11,9,17,0,19,0,0,0,0
8819.47,8000.0,1.1,19,18,0,46,0,0,0,0
8061.94,8000.0,1.01,15,12,0,11,0,1,0,0
9826.83,6000.0,1.64,16,20,0,6,0,0,0,0
4723.38,8000.0,0.59,16,8,0,39,0,0,0,0
1802.84,2000.0,0.9,14,12,0,25,0,0,0,0
4729.6,4500.0,1.05,18,28,0,11,0,0,0,0
2596.58,3000.0,0.87,11,18,0,19,0,0,0,0
3315.99,2500.0,1.33,6,18,0,39,0,0,0,0
1505.4,2000.0,0.75,14,23,0,23,0,0,2,0
3848.09,6000.0,0.64,8,24,0,48,0,0,0,0
2614.59,2000.0,1.31,21,8,0,20,0,0,0,0
22825.62,4500.0,5.07,13,24,4,6,1,0,0,0
6884.66,1500.0,4.59,11,13,4,35,1,0,1,0
2579.12,4500.0,0.57,17,20,0,41,0,0,0,0
2784.76,1500.0,1.86,10,8,0,16,0,0,0,0
2050.63,2000.0,1.03,11,1,1,27,0,0,0,0
5345.31,8000.0,0.67,13,12,0,24,0,0,0,0
8849.91,12000.0,0.74,16,24,0,33,0,1,0,0
7596.07,4500.0,1.69,23,21,1,42,0,0,1,0
8946.6,1500.0,5.96,13,10,4,11,1,0,2,0
2049.47,1500.0,1.37,18,7,0,9,0,0,2,0
2119.5,2000.0,1.06,19,12,0,25,0,0,0,0
13235.73,3000.0,4.41,11,14,5,27,1,1,1,0
8212.86,8000.0,1.03,20,13,0,25,1,0,0,0
6833.87,8000.0,0.85,19,23,0,35,0,0,0,0
11635.83,2000.0,5.82,16,26,5,19,1,1,1,1
8597.04,12000.0,0.72,21,22,0,42,0,0,0,0
9904.1,12000.0,0.83,13,9,2,26,0,0,0,0
3680.81,4500.0,0.82,17,10,0,33,0,0,1,0
22147.59,4500.0,4.92,12,11,4,12,1,0,1,0
1259.37,3000.0,0.42,16,21,0,45,0,0,0,0
7433.56,1500.0,4.96,20,11,4,18,1,1,1,1
6291.18,4500.0,1.4,11,28,0,35,0,0,1,0
1107.7,2500.0,0.44,10,21,0,40,0,0,1,0
4119.72,3000.0,1.37,8,3,1,14,0,0,0,0
3245.4,2000.0,1.62,15,15,0,50,0,0,0,0
6695.73,1500.0,4.46,19,25,5,7,1,0,0,0
58426.12,12000.0,4.87,10,28,3,7,0,0,2,0
1000.99,1500.0,0.67,9,10,0,5,0,0,1,0
5441.43,8000.0,0.68,15,3,0,36,0,0,1,0
16674.33,12000.0,1.39,13,10,0,46,0,0,0,0
1514.34,2000.0,0.76,13,18,0,33,0,1,0,0
2017.5,2500.0,0.81,16,14,0,44,0,0,0,0
4634.55,4500.0,1.03,19,12,0,21,0,0,0,0
4002.23,6000.0,0.67,19,3,1,21,0,0,0,0
2617.05,6000.0,0.44,1,28,2,29,0,0,0,0
9103.38,8000.0,1.14,15,5,0,36,0,0,0,0
2547.64,3000.0,0.85,18,8,0,50,0,0,0,0
2896.32,1500.0,1.93,15,23,1,22,0,0,0,0
67510.7,4000.0,16.88,1,20,3,25,1,1,2,1
1778.11,3000.0,0.59,15,17,0,25,0,0,0,0
9315.59,8000.0,1.16,15,18,0,49,0,0,0,0
10039.06,6000.0,1.67,19,13,0,28,0,0,0,0
5555.72,6000.0,0.93,9,22,0,16,0,0,0,0
3028.36,4500.0,0.67,9,22,1,29,0,0,0,0
17464.61,3000.0,5.82,7,21,4,47,1,0,0,0
7966.28,12000.0,0.66,16,10,0,33,0,0,0,0
10600.4,12000.0,0.88,8,22,0,28,0,0,0,0
17682.0,2500.0,7.07,7,28,7,38,1,1,1,1
1133.82,1500.0,0.76,13,4,1,42,0,0,0,0
11952.04,2000.0,5.98,13,24,5,26,0,1,0,0
1716.47,2000.0,0.86,19,15,0,20,0,0,1,0
1246.88,1500.0,0.83,22,17,0,14,0,0,0,0
5885.87,6000.0,0.98,17,20,0,26,0,0,0,0
2726.61,3000.0,0.91,15,7,1,35,0,0,0,0
11086.05,4500.0,2.46,21,28,0,32,0,0,0,0
5889.52,2500.0,2.36,16,25,0,32,0,0,0,0
8099.13,6000.0,1.35,0,28,0,22,0,0,0,0
8550.15,2000.0,4.28,21,28,4,26,1,0,1,0
2182.69,3000.0,0.73,17,10,0,36,0,0,1,0
11742.73,2000.0,5.87,9,19,5,11,1,0,1,1
10542.88,8000.0,1.32,20,12,0,38,0,0,0,0
3099.51,4500.0,0.69,15,16,2,25,0,0,0,0
9380.69,8000.0,1.17,16,16,0,45,0,0,0,0
9610.74,2500.0,3.84,13,26,4,37,1,1,2,0
2878.21,2500.0,1.15,9,10,0,35,0,0,0,0
79945.74,4000.0,19.99,2,21,7,43,1,1,2,1
1797.98,2000.0,0.9,15,27,0,6,1,1,0,0
8843.82,8000.0,1.11,10,14,0,29,0,0,0,0
3526.38,4500.0,0.78,21,2,0,8,0,0,0,0
3390.13,4500.0,0.75,9,3,1,24,0,0,0,0
5618.98,4500.0,1.25,8,3,0,41,0,0,0,0
11484.69,2000.0,5.74,21,21,5,17,1,0,2,0
4010.76,6000.0,0.67,1,16,0,37,0,0,0,0
47136.39,3000.0,15.71,22,26,3,35,0,1,1,1
6842.38,8000.0,0.86,12,12,0,50,0,0,1,0
42582.39,3000.0,14.19,3,18,6,31,1,1,1,1
11922.53,2500.0,4.77,15,12,5,32,1,0,1,0
6807.51,4500.0,1.51,19,12,0,16,0,0,0,0
8098.55,8000.0,1.01,13,13,0,35,0,0,1,0
6391.18,12000.0,0.53,19,25,0,24,0,0,0,0
9930.34,8000.0,1.24,10,3,0,43,0,0,0,0
7220.25,6000.0,1.2,11,4,0,44,0,0,0,0
65646.59,4000.0,16.41,1,3,8,44,1,1,2,1
1177.22,1500.0,0.78,19,15,0,6,0,0,0,0
58767.27,12000.0,4.9,17,3,4,13,0,0,1,0
1595.24,2500.0,0.64,15,17,0,42,0,0,0,0
17660.39,3000.0,5.89,18,6,5,31,1,1,1,0
2895.16,3000.0,0.97,15,13,1,27,0,0,0,0
2593.14,2000.0,1.3,13,11,1,5,0,0,0,0
9479.95,8000.0,1.18,8,26,0,50,0,0,0,0
3080.56,2000.0,1.54,18,26,1,12,0,0,0,0
14405.09,12000.0,1.2,7,6,0,8,0,0,0,0
2640.36,1500.0,1.76,11,25,0,46,0,0,1,0
1078.69,1500.0,0.72,14,21,0,8,0,0,0,0
1715.53,2500.0,0.69,20,5,0,28,0,0,1,0
3353.38,3000.0,1.12,9,13,0,15,0,0,0,0
8611.95,4500.0,1.91,14,16,0,42,0,0,0,0
19213.97,12000.0,1.6,8,8,0,36,0,0,0,0
5664.47,4500.0,1.26,10,16,0,11,0,0,0,0
2651.85,4500.0,0.59,16,1,0,27,0,0,0,0
10358.35,12000.0,0.86,3,22,0,36,0,0,1,0
16455.94,12000.0,1.37,17,15,0,32,0,0,0,0
1879.92,2000.0,0.94,9,22,0,43,0,0,0,0
2279.65,2500.0,0.91,16,16,0,7,0,0,0,0
1957.77,2000.0,0.98,8,2,0,16,0,0,1,0
7511.23,8000.0,0.94,12,16,0,18,1,0,1,0
5213.39,3000.0,1.74,10,11,0,36,0,0,0,0
2295.28,2000.0,1.15,6,13,0,27,0,0,0,0
9118.18,8000.0,1.14,12,6,0,19,0,0,0,0
12707.35,8000.0,1.59,20,23,0,20,0,0,0,0
6028.56,6000.0,1.0,10,24,1,41,0,0,0,0
7159.31,8000.0,0.89,18,26,0,24,0,0,0,0
8181.25,4500.0,1.82,16,14,0,40,0,0,0,0
3670.21,3000.0,1.22,19,12,0,7,0,0,0,0
2687.43,3000.0,0.9,8,13,0,9,0,0,0,0
5126.4,4500.0,1.14,16,3,0,35,0,0,0,0
6243.77,6000.0,1.04,11,11,0,48,0,0,0,0
8882.01,6000.0,1.48,11,24,0,10,0,0,0,0
9296.98,12000.0,0.77,15,5,1,16,0,0,0,0
1505.59,1500.0,1.0,6,14,0,23,0,0,0,0
16427.48,4500.0,3.65,14,22,3,38,0,0,1,0
73096.16,4000.0,18.27,2,4,6,44,1,1,1,1
3936.39,4500.0,0.87,1,23,0,23,0,0,1,0
5053.83,3000.0,1.68,10,22,1,38,0,0,0,0
9327.63,8000.0,1.17,17,15,0,20,0,0,0,0
2216.59,2000.0,1.11,9,12,1,5,0,0,0,0
3256.06,4500.0,0.72,15,3,0,36,0,0,0,0
1388.79,2500.0,0.56,13,27,0,5,0,0,0,0
1264.86,2000.0,0.63,12,25,0,50,0,0,1,0
3647.44,8000.0,0.46,18,1,1,41,1,0,0,0
6902.61,4500.0,1.53,5,18,0,38,0,0,0,0
2606.1,3000.0,0.87,16,5,0,34,0,0,0,0
1927.9,2000.0,0.96,2,26,0,29,1,0,0,0
15746.65,12000.0,1.31,13,28,0,21,0,0,0,0
1178.13,1500.0,0.79,9,8,0,5,0,0,0,0
657.57,1500.0,0.44,9,24,1,42,0,0,0,0
31122.38,2000.0,15.56,23,8,7,27,1,1,2,1
13230.34,2500.0,5.29,19,10,3,14,0,1,1,0
5386.39,6000.0,0.9,18,24,1,14,0,0,0,0
2997.16,2000.0,1.5,11,26,0,27,0,0,1,0
4944.61,4500.0,1.1,18,13,0,18,0,0,1,0
8164.61,6000.0,1.36,15,15,0,37,0,0,0,0
5488.85,4500.0,1.22,11,14,0,12,0,1,2,0
9007.89,8000.0,1.13,10,18,2,16,0,0,0,0
30284.25,8000.0,3.79,9,19,5,30,1,0,1,0
1276.84,1500.0,0.85,13,14,0,10,0,0,0,0
5010.57,2500.0,2.0,15,22,0,49,0,0,0,0
6743.09,6000.0,1.12,19,7,0,33,0,0,0,0
6588.46,8000.0,0.82,4,24,0,20,0,0,0,0
1328.69,1500.0,0.89,17,2,0,5,0,0,0,0
33976.81,8000.0,4.25,19,1,3,30,1,0,1,0
3162.4,3000.0,1.05,17,9,0,6,0,0,0,0
756.98,1500.0,0.5,12,9,0,22,0,0,0,0
1794.0,2500.0,0.72,8,7,0,29,0,0,0,0
3305.03,2500.0,1.32,8,22,0,43,1,0,0,0
1973.81,2500.0,0.79,13,10,0,49,0,0,0,0
4994.85,4500.0,1.11,12,19,0,50,0,0,0,0
23555.35,6000.0,3.93,19,4,5,17,1,0,2,0
1613.75,1500.0,1.08,18,1,0,21,0,0,0,0
4346.73,4500.0,0.97,16,16,0,36,0,0,0,0
1809.36,3000.0,0.6,14,6,1,17,0,0,2,0
2684.96,3000.0,0.89,6,24,0,22,0,0,0,0
1878.62,2000.0,0.94,8,19,1,33,0,0,0,0
4235.43,4500.0,0.94,4,28,1,15,0,0,0,0
4510.27,2500.0,1.8,18,20,0,6,0,1,0,0
4731.39,3000.0,1.58,12,5,0,47,0,0,0,0
2097.19,6000.0,0.35,20,19,1,18,0,0,0,0
21180.61,4500.0,4.71,3,10,5,11,0,1,1,0
31329.99,8000.0,3.92,10,24,5,36,1,1,1,0
3193.48,1500.0,2.13,16,10,0,6,0,0,1,0
1842.05,2500.0,0.74,11,8,0,21,0,0,0,0
7583.97,8000.0,0.95,19,17,0,31,0,0,0,0
11499.04,3000.0,3.83,18,23,4,30,0,0,0,0
4511.28,4500.0,1.0,20,17,1,44,0,0,0,0
19727.99,12000.0,1.64,11,24,0,14,0,0,0,0
1901.14,2000.0,0.95,11,18,0,24,0,0,0,0
1302.44,1500.0,0.87,16,20,0,45,0,0,1,0
5026.7,12000.0,0.42,17,10,0,37,0,0,0,0
2413.71,3000.0,0.8,15,17,0,28,0,1,0,0
15315.75,3000.0,5.11,2,16,9,50,1,1,2,1
48717.88,12000.0,4.06,11,8,5,23,1,0,0,0
906.5,1500.0,0.6,7,14,0,46,0,0,0,0
3735.59,2500.0,1.49,9,22,0,20,0,0,0,0
3106.41,4500.0,0.69,10,13,1,36,0,0,0,0
2911.44,3000.0,0.97,15,8,0,14,0,0,0,0
3113.9,3000.0,1.04,12,1,0,5,0,0,1,0
4128.26,8000.0,0.52,10,12,0,27,0,0,0,0
3940.2,6000.0,0.66,6,22,0,21,0,0,0,0
10530.14,12000.0,0.88,21,11,0,33,0,0,0,0
10995.68,12000.0,0.92,11,11,0,21,0,0,0,0
6912.83,6000.0,1.15,10,11,0,49,0,0,1,0
4835.45,6000.0,0.81,13,19,0,14,0,0,0,0
2462.48,2000.0,1.23,11,28,0,35,0,1,0,0
3685.0,4500.0,0.82,10,27,0,38,0,1,1,0
5977.52,8000.0,0.75,7,23,0,20,0,0,0,0
4406.94,3000.0,1.47,12,9,0,15,0,0,0,0
9056.19,6000.0,1.51,8,6,0,9,0,0,0,0
9201.4,8000.0,1.15,19,8,0,36,0,0,0,0
84004.35,4000.0,21.0,2,2,4,37,1,1,2,1
6437.33,6000.0,1.07,17,13,1,31,0,0,0,0
4602.51,2000.0,2.3,17,8,0,5,0,0,0,0
2733.51,2500.0,1.09,17,12,0,50,0,0,0,0
7856.54,8000.0,0.98,15,9,1,9,1,0,0,0
16495.95,3000.0,5.5,8,16,5,7,1,1,1,0
4418.6,2500.0,1.77,6,22,1,13,0,0,0,0
17976.82,12000.0,1.5,22,19,0,5,0,0,0,0
16270.21,12000.0,1.36,10,2,0,34,0,0,1,0
12679.95,8000.0,1.58,15,5,2,42,0,0,0,0
5641.85,3000.0,1.88,13,15,0,30,1,0,0,0
23462.6,4000.0,5.87,8,4,4,47,1,0,1,1
1608.07,2000.0,0.8,7,4,0,12,0,0,0,0
2005.97,2000.0,1.0,12,22,0,45,0,0,0,0
1066.01,1500.0,0.71,12,1,0,37,0,0,0,0
2504.92,2000.0,1.25,20,21,0,32,0,0,0,0
2804.13,4500.0,0.62,14,8,0,29,0,0,0,0
1100.81,2000.0,0.55,11,17,0,42,0,0,0,0
4950.08,8000.0,0.62,11,10,1,9,0,0,0,0
5180.49,4500.0,1.15,10,21,0,6,0,0,0,0
9557.73,12000.0,0.8,17,5,1,48,0,0,0,0
55484.01,12000.0,4.62,21,5,5,7,1,1,1,0
19927.3,12000.0,1.66,17,14,0,21,0,0,0,0
1644.93,2000.0,0.82,23,15,0,17,0,0,0,0
1819.95,2000.0,0.91,9,26,0,14,0,0,1,0
2411.78,2500.0,0.96,16,12,0,30,0,0,0,0
1907.53,1500.0,1.27,14,20,0,26,0,0,0,0
6948.43,8000.0,0.87,17,9,0,5,0,0,0,0
4045.94,4500.0,0.9,9,28,0,32,0,0,2,0
2004.79,3000.0,0.67,21,25,0,15,0,0,0,0
45211.08,12000.0,3.77,15,5,5,22,1,0,2,0
17059.67,12000.0,1.42,11,15,0,29,1,0,0,0
2024.57,2500.0,0.81,10,25,0,16,1,0,0,0
2956.03,2500.0,1.18,9,5,0,36,0,0,1,0
25200.3,6000.0,4.2,12,25,3,43,0,0,1,0
3029.91,2000.0,1.51,17,11,0,5,0,0,0,0
1303.18,1500.0,0.87,19,9,0,22,0,0,0,0
6924.61,4500.0,1.54,16,28,0,23,0,0,0,0
3929.06,2500.0,1.57,15,3,0,42,0,0,0,0
1435.08,1500.0,0.96,8,12,0,21,0,0,0,0
11537.3,2000.0,5.77,12,1,3,39,1,1,1,0
2396.27,2500.0,0.96,14,15,0,9,0,0,0,0
1625.88,3000.0,0.54,9,17,0,47,0,0,0,0
2063.74,3000.0,0.69,18,15,0,46,0,0,0,0
4827.19,6000.0,0.8,20,21,0,17,0,0,0,0
12286.81,2000.0,6.14,18,13,9,10,0,0,1,1
2528.44,2500.0,1.01,21,1,0,50,0,0,0,0
10900.15,12000.0,0.91,16,26,0,49,0,0,0,0
1615.7,2500.0,0.65,15,9,0,45,0,0,0,0
5394.64,6000.0,0.9,19,16,0,43,0,1,0,0
8675.05,1500.0,5.78,18,26,5,28,1,1,2,0
1335.92,1500.0,0.89,10,13,0,16,0,0,0,0
2027.4,2000.0,1.01,18,23,0,12,0,0,0,0
2322.39,2000.0,1.16,10,4,0,20,0,0,0,0
3861.21,3000.0,1.29,12,23,1,6,0,0,0,0
2521.39,2000.0,1.26,8,9,0,36,0,0,0,0
2268.99,1500.0,1.51,10,11,0,39,0,0,0,0
9757.97,8000.0,1.22,18,19,0,48,0,0,0,0
4166.58,2500.0,1.67,22,7,1,49,0,1,1,0
1666.09,2000.0,0.83,1,20,0,7,1,0,0,0
952.65,1500.0,0.64,11,16,0,43,0,0,0,0
5684.42,6000.0,0.95,15,10,0,22,0,0,0,0
3456.03,2000.0,1.73,19,11,0,22,0,0,0,0
45885.3,8000.0,5.74,15,23,3,16,0,1,1,0
17611.99,4000.0,4.4,2,6,12,35,1,1,1,1
4575.94,3000.0,1.53,15,8,0,21,0,0,1,0
5597.45,2500.0,2.24,21,18,0,25,0,0,1,0
3317.88,3000.0,1.11,20,20,0,38,0,0,0,0
10000.43,12000.0,0.83,12,4,0,14,0,0,0,0
9277.71,8000.0,1.16,18,19,0,35,0,0,0,0
9184.17,1500.0,6.12,17,21,11,24,1,1,2,1
6886.82,6000.0,1.15,20,9,0,31,0,0,0,0
5952.44,4500.0,1.32,8,8,0,6,0,0,0,0
9742.92,12000.0,0.81,12,25,0,45,0,0,0,0
5356.3,4500.0,1.19,3,8,1,50,0,0,1,0
11518.89,12000.0,0.96,19,6,0,41,0,0,0,0
5834.72,8000.0,0.73,12,6,0,36,0,0,0,0
3233.59,4500.0,0.72,10,26,0,6,0,0,0,0
2368.31,3000.0,0.79,15,25,0,22,0,0,0,0
6143.5,4500.0,1.37,11,21,0,42,0,0,0,0
8936.64,1500.0,5.96,8,14,4,20,1,0,0,0
1196.18,1500.0,0.8,11,22,0,36,0,0,0,0
42255.25,8000.0,5.28,11,13,5,20,1,0,0,0
973.32,1500.0,0.65,9,8,0,26,0,0,0,0
3534.02,3000.0,1.18,11,23,0,36,0,0,0,0
1866.07,1500.0,1.24,12,21,0,19,0,0,0,0
58001.97,12000.0,4.83,16,18,4,10,0,0,1,0
4070.64,3000.0,1.36,20,1,0,18,0,0,1,0
6544.19,6000.0,1.09,16,18,0,23,0,0,0,0
2295.07,3000.0,0.77,10,14,0,20,1,0,0,0
5821.29,4500.0,1.29,7,15,0,32,0,0,0,0
10590.46,6000.0,1.77,7,28,0,30,1,0,0,0
1770.61,3000.0,0.59,19,2,0,22,0,0,0,0
2089.63,3000.0,0.7,12,19,1,31,0,0,0,0
31714.25,8000.0,3.96,18,10,4,9,1,0,0,0
2339.51,2000.0,1.17,21,21,0,42,0,1,1,0
7397.29,1500.0,4.93,7,27,4,14,1,0,1,0
2328.77,2000.0,1.16,19,27,1,31,0,0,0,0
42810.32,8000.0,5.35,15,6,4,16,1,1,1,0
5652.97,6000.0,0.94,9,18,0,20,0,0,1,0
6010.12,6000.0,1.0,17,27,0,27,0,0,0,0
2113.76,2000.0,1.06,17,12,0,42,0,0,2,0
26472.92,6000.0,4.41,11,3,3,23,1,1,2,0
5087.52,6000.0,0.85,13,8,0,14,0,0,0,0
1023.0,1500.0,0.68,18,25,0,12,0,0,0,0
691.54,2000.0,0.35,15,8,0,13,0,0,0,0
2399.25,2500.0,0.96,11,7,0,15,0,0,0,0
9396.61,8000.0,1.17,15,27,0,17,0,0,0,0
17218.55,8000.0,2.15,10,20,0,26,0,0,0,0
1202.74,1500.0,0.8,12,23,0,35,1,0,0,0
13269.73,3000.0,4.42,11,13,3,24,1,0,1,0
2464.08,2500.0,0.99,17,25,0,22,0,0,0,0
2347.14,1500.0,1.56,9,21,0,8,0,0,0,0
2783.79,2500.0,1.11,18,5,0,23,0,0,0,0
3608.05,2500.0,1.44,6,4,0,23,1,0,0,0
6495.84,8000.0,0.81,10,13,0,30,0,0,0,0
1989.58,2000.0,0.99,15,8,1,31,0,0,0,0
9136.67,6000.0,1.52,13,20,0,8,0,0,0,0
943.44,1500.0,0.63,20,25,1,22,0,0,0,0
3395.77,3000.0,1.13,19,14,0,45,0,0,0,0
5862.69,1500.0,3.91,9,4,4,19,1,0,1,0
5768.99,4500.0,1.28,13,1,0,7,0,0,0,0
2137.8,3000.0,0.71,10,21,0,48,0,0,0,0
8527.38,6000.0,1.42,15,27,0,36,0,0,0,0
7958.22,1500.0,5.31,17,10,5,6,1,0,1,0
7941.37,1500.0,5.29,18,22,3,13,0,0,1,0
4658.28,4500.0,1.04,14,5,0,8,0,0,1,0
3361.38,4500.0,0.75,14,22,1,16,0,0,0,0
3385.24,4500.0,0.75,17,25,0,27,0,0,0,0
2216.27,2500.0,0.89,14,10,1,21,0,0,1,0
3691.5,4500.0,0.82,18,22,0,31,0,0,0,0
6373.56,12000.0,0.53,13,23,0,37,0,0,0,0
6000.35,8000.0,0.75,16,21,0,14,0,0,0,0
1129.02,2000.0,0.56,18,10,0,36,0,0,0,0
7254.83,12000.0,0.6,10,3,0,46,0,0,0,0
1341.3,1500.0,0.89,10,6,0,13,0,0,0,0
1719.37,1500.0,1.15,23,21,1,35,0,0,0,0
4264.44,2500.0,1.71,12,13,0,46,0,0,1,0
8554.46,6000.0,1.43,11,4,2,8,0,0,0,0
5244.59,6000.0,0.87,18,20,0,34,0,0,0,0
4789.95,4500.0,1.06,14,20,0,35,0,0,0,0
6871.29,6000.0,1.15,17,13,0,5,0,0,0,0
3931.16,4500.0,0.87,15,2,0,43,0,0,0,0
8571.17,12000.0,0.71,18,26,0,23,0,0,0,0
15605.12,8000.0,1.95,11,11,0,13,0,0,0,0
3818.78,8000.0,0.48,13,28,0,9,0,0,1,0
7401.27,8000.0,0.93,11,7,0,43,0,0,0,0
7952.66,8000.0,0.99,18,12,0,13,0,0,0,0
3626.3,4500.0,0.81,8,10,0,34,0,0,0,0
5813.57,6000.0,0.97,17,14,1,13,0,0,0,0
5346.65,12000.0,0.45,3,5,0,34,0,0,0,0
2596.64,4500.0,0.58,6,15,2,47,0,0,0,0
19507.51,12000.0,1.63,18,16,0,16,0,0,0,0
1112.06,1500.0,0.74,11,12,2,29,0,0,0,0
1867.64,2000.0,0.93,7,25,1,33,0,0,0,0
5348.71,3000.0,1.78,11,17,0,25,0,0,0,0
2684.03,2500.0,1.07,19,22,0,31,0,0,0,0
11003.51,12000.0,0.92,10,6,0,17,0,0,0,0
8000.38,2000.0,4.0,5,11,4,41,1,0,1,0
7438.06,12000.0,0.62,11,25,0,6,0,0,0,0
2335.24,4500.0,0.52,10,10,0,5,0,1,1,0
2673.62,2000.0,1.34,17,23,0,15,0,0,0,0
626.77,1500.0,0.42,14,19,1,44,0,0,0,0
9563.16,12000.0,0.8,7,2,0,35,0,0,0,0
1652.83,2000.0,0.83,13,18,0,22,0,0,0,0
17196.6,3000.0,5.73,9,4,4,7,0,1,1,0
8229.89,6000.0,1.37,14,16,0,40,0,0,0,0
27319.04,12000.0,2.28,11,23,0,12,0,0,0,0
1609.78,2000.0,0.8,7,12,0,33,0,0,0,0
21068.89,12000.0,1.76,12,20,0,35,0,0,1,0
9694.42,6000.0,1.62,8,14,0,6,0,0,0,0
30866.52,6000.0,5.14,16,19,4,37,0,0,1,0
2154.08,1500.0,1.44,9,24,1,5,0,0,0,0
1223.08,1500.0,0.82,9,9,0,26,0,0,1,0
13085.45,12000.0,1.09,14,8,2,42,0,0,0,0
23739.77,6000.0,3.96,18,27,4,19,0,1,2,0
15185.57,8000.0,1.9,17,21,0,50,0,0,0,0
833.98,1500.0,0.56,9,14,0,48,0,0,0,0
8344.36,12000.0,0.7,10,15,2,12,0,0,1,0
1524.88,1500.0,1.02,17,2,0,33,0,0,0,0
12020.65,8000.0,1.5,6,25,0,45,0,0,0,0
3315.02,3000.0,1.11,21,15,0,26,0,0,1,0
6189.33,4500.0,1.38,10,28,0,48,0,0,0,0
18159.08,12000.0,1.51,15,26,0,18,0,0,0,0
2771.19,4500.0,0.62,9,5,0,25,0,0,0,0
7522.81,12000.0,0.63,18,11,0,49,0,0,0,0
1910.08,2000.0,0.96,12,24,0,16,0,0,0,0
2515.89,3000.0,0.84,17,7,0,21,0,0,0,0
3889.63,6000.0,0.65,19,10,0,26,0,0,0,0
2668.93,2500.0,1.07,19,24,0,29,0,0,0,0
2407.88,3000.0,0.8,21,26,0,9,0,0,0,0
903.81,1500.0,0.6,20,14,0,29,0,0,0,0
8338.36,12000.0,0.69,12,28,0,11,0,0,0,0
2923.63,3000.0,0.97,14,20,0,31,0,0,0,0
4566.18,4500.0,1.01,11,12,0,6,0,0,1,0
11242.64,12000.0,0.94,12,17,0,30,0,0,0,0
9881.87,6000.0,1.65,11,22,0,41,0,0,0,0
1542.47,2500.0,0.62,21,17,0,12,0,0,0,0
5197.13,6000.0,0.87,18,17,0,30,0,0,0,0
11204.38,12000.0,0.93,14,22,0,15,0,0,0,0
987.73,1500.0,0.66,7,27,0,9,0,0,0,0
2948.29,2000.0,1.47,12,4,0,13,0,0,0,0
1654.63,2500.0,0.66,20,20,0,8,0,0,1,0
3967.58,6000.0,0.66,10,1,0,43,0,0,0,0
8720.91,1500.0,5.81,13,22,5,47,1,1,1,0
36879.75,1500.0,24.59,3,18,5,5,1,1,2,1
5478.17,8000.0,0.68,21,25,0,17,0,0,1,0
2021.03,1500.0,1.35,21,14,0,50,0,0,0,0
10096.41,12000.0,0.84,3,23,0,15,0,0,0,0
8801.87,6000.0,1.47,18,16,0,21,0,0,0,0
10284.29,2000.0,5.14,14,8,5,18,1,0,2,0
1621.53,2000.0,0.81,18,18,0,39,0,0,0,0
7957.04,6000.0,1.33,20,19,0,47,0,0,1,0
6752.08,6000.0,1.13,13,26,0,43,0,0,2,0
6524.13,6000.0,1.09,22,20,0,41,0,0,0,0
3838.11,6000.0,0.64,15,8,0,39,0,0,0,0
4689.77,8000.0,0.59,15,18,0,9,0,0,0,0
5845.13,4500.0,1.3,18,2,0,24,0,0,0,0
11021.24,8000.0,1.38,12,21,0,47,0,0,0,0
3674.7,4500.0,0.82,21,28,0,45,0,0,0,0
10191.9,8000.0,1.27,11,22,1,43,0,0,0,0
35023.61,8000.0,4.38,6,24,4,13,0,1,1,0
8271.81,8000.0,1.03,16,14,0,9,0,0,0,0
15339.89,8000.0,1.92,16,24,0,45,0,0,1,0
8957.95,4500.0,1.99,9,21,0,23,0,0,0,0
14103.59,8000.0,1.76,17,14,0,11,0,0,0,0
3392.43,2000.0,1.7,13,8,0,7,0,0,0,0
4292.16,6000.0,0.72,20,12,0,27,0,0,0,0
5433.2,1500.0,3.62,7,9,5,20,1,0,0,0
41324.45,8000.0,5.17,10,28,4,37,1,1,1,0
21115.55,6000.0,3.52,6,24,4,48,1,1,1,0
3857.37,2000.0,1.93,15,17,0,36,0,0,0,0
9396.86,8000.0,1.17,23,21,0,32,0,0,0,0
7596.5,1500.0,5.06,14,12,3,8,1,1,2,0
2828.64,4500.0,0.63,17,8,0,44,0,0,0,0
11310.71,3000.0,3.77,15,11,5,38,1,0,2,0
7672.42,4500.0,1.7,13,16,0,17,0,0,0,0
10150.87,6000.0,1.69,9,2,0,46,0,0,0,0
60064.02,3000.0,20.02,2,25,4,23,1,1,1,1
3880.33,3000.0,1.29,13,1,0,44,0,0,0,0
60479.88,2500.0,24.19,4,1,8,23,1,1,2,1
3734.43,6000.0,0.62,10,18,0,31,0,0,0,0
2897.05,2500.0,1.16,12,8,0,18,0,1,0,0
9995.35,8000.0,1.25,13,27,0,39,0,0,0,0
2980.44,2500.0,1.19,13,28,0,39,0,0,0,0
14725.24,8000.0,1.84,13,18,0,34,0,0,0,0
16624.93,12000.0,1.39,20,12,0,9,0,0,0,0
15729.58,12000.0,1.31,14,5,0,39,0,0,0,0
2202.25,2000.0,1.1,8,2,0,15,0,0,0,0
2371.97,3000.0,0.79,17,2,0,44,0,0,0,0
3360.23,3000.0,1.12,17,23,0,17,0,0,2,0
1840.24,6000.0,0.31,9,1,1,23,0,0,0,0
28329.26,12000.0,2.36,11,20,0,7,0,0,0,0
3033.87,3000.0,1.01,10,2,0,24,0,0,0,0
6215.16,6000.0,1.04,11,28,0,7,0,0,0,0
16720.24,12000.0,1.39,15,18,0,18,1,0,0,0
16505.36,3000.0,5.5,15,26,4,5,1,0,0,0
6218.47,1500.0,4.15,8,17,3,30,1,0,2,0
9226.11,12000.0,0.77,21,20,0,7,0,0,0,0
1868.75,2500.0,0.75,16,1,0,16,0,0,1,0
4165.46,6000.0,0.69,15,3,0,12,0,0,0,0
5189.5,12000.0,0.43,19,5,0,5,1,0,0,0
9341.2,12000.0,0.78,10,26,1,38,0,0,0,0
10147.32,8000.0,1.27,19,17,0,16,0,0,1,0
3735.87,4500.0,0.83,19,27,0,24,0,0,0,0
2656.74,2000.0,1.33,18,9,0,38,0,0,0,0
2765.64,2000.0,1.38,19,9,0,27,0,0,0,0
6198.39,4500.0,1.38,18,11,0,41,0,0,0,0
6064.33,12000.0,0.51,9,26,0,43,0,0,0,0
7767.74,12000.0,0.65,13,2,0,32,0,0,0,0
8099.16,6000.0,1.35,12,26,0,45,0,0,0,0
2000.95,3000.0,0.67,10,1,0,9,0,0,1,0
1837.88,1500.0,1.23,7,1,0,20,0,0,0,0
8395.71,8000.0,1.05,15,9,0,41,0,0,0,0
725.07,1500.0,0.48,12,15,0,6,0,0,0,0
6999.36,8000.0,0.87,12,18,0,46,0,0,0,0
5637.22,4500.0,1.25,7,18,0,28,0,0,0,0
2635.44,6000.0,0.44,17,23,1,41,0,0,0,0
2193.54,2500.0,0.88,15,6,0,23,0,0,0,0
1938.99,2500.0,0.78,15,24,0,18,0,0,1,0
9706.47,12000.0,0.81,13,10,0,43,0,0,0,0
53069.15,12000.0,4.42,17,20,3,22,0,0,1,0
11697.46,12000.0,0.97,15,22,0,23,0,0,0,0
1586.3,1500.0,1.06,18,4,0,13,0,0,1,0
3678.12,2000.0,1.84,12,5,0,13,0,0,0,0
3760.71,8000.0,0.47,18,19,0,40,0,0,0,0
14480.58,8000.0,1.81,12,18,1,39,0,0,0,0
1294.66,2500.0,0.52,15,8,0,44,1,0,0,0
2213.35,3000.0,0.74,12,8,0,8,0,0,0,0
1466.65,2500.0,0.59,15,28,0,45,0,0,0,0
12091.87,8000.0,1.51,21,21,0,10,0,0,1,0
10381.0,2500.0,4.15,14,28,3,5,0,0,1,0
17727.21,4500.0,3.94,16,9,4,30,0,0,2,0
1370.78,1500.0,0.91,20,2,0,43,0,0,0,0
7006.28,8000.0,0.88,10,7,0,14,0,0,0,0
3539.15,6000.0,0.59,15,7,0,9,0,0,0,0
1715.92,4500.0,0.38,6,6,1,28,0,1,0,0
6046.26,8000.0,0.76,7,27,0,49,0,1,0,0
17810.69,12000.0,1.48,9,9,0,9,0,0,0,0
4538.18,2500.0,1.82,13,12,0,30,0,0,0,0
32856.7,8000.0,4.11,22,1,5,48,1,1,1,0
4373.27,12000.0,0.36,8,9,0,7,0,0,0,0
3717.32,6000.0,0.62,22,2,0,11,0,0,1,0
3338.71,3000.0,1.11,19,10,0,29,0,0,0,0
2993.6,3000.0,1.0,7,23,0,32,0,0,0,0
2503.28,2500.0,1.0,8,10,0,27,0,0,0,0
5422.06,4500.0,1.2,21,26,1,6,0,0,0,0
1560.49,2000.0,0.78,8,17,0,10,0,0,0,0
8375.36,2000.0,4.19,17,7,5,5,0,0,1,0
1891.13,2000.0,0.95,17,10,0,18,0,0,0,0
5913.7,8000.0,0.74,9,12,0,44,0,0,0,0
2223.48,2500.0,0.89,13,27,2,19,0,0,0,0
4535.73,4500.0,1.01,17,5,0,32,0,0,0,0
12464.33,12000.0,1.04,9,12,0,12,0,0,0,0
2832.13,2500.0,1.13,14,22,0,26,0,0,1,0
1920.78,2500.0,0.77,16,17,0,14,0,0,0,0
1677.38,2500.0,0.67,21,26,0,26,0,1,0,0
2595.22,2500.0,1.04,18,20,0,44,0,0,0,0
4567.86,4500.0,1.02,0,3,0,34,0,0,0,0
4202.49,2000.0,2.1,13,8,0,8,0,0,0,0
29729.56,8000.0,3.72,11,9,5,9,1,0,0,0
5907.78,6000.0,0.98,8,18,0,35,0,0,0,0
2458.26,3000.0,0.82,12,21,0,44,0,0,0,0
9138.9,12000.0,0.76,11,19,0,32,0,0,0,0
1869.85,3000.0,0.62,11,20,0,44,0,0,0,0
1509.91,2000.0,0.75,14,2,0,14,0,0,0,0
14014.23,12000.0,1.17,12,13,0,30,0,0,0,0
8468.96,1500.0,5.65,11,24,10,46,1,1,2,1
86797.65,2500.0,34.72,19,18,2,44,1,1,1,1
17987.35,4500.0,4.0,11,18,4,50,1,1,1,0
4569.52,6000.0,0.76,10,10,1,46,0,0,0,0
1382.25,1500.0,0.92,17,11,1,25,0,0,0,0
45727.3,8000.0,5.72,6,7,5,41,0,1,1,0
3476.02,6000.0,0.58,9,7,1,18,0,0,0,0
12787.59,12000.0,1.07,9,3,0,28,0,0,0,0
1909.69,2500.0,0.76,18,16,0,9,0,0,0,0
27391.07,6000.0,4.57,10,9,5,21,1,0,1,0
4922.18,12000.0,0.41,12,25,0,29,0,0,0,0
14079.88,12000.0,1.17,21,10,0,30,0,0,1,0
4967.67,2000.0,2.48,5,23,0,49,0,0,0,0
2840.7,3000.0,0.95,10,6,0,7,0,0,0,0
74092.97,3000.0,24.7,2,18,7,49,1,1,2,1
34124.67,8000.0,4.27,16,11,5,49,0,1,1,0
30674.69,8000.0,3.83,17,20,3,33,1,1,1,0
2419.65,6000.0,0.4,15,8,0,34,0,0,0,0
2061.87,2500.0,0.82,8,21,0,50,0,0,0,0
1492.8,3000.0,0.5,1,14,1,19,0,0,0,0
6007.93,2500.0,2.4,20,10,0,24,0,0,0,0
2504.64,2500.0,1.0,8,20,1,38,0,0,0,0
3898.16,2000.0,1.95,18,20,0,24,0,0,0,0
3596.41,6000.0,0.6,19,10,0,45,0,0,0,0
4406.21,6000.0,0.73,10,16,0,6,0,0,0,0
25845.46,4500.0,5.74,1,18,5,16,1,1,1,0
2236.5,2000.0,1.12,14,19,0,13,0,0,1,0
1258.72,1500.0,0.84,12,22,1,7,0,0,0,0
2720.37,4500.0,0.6,14,28,0,50,0,0,1,0
4208.49,6000.0,0.7,8,20,1,22,0,0,0,0
5745.52,3000.0,1.92,17,21,0,9,0,0,0,0
1834.25,2000.0,0.92,9,12,0,42,0,0,0,0
1956.68,2000.0,0.98,18,8,0,36,0,1,0,0
991.66,1500.0,0.66,16,18,0,32,0,0,0,0
1465.11,2500.0,0.59,21,27,0,7,0,0,1,0
1110.11,1500.0,0.74,12,15,1,33,0,0,0,0
2170.46,2000.0,1.09,21,26,0,45,0,0,1,0
2268.73,3000.0,0.76,10,12,0,7,0,0,0,0
28534.54,6000.0,4.76,17,3,3,12,1,1,1,0
4290.8,2500.0,1.72,11,7,2,17,0,0,1,0
4681.88,3000.0,1.56,14,19,0,38,0,0,0,0
10900.78,2500.0,4.36,15,2,3,6,1,0,2,0
1839.0,1500.0,1.23,8,17,0,33,0,0,1,0
7698.58,12000.0,0.64,20,5,0,15,0,0,0,0
3634.06,3000.0,1.21,16,16,0,15,0,0,0,0
2836.93,2500.0,1.13,12,17,0,45,0,0,0,0
763.3,1500.0,0.51,12,9,1,31,0,0,0,0
17227.05,12000.0,1.44,13,14,0,35,0,0,0,0
1692.57,2000.0,0.85,14,27,1,39,0,0,0,0
2330.48,2500.0,0.93,16,2,0,15,0,0,2,0
11369.11,6000.0,1.89,18,3,0,18,0,0,0,0
16622.26,3000.0,5.54,13,4,4,24,1,1,2,1
2694.87,1500.0,1.8,17,4,0,31,0,0,1,0
9932.86,8000.0,1.24,8,23,2,10,0,0,0,0
1229.28,1500.0,0.82,9,18,0,44,0,1,0,0
12933.03,6000.0,2.16,9,2,1,21,0,0,1,0
13988.78,8000.0,1.75,22,24,0,14,0,0,0,0
5917.29,1500.0,3.94,14,27,5,20,0,1,1,0
1891.71,2500.0,0.76,17,11,0,37,0,0,0,0
11317.31,2500.0,4.53,16,19,4,27,1,0,2,0
11051.43,12000.0,0.92,19,3,0,18,0,0,1,0
777.95,2000.0,0.39,12,14,1,37,0,0,0,0
1177.85,2000.0,0.59,14,18,0,40,0,0,1,0
1998.44,4500.0,0.44,20,27,0,16,0,0,1,0
2773.6,2500.0,1.11,11,28,0,34,0,0,0,0
12367.45,8000.0,1.55,14,13,0,8,0,0,0,0
10386.36,12000.0,0.87,15,21,1,12,0,0,1,0
3641.48,4500.0,0.81,15,23,0,44,0,0,0,0
7966.94,4500.0,1.77,14,9,0,5,0,0,0,0
7126.58,8000.0,0.89,21,14,0,21,0,0,0,0
33743.18,6000.0,5.62,12,22,3,11,1,0,0,0
6079.53,6000.0,1.01,8,28,0,41,0,0,0,0
1333.07,2000.0,0.67,13,14,0,5,0,0,0,0
1204.31,1500.0,0.8,9,2,0,7,0,0,0,0
30727.87,6000.0,5.12,11,23,3,38,0,0,1,0
56124.51,12000.0,4.68,23,23,3,22,1,0,1,0
12967.44,2500.0,5.19,16,8,4,15,1,0,0,0
2412.86,1500.0,1.61,18,13,0,23,0,0,0,0
628.88,1500.0,0.42,10,9,0,22,0,0,0,0
34567.02,2000.0,17.28,4,4,5,49,1,0,1,1
4115.94,2000.0,2.06,16,12,0,7,0,0,0,0
2195.7,3000.0,0.73,16,17,0,21,0,0,0,0
7594.27,6000.0,1.27,10,12,0,42,0,0,0,0
2981.47,2500.0,1.19,4,26,0,46,0,0,0,0
10223.82,2000.0,5.11,13,1,5,30,1,0,2,0
18637.54,4500.0,4.14,11,11,4,26,1,1,1,0
1210.72,1500.0,0.81,17,16,0,27,0,0,0,0
7556.67,8000.0,0.94,16,11,0,25,0,0,0,0
1898.09,2500.0,0.76,6,23,0,14,0,0,0,0
8730.07,12000.0,0.73,17,5,0,11,0,0,0,0
12871.34,2500.0,5.15,9,25,3,7,1,1,1,1
10217.39,2000.0,5.11,17,5,3,16,0,1,0,0
10616.57,12000.0,0.88,11,8,0,21,0,0,1,0
2117.75,2500.0,0.85,20,17,0,41,0,0,0,0
7945.7,12000.0,0.66,12,21,0,42,0,0,0,0
14416.51,8000.0,1.8,19,7,0,9,0,0,0,0
4585.95,4500.0,1.02,6,7,0,21,0,0,0,0
1119.1,2000.0,0.56,17,18,1,49,0,0,1,0
5222.34,4500.0,1.16,14,23,0,24,0,0,0,0
5603.64,3000.0,1.87,7,11,0,48,1,0,0,0
10097.25,12000.0,0.84,11,13,0,9,0,0,0,0
6751.81,8000.0,0.84,12,24,0,42,0,0,0,0
3298.29,2000.0,1.65,20,22,0,27,0,0,1,0
1464.28,2000.0,0.73,11,9,0,41,0,0,0,0
2145.48,2000.0,1.07,11,21,1,23,0,0,0,0
8756.74,8000.0,1.09,15,6,0,48,0,0,0,0
4889.36,4500.0,1.09,11,6,1,5,1,0,0,0
7776.43,8000.0,0.97,13,17,0,38,0,0,0,0
6015.93,8000.0,0.75,16,16,0,23,0,0,1,0
1280.96,1500.0,0.85,14,23,0,45,0,0,0,0
5891.15,4500.0,1.31,13,25,1,14,0,0,0,0
7449.32,8000.0,0.93,8,25,0,7,0,0,0,0
10757.23,8000.0,1.34,19,25,0,8,0,0,0,0
26478.66,6000.0,4.41,7,8,3,9,1,0,1,0
1623.99,2000.0,0.81,14,22,0,13,0,0,1,0
4411.74,3000.0,1.47,13,12,1,27,0,0,0,0
3267.42,2500.0,1.31,19,13,0,29,0,0,0,0
2282.96,3000.0,0.76,7,18,0,40,0,0,0,0
3632.44,6000.0,0.61,15,4,0,25,0,0,1,0
2939.22,2500.0,1.18,20,12,0,35,0,0,0,0
3625.36,2500.0,1.45,9,5,0,18,0,0,0,0
2493.13,2500.0,1.0,10,23,1,14,0,0,0,0
3721.09,4500.0,0.83,18,19,0,19,0,0,0,0
3080.75,4500.0,0.68,9,1,0,19,0,0,0,0
5738.3,6000.0,0.96,17,15,0,18,0,0,1,0
3695.1,6000.0,0.62,12,1,0,28,1,0,0,0
42728.16,8000.0,5.34,16,16,5,46,0,1,1,0
4805.84,6000.0,0.8,15,15,0,48,1,0,0,0
5777.52,6000.0,0.96,13,23,0,42,0,0,0,0
1962.26,1500.0,1.31,19,21,0,8,0,0,0,0
4196.94,4500.0,0.93,13,4,0,34,0,0,0,0
2666.68,2500.0,1.07,14,17,0,41,0,0,1,0
8038.27,4500.0,1.79,18,17,0,9,0,0,0,0
1861.77,2000.0,0.93,13,26,0,16,0,0,0,0
24470.52,6000.0,4.08,14,18,5,6,1,1,0,0
1854.82,2500.0,0.74,9,21,0,16,0,0,0,0
1896.03,2500.0,0.76,16,15,0,31,0,0,0,0
1006.04,2500.0,0.4,7,19,0,43,0,0,0,0
3876.79,6000.0,0.65,12,2,1,37,0,0,0,0
2167.93,2500.0,0.87,8,10,0,7,0,0,0,0
17972.2,12000.0,1.5,18,14,0,11,0,0,0,0
5117.93,12000.0,0.43,8,12,0,43,0,0,0,0
3461.45,2500.0,1.38,8,21,0,47,0,0,0,0
3730.13,3000.0,1.24,12,18,0,33,1,0,0,0
12699.89,12000.0,1.06,10,11,0,12,0,0,0,0
2408.12,2500.0,0.96,16,10,0,29,0,0,0,0
9556.91,12000.0,0.8,8,26,0,26,0,0,0,0
986.98,1500.0,0.66,16,27,1,48,0,0,0,0
11633.78,12000.0,0.97,16,11,0,17,0,0,0,0
4463.48,3000.0,1.49,8,13,2,42,0,0,0,0
6399.22,6000.0,1.07,14,20,0,41,0,0,0,0
8873.49,6000.0,1.48,19,21,0,37,0,0,0,0
5149.21,4500.0,1.14,13,25,0,9,0,0,0,0
11030.31,12000.0,0.92,14,8,1,33,0,0,0,0
13803.35,12000.0,1.15,13,23,0,16,0,0,0,0
5350.62,4500.0,1.19,23,22,0,45,0,0,2,0
3231.99,3000.0,1.08,19,8,0,12,0,0,0,0
13288.38,8000.0,1.66,20,13,2,36,0,0,0,0
14169.79,4000.0,3.54,20,3,10,33,1,0,1,1
939.8,1500.0,0.63,19,18,1,20,0,0,0,0
2545.76,2500.0,1.02,12,19,0,35,0,0,0,0
1656.76,1500.0,1.1,10,13,0,10,0,0,0,0
2260.96,3000.0,0.75,17,9,0,12,0,0,0,0
6266.65,8000.0,0.78,16,9,1,29,0,0,0,0
3116.09,3000.0,1.04,15,26,0,10,0,0,1,0
950.56,2000.0,0.48,17,17,0,46,0,0,0,0
19881.3,12000.0,1.66,20,23,0,28,0,0,0,0
2914.45,2500.0,1.17,20,14,0,27,0,0,0,0
2308.25,3000.0,0.77,17,25,0,12,0,0,0,0
1866.12,1500.0,1.24,11,28,0,29,0,0,0,0
3448.31,4500.0,0.77,22,8,1,48,0,0,0,0
1275.61,2500.0,0.51,0,4,0,21,0,0,0,0
14096.5,6000.0,2.35,17,27,0,18,0,0,0,0
23550.51,12000.0,1.96,10,18,0,42,0,0,0,0
3687.08,2000.0,1.84,19,3,0,25,0,0,0,0
12402.53,8000.0,1.55,16,25,0,18,0,1,0,0
1797.1,2000.0,0.9,12,13,0,47,0,0,2,0
7880.96,8000.0,0.99,23,2,0,16,0,0,0,0
9165.37,6000.0,1.53,9,13,0,26,0,0,0,0
2086.62,2500.0,0.83,14,28,0,16,0,0,0,0
1443.53,2000.0,0.72,13,6,1,32,0,0,0,0
1483.53,1500.0,0.99,14,26,2,40,0,0,0,0
14077.88,12000.0,1.17,19,16,0,5,0,0,0,0
805.64,1500.0,0.54,12,23,0,6,0,0,1,0
2309.05,2500.0,0.92,22,15,0,14,0,0,1,0
3517.92,3000.0,1.17,20,16,0,13,0,0,0,0
4957.25,4500.0,1.1,10,22,0,32,0,0,0,0
1794.64,1500.0,1.2,12,5,0,24,0,0,0,0
2296.08,2000.0,1.15,10,1,0,15,0,0,0,0
1025.45,1500.0,0.68,5,14,0,33,0,0,0,0
3923.19,3000.0,1.31,14,21,0,41,0,0,0,0
10285.73,2000.0,5.14,11,22,5,38,1,0,1,1
17549.63,12000.0,1.46,13,8,0,11,0,0,0,0
11778.31,12000.0,0.98,12,2,0,14,0,0,0,0
4257.24,4500.0,0.95,12,11,0,30,0,0,0,0
5981.1,8000.0,0.75,17,9,0,47,0,0,0,0
1280.12,3000.0,0.43,19,26,0,40,0,0,1,0
12999.51,8000.0,1.62,13,17,0,40,0,0,0,0
4461.74,4500.0,0.99,13,22,0,21,0,0,0,0
2074.9,2000.0,1.04,18,7,0,17,0,0,1,0
16106.39,8000.0,2.01,11,6,0,47,0,0,0,0
6673.21,8000.0,0.83,6,21,0,29,1,0,1,0
6453.88,6000.0,1.08,9,24,0,16,0,0,0,0
11443.62,2500.0,4.58,8,18,5,37,1,0,0,0
15697.39,12000.0,1.31,8,25,0,25,0,0,0,0
2904.12,3000.0,0.97,12,19,0,5,0,0,0,0
5361.86,6000.0,0.89,8,10,0,36,0,0,0,0
5396.09,6000.0,0.9,18,4,0,5,0,0,0,0
10213.3,2500.0,4.09,18,10,5,16,1,0,1,0
7808.86,4500.0,1.74,17,23,0,12,0,0,0,0
2431.78,2000.0,1.22,14,24,0,36,0,0,0,0
2096.11,4500.0,0.47,14,9,0,30,0,0,0,0
1783.69,1500.0,1.19,16,15,0,40,0,0,0,0
8304.55,6000.0,1.38,19,24,0,43,0,0,0,0
10986.79,2500.0,4.39,14,4,5,14,1,0,1,0
17943.11,3000.0,5.98,16,8,4,35,1,0,1,0
16366.07,12000.0,1.36,18,17,0,34,0,0,0,0
2732.94,3000.0,0.91,10,15,1,20,0,0,0,0
10868.04,2000.0,5.43,18,21,3,36,1,0,2,0
4128.92,3000.0,1.38,12,18,0,48,0,0,0,0
1202.78,2000.0,0.6,10,24,0,13,0,0,0,0
3017.34,3000.0,1.01,17,24,0,49,0,0,0,0
2182.99,2500.0,0.87,8,7,1,31,0,0,1,0
2536.38,2500.0,1.01,16,13,0,16,0,0,0,0
2574.47,2000.0,1.29,12,26,0,28,0,0,0,0
9213.28,6000.0,1.54,21,4,0,35,0,0,0,0
10084.63,12000.0,0.84,22,17,0,7,0,0,0,0
2816.9,3000.0,0.94,7,21,0,36,0,0,0,0
1421.49,2000.0,0.71,13,12,0,41,0,0,0,0
2451.88,2500.0,0.98,23,19,0,21,0,0,0,0
1715.69,1500.0,1.14,16,7,0,31,0,0,0,0
3680.81,2500.0,1.47,10,24,1,13,0,0,0,0
2101.88,2500.0,0.84,13,13,0,8,0,0,0,0
5398.8,6000.0,0.9,18,9,0,24,0,0,0,0
8820.0,1500.0,5.88,7,22,3,24,0,1,1,0
24941.63,6000.0,4.16,9,12,5,35,1,1,1,0
1405.08,2000.0,0.7,10,6,0,11,0,0,1,0
6720.97,6000.0,1.12,16,4,0,39,0,0,0,0
1606.3,3000.0,0.54,10,28,0,38,0,0,0,0
2812.26,2500.0,1.12,16,27,0,41,0,0,0,0
10234.05,2000.0,5.12,8,28,4,37,1,1,1,0
1377.13,2000.0,0.69,9,2,0,40,0,0,0,0
6091.22,6000.0,1.02,21,1,0,21,0,0,0,0
2452.91,2000.0,1.23,22,1,0,7,0,0,0,0
3053.6,6000.0,0.51,11,13,0,35,0,0,0,0
5934.36,8000.0,0.74,18,4,0,37,0,0,0,0
85668.29,2500.0,34.27,1,17,4,38,0,1,1,1
2765.85,2500.0,1.11,15,7,1,5,0,0,1,0
1805.95,2000.0,0.9,11,21,0,16,0,0,0,0
7639.44,6000.0,1.27,18,8,0,24,0,0,0,0
43476.46,12000.0,3.62,15,12,3,39,1,1,2,0
776.53,1500.0,0.52,13,24,0,41,0,0,0,0
7352.02,4500.0,1.63,17,1,0,21,0,0,0,0
2244.99,2000.0,1.12,8,14,0,37,0,0,0,0
1435.65,1500.0,0.96,8,16,0,38,0,0,0,0
16065.03,12000.0,1.34,21,4,0,8,0,0,0,0
3755.14,6000.0,0.63,8,14,0,13,0,0,1,0
17540.64,3000.0,5.85,20,23,4,36,1,0,0,0
12302.56,12000.0,1.03,18,27,0,32,0,0,0,0
6358.16,6000.0,1.06,11,7,0,14,0,0,0,0
2275.71,3000.0,0.76,17,23,0,9,0,0,0,0
15608.8,12000.0,1.3,18,9,0,21,0,0,0,0
2051.62,1500.0,1.37,21,14,0,46,0,0,0,0
2454.82,3000.0,0.82,22,10,0,15,0,0,0,0
1006.32,1500.0,0.67,16,21,1,30,0,0,0,0
5720.73,4500.0,1.27,10,14,0,18,0,0,0,0
15766.5,12000.0,1.31,19,19,1,10,0,0,0,0
3599.98,3000.0,1.2,18,6,2,30,0,0,0,0
1545.32,1500.0,1.03,14,18,0,20,0,0,0,0
4186.68,6000.0,0.7,18,9,0,18,0,0,0,0
1728.06,2500.0,0.69,16,17,0,12,0,0,0,0
15011.6,8000.0,1.88,12,26,0,32,0,1,0,0
13715.9,8000.0,1.71,10,4,0,23,1,0,0,0
22267.39,4500.0,4.95,23,20,5,27,1,0,1,0
6279.93,3000.0,2.09,11,26,0,30,0,0,0,0
923.96,1500.0,0.62,6,10,0,48,0,0,1,0
14538.06,12000.0,1.21,11,15,1,20,0,0,0,0
18752.54,8000.0,2.34,15,23,0,29,0,0,0,0
1146.57,3000.0,0.38,18,19,0,9,0,0,0,0
13472.91,2500.0,5.39,1,19,3,44,1,0,1,0
3033.96,4500.0,0.67,14,5,0,27,0,0,0,0
5674.07,8000.0,0.71,17,2,0,24,0,0,0,0
3961.83,4500.0,0.88,12,3,0,27,0,0,1,0
6391.83,8000.0,0.8,21,18,0,16,0,0,0,0
900.28,1500.0,0.6,17,1,0,39,0,0,0,0
4142.04,6000.0,0.69,9,19,0,7,0,0,0,0
3399.51,1500.0,2.27,18,10,1,15,0,0,0,0
13501.61,2500.0,5.4,22,8,5,20,1,0,2,0
21265.48,4000.0,5.32,15,27,8,48,1,1,2,1
3711.41,3000.0,1.24,11,1,0,26,0,0,0,0
1892.21,2000.0,0.95,15,22,0,24,0,0,2,0
2444.02,4500.0,0.54,21,8,1,46,0,0,0,0
4151.26,6000.0,0.69,15,6,0,42,0,0,0,0
5326.58,6000.0,0.89,8,15,1,18,0,0,0,0
3683.04,2000.0,1.84,9,19,0,42,0,0,0,0
3634.15,6000.0,0.61,17,3,1,43,0,0,0,0
29389.01,6000.0,4.9,11,17,5,18,1,0,1,0
4685.32,4500.0,1.04,11,7,1,17,0,0,0,0
3022.75,2500.0,1.21,14,13,0,21,0,0,0,0
42871.77,2000.0,21.44,4,14,6,28,1,1,2,1
1550.23,2000.0,0.78,8,13,0,42,0,0,1,0
5591.64,3000.0,1.86,16,28,1,40,0,0,0,0
9748.1,4500.0,2.17,8,11,0,22,0,0,0,0
10423.83,8000.0,1.3,19,16,0,32,0,0,0,0
3985.87,2000.0,1.99,17,7,0,24,0,0,1,0
3233.38,3000.0,1.08,4,5,0,43,0,0,0,0
9325.77,12000.0,0.78,14,19,0,47,0,0,1,0
1141.11,3000.0,0.38,21,18,0,48,0,0,0,0
1945.19,1500.0,1.3,11,9,0,21,0,0,0,0
3318.69,2000.0,1.66,18,20,0,43,0,0,1,0
4697.52,3000.0,1.57,1,27,0,32,0,0,0,0
11134.18,8000.0,1.39,17,18,0,29,0,0,0,0
6602.12,4500.0,1.47,19,21,0,28,0,0,1,0
6243.16,6000.0,1.04,16,10,0,7,0,0,0,0
7858.66,8000.0,0.98,14,28,0,33,0,0,0,0
5752.71,4500.0,1.28,20,4,0,5,0,0,0,0
1797.71,3000.0,0.6,3,7,0,23,0,0,0,0
3195.44,3000.0,1.07,19,21,0,16,0,0,0,0
2738.62,4500.0,0.61,16,24,0,37,0,0,0,0
2408.37,2500.0,0.96,15,24,0,15,0,0,0,0
16945.76,4500.0,3.77,15,12,3,47,1,0,1,0
6467.52,8000.0,0.81,17,14,0,44,0,0,0,0
29140.34,2000.0,14.57,10,10,3,45,1,1,1,1
13062.47,12000.0,1.09,7,24,0,45,0,0,0,0
13720.39,2500.0,5.49,20,22,5,15,1,1,1,0
4652.66,3000.0,1.55,16,15,0,40,0,0,0,0
4497.87,6000.0,0.75,13,1,0,14,0,0,0,0
4563.02,4500.0,1.01,18,1,0,43,0,0,0,0
4141.02,4500.0,0.92,8,11,0,27,0,0,0,0
4403.26,4500.0,0.98,13,2,0,35,0,0,0,0
3283.86,2000.0,1.64,17,22,1,11,0,0,0,0
2152.2,1500.0,1.43,8,12,0,36,0,0,0,0
3494.67,2500.0,1.4,11,26,0,45,0,0,0,0
11285.45,2000.0,5.64,10,28,3,35,1,0,2,0
12440.11,12000.0,1.04,9,3,0,18,0,0,0,0
1467.82,1500.0,0.98,20,25,0,23,0,0,0,0
2885.47,8000.0,0.36,12,14,0,19,0,0,0,0
1148.04,1500.0,0.77,10,6,0,8,0,0,0,0
1888.56,1500.0,1.26,11,17,0,30,0,0,1,0
5976.9,8000.0,0.75,19,25,0,13,0,0,0,0
3704.31,3000.0,1.23,16,22,0,12,0,0,0,0
3978.28,4500.0,0.88,19,20,0,6,0,0,0,0
1360.84,1500.0,0.91,10,22,0,48,0,0,0,0
1739.3,1500.0,1.16,12,24,0,7,0,0,1,0
3316.26,6000.0,0.55,12,12,1,28,0,0,0,0
11165.48,2500.0,4.47,15,28,4,48,1,1,1,1
8056.57,6000.0,1.34,10,19,0,25,0,0,0,0
2890.04,3000.0,0.96,18,10,0,14,0,0,0,0
1849.62,2000.0,0.92,9,10,0,17,0,0,0,0
4906.7,4500.0,1.09,19,10,0,7,0,0,0,0
2373.7,2500.0,0.95,19,8,0,34,0,0,0,0
2067.04,1500.0,1.38,13,28,0,8,0,0,0,0
3028.98,2500.0,1.21,2,2,0,33,0,0,0,0
4286.11,3000.0,1.43,18,22,0,24,0,0,0,0
3943.02,2500.0,1.58,16,28,1,48,0,0,0,0
5272.76,8000.0,0.66,5,14,0,29,0,0,0,0
1846.19,1500.0,1.23,15,22,0,36,0,0,0,0
22264.28,4500.0,4.95,10,15,4,9,0,1,1,0
5412.15,6000.0,0.9,17,5,1,23,0,0,0,0
2690.34,3000.0,0.9,10,3,0,25,0,0,0,0
13030.34,8000.0,1.63,12,8,2,11,0,0,0,0
45754.46,8000.0,5.72,19,10,5,40,0,1,1,0
6283.57,8000.0,0.79,10,8,0,6,0,0,0,0
6787.76,8000.0,0.85,15,13,0,5,0,0,0,0
2015.31,2500.0,0.81,22,26,0,13,0,0,0,0
2322.18,3000.0,0.77,12,18,0,29,0,0,1,0
9877.4,12000.0,0.82,14,12,0,17,0,0,0,0
13132.15,3000.0,4.38,23,15,5,17,1,1,1,0
2612.02,2000.0,1.31,22,27,0,24,0,0,0,0
1580.58,2000.0,0.79,22,13,0,29,0,0,1,0
951.26,1500.0,0.63,11,12,0,49,1,0,0,0
11010.68,2500.0,4.4,0,28,3,6,0,1,0,0
2655.94,2500.0,1.06,8,24,0,28,0,0,0,0
6721.99,8000.0,0.84,9,3,0,50,0,0,1,0
11359.85,8000.0,1.42,13,18,1,37,0,0,0,0
5772.33,4500.0,1.28,6,19,0,7,0,0,0,0
9575.84,12000.0,0.8,6,7,0,5,0,0,1,0
6084.3,4500.0,1.35,17,20,0,26,0,0,0,0
8651.8,8000.0,1.08,20,10,0,45,1,0,0,0
4671.86,2000.0,2.34,13,4,0,20,0,0,0,0
8684.55,1500.0,5.79,14,13,4,44,1,1,1,0
4480.21,6000.0,0.75,15,9,0,44,0,0,0,0
4117.53,6000.0,0.69,9,1,0,48,0,0,1,0
10547.51,6000.0,1.76,19,6,0,50,0,0,1,0
2201.77,2500.0,0.88,23,22,0,46,0,0,0,0
1242.12,2000.0,0.62,20,23,0,38,0,0,0,0
15523.42,8000.0,1.94,16,15,0,48,0,0,0,0
2619.61,3000.0,0.87,21,27,1,48,0,0,0,0
2631.29,3000.0,0.88,14,24,0,12,0,0,0,0
6238.73,6000.0,1.04,7,9,1,6,0,0,1,0
22303.16,12000.0,1.86,19,12,0,31,0,0,0,0
10152.41,1500.0,6.77,19,21,7,11,1,0,1,1
3469.93,4500.0,0.77,15,21,0,47,0,0,0,0
4924.05,1500.0,3.28,4,22,9,7,1,1,2,1
5499.51,6000.0,0.92,9,16,0,25,0,0,0,0
1700.95,2500.0,0.68,16,14,2,6,0,0,0,0
7585.08,6000.0,1.26,22,13,0,10,0,0,0,0
2936.51,2000.0,1.47,9,16,0,37,0,0,0,0
1187.7,2000.0,0.59,11,2,0,43,0,0,0,0
3742.68,2500.0,1.5,15,28,0,26,0,0,0,0
5219.26,3000.0,1.74,12,21,0,34,0,0,0,0
5418.87,8000.0,0.68,15,23,0,19,0,0,0,0
1896.74,1500.0,1.26,14,28,0,12,0,0,0,0
12438.48,3000.0,4.15,18,17,5,15,1,0,1,0
2055.79,1500.0,1.37,12,12,0,8,0,0,0,0
8774.5,12000.0,0.73,17,6,1,15,0,0,0,0
6507.51,3000.0,2.17,19,27,0,26,0,0,0,0
7236.16,6000.0,1.21,9,23,0,34,0,0,1,0
48948.74,2500.0,19.58,5,27,6,40,1,0,2,1
10471.78,6000.0,1.75,20,5,0,19,0,0,0,0
2906.61,2500.0,1.16,12,19,0,9,0,0,0,0
2725.48,3000.0,0.91,14,21,0,5,0,0,0,0
2509.9,2500.0,1.0,13,3,0,27,0,0,0,0
12014.37,8000.0,1.5,20,24,0,29,0,0,0,0
14333.85,8000.0,1.79,19,19,1,26,0,0,0,0
7749.7,4500.0,1.72,7,2,0,19,0,0,0,0
1042.96,1500.0,0.7,13,25,0,30,0,0,0,0
10333.92,8000.0,1.29,19,12,0,10,0,0,0,0
8153.84,8000.0,1.02,16,19,2,24,0,0,0,0
2473.91,2500.0,0.99,10,18,0,41,0,0,0,0
1612.34,2000.0,0.81,9,16,0,37,0,0,0,0
19642.62,12000.0,1.64,11,14,0,18,0,0,0,0
4550.43,6000.0,0.76,9,10,2,5,1,0,0,0
9059.88,6000.0,1.51,13,10,1,39,0,0,0,0
3474.77,3000.0,1.16,14,24,0,38,0,0,0,0
3274.67,4500.0,0.73,20,16,0,38,0,0,0,0
4520.83,8000.0,0.57,11,8,0,5,0,0,0,0
1316.12,3000.0,0.44,8,27,0,5,0,0,0,0
8508.24,8000.0,1.06,5,3,0,40,0,0,0,0
3037.74,2500.0,1.22,10,11,1,21,0,0,0,0
3588.39,2500.0,1.44,9,14,0,47,0,0,0,0
7791.21,8000.0,0.97,13,2,0,17,0,0,0,0
6695.0,3000.0,2.23,11,24,1,31,0,0,1,0
13340.36,12000.0,1.11,9,24,0,29,1,0,1,0
6164.1,6000.0,1.03,20,2,0,27,0,0,0,0
7433.47,8000.0,0.93,19,27,0,41,0,0,1,0
7054.22,6000.0,1.18,5,16,0,45,0,0,0,0
2369.15,2500.0,0.95,12,12,0,23,0,0,0,0
1315.19,1500.0,0.88,13,5,1,27,1,0,1,0
1546.03,2000.0,0.77,11,18,0,46,0,0,0,0
5756.3,3000.0,1.92,9,4,0,43,1,0,0,0
5109.65,2500.0,2.04,8,6,0,23,1,0,0,0
1865.55,2000.0,0.93,11,23,0,39,0,0,0,0
2224.68,1500.0,1.48,10,8,0,40,0,0,1,0
10895.36,2500.0,4.36,18,1,4,39,1,0,0,0
5970.61,6000.0,1.0,8,28,0,12,0,0,0,0
7093.63,8000.0,0.89,1,20,0,19,0,0,0,0
17215.42,2000.0,8.61,3,3,7,27,1,1,1,1
7262.9,3000.0,2.42,18,17,0,9,0,0,0,0
6083.03,6000.0,1.01,8,9,0,14,0,0,0,0
6096.51,6000.0,1.02,10,3,0,43,0,0,0,0
59279.93,12000.0,4.94,18,3,4,36,1,1,1,0
898.04,1500.0,0.6,9,12,0,7,0,0,0,0
1362.67,1500.0,0.91,4,10,0,45,0,0,0,0
3724.23,8000.0,0.47,6,12,0,21,0,0,1,0
15520.2,8000.0,1.94,10,10,0,36,0,0,1,0
782.44,1500.0,0.52,14,3,0,46,0,0,0,0
2637.6,2000.0,1.32,12,27,0,49,0,0,0,0
5468.36,4500.0,1.22,17,10,0,5,0,0,0,0
1869.95,2000.0,0.93,12,10,0,25,0,0,0,0
9236.64,4500.0,2.05,17,22,0,8,0,0,0,0
1866.98,3000.0,0.62,10,23,1,15,1,0,0,0
5566.57,4500.0,1.24,10,20,1,27,0,0,0,0
3832.07,2000.0,1.92,21,3,0,41,0,0,2,0
1428.66,2000.0,0.71,17,16,0,37,0,0,0,0
15706.52,8000.0,1.96,20,21,0,36,0,0,0,0
2710.42,2000.0,1.36,8,16,0,50,0,0,0,0
14261.15,12000.0,1.19,19,8,0,36,0,0,0,0
7733.61,4500.0,1.72,15,8,0,5,0,0,0,0
6236.03,3000.0,2.08,7,8,1,13,1,0,0,0
1519.17,1500.0,1.01,17,24,0,6,0,0,0,0
2485.0,2000.0,1.24,19,5,0,48,0,0,0,0
10250.43,8000.0,1.28,10,22,0,28,0,0,0,0
27054.75,6000.0,4.51,19,10,3,31,1,0,0,0
33722.55,6000.0,5.62,9,4,3,47,1,0,2,0
10892.57,2500.0,4.36,21,16,4,44,1,0,1,0
5663.66,2500.0,2.27,11,3,0,10,0,0,0,0
8462.71,12000.0,0.71,21,12,0,40,0,0,1,0
19305.81,12000.0,1.61,17,18,0,39,0,0,0,0
7865.35,8000.0,0.98,19,20,0,6,1,0,0,0
12296.86,2500.0,4.92,16,22,4,22,0,1,2,0
12804.84,3000.0,4.27,23,15,3,33,0,0,1,0
15024.77,2500.0,6.01,17,24,9,30,1,0,1,1
14523.4,8000.0,1.82,18,3,1,49,0,0,1,0
1961.89,2000.0,0.98,7,25,0,42,0,0,0,0
4845.16,6000.0,0.81,20,18,0,9,0,0,0,0
4463.63,3000.0,1.49,17,26,0,9,0,0,0,0
3040.78,3000.0,1.01,18,18,0,48,0,0,0,0
4009.02,3000.0,1.34,19,15,0,6,0,0,0,0
12676.33,3000.0,4.23,20,22,4,44,1,0,2,0
2254.73,1500.0,1.5,11,26,0,50,0,0,0,0
6827.25,3000.0,2.28,17,19,0,12,0,0,0,0
7802.95,12000.0,0.65,9,18,0,47,0,0,1,0
9670.17,12000.0,0.81,20,3,0,23,0,0,0,0
5724.5,3000.0,1.91,8,19,0,28,0,0,0,0
4733.98,6000.0,0.79,18,18,1,42,0,0,0,0
9402.9,8000.0,1.18,10,9,0,14,0,0,0,0
32808.07,6000.0,5.47,11,28,3,49,1,1,0,0
3515.32,2500.0,1.41,18,10,0,17,0,0,0,0
1350.23,1500.0,0.9,17,9,0,14,0,0,0,0
1286.17,1500.0,0.86,8,24,0,21,0,0,0,0
2532.35,2000.0,1.27,4,15,0,16,0,0,0,0
2746.89,4500.0,0.61,14,10,0,29,0,0,0,0
5396.07,6000.0,0.9,15,3,0,15,0,0,1,0
1546.58,2000.0,0.77,19,18,0,18,0,0,1,0
1637.82,1500.0,1.09,13,9,2,7,0,1,1,0
91511.86,2500.0,36.6,0,19,3,14,1,1,1,1
2647.99,2500.0,1.06,16,1,0,37,0,0,1,0
10755.22,6000.0,1.79,19,25,0,7,0,0,0,0
30994.71,6000.0,5.17,15,9,3,29,1,0,0,0
22537.77,4500.0,5.01,12,21,4,11,1,0,1,0
2017.12,2000.0,1.01,13,23,0,10,0,0,0,0
2251.14,2000.0,1.13,7,7,0,39,0,0,0,0
39096.81,2000.0,19.55,13,23,6,48,1,0,2,1
2430.1,1500.0,1.62,13,28,0,19,0,0,0,0
11040.04,12000.0,0.92,10,25,0,36,0,0,0,0
1574.28,2000.0,0.79,8,10,0,44,0,0,0,0
3271.74,4500.0,0.73,16,23,1,28,0,0,0,0
2072.0,2000.0,1.04,18,12,2,22,0,0,0,0
63447.63,12000.0,5.29,9,19,5,49,1,1,1,0
5582.82,6000.0,0.93,9,25,0,34,0,0,0,0
6571.17,4500.0,1.46,18,20,0,34,0,0,0,0
7635.92,12000.0,0.64,13,22,0,5,0,0,1,0
11969.9,8000.0,1.5,9,17,0,36,0,0,0,0
5834.06,8000.0,0.73,16,6,0,29,0,0,0,0
6820.21,8000.0,0.85,18,12,2,26,0,0,0,0
3432.09,4500.0,0.76,17,15,0,5,0,0,0,0
1162.45,1500.0,0.77,16,9,0,15,0,0,0,0
1994.76,2000.0,1.0,15,15,0,28,0,0,0,0
2111.79,1500.0,1.41,16,16,0,38,0,0,0,0
5927.62,8000.0,0.74,5,18,2,42,0,0,0,0
29287.37,4000.0,7.32,20,2,12,20,1,1,2,1
4922.71,4500.0,1.09,17,6,1,25,0,0,1,0
9993.52,2000.0,5.0,17,15,5,38,1,0,1,1
6553.04,12000.0,0.55,8,14,0,22,0,0,0,0
14587.42,2500.0,5.83,12,15,5,36,1,0,2,0
1754.3,1500.0,1.17,0,2,1,13,0,0,0,0
10200.42,12000.0,0.85,10,11,0,48,0,0,0,0
8794.62,8000.0,1.1,21,5,2,48,0,0,1,0
908.01,1500.0,0.61,9,11,0,43,0,0,0,0
3975.28,6000.0,0.66,15,25,0,14,0,0,1,0
2410.84,2000.0,1.21,20,17,0,15,0,0,0,0
44525.32,8000.0,5.57,16,19,3,25,1,1,1,0
3095.24,3000.0,1.03,17,25,0,23,0,0,0,0
13060.55,12000.0,1.09,19,25,2,17,0,0,1,0
1652.17,1500.0,1.1,12,20,0,14,0,0,0,0
6227.24,4500.0,1.38,18,24,1,34,0,0,0,0
2810.58,4500.0,0.62,13,5,0,24,0,1,0,0
6107.87,12000.0,0.51,14,8,0,9,0,0,0,0
8395.1,6000.0,1.4,17,14,0,27,0,0,0,0
5242.9,4500.0,1.17,18,1,0,9,0,0,0,0
1354.69,1500.0,0.9,14,11,0,21,0,0,0,0
16015.71,3000.0,5.34,19,25,4,25,1,0,2,0
2404.71,2000.0,1.2,8,27,0,16,0,0,0,0
22691.48,6000.0,3.78,11,19,5,44,0,1,1,0
2352.3,1500.0,1.57,15,20,0,29,0,0,1,0
5440.76,8000.0,0.68,7,14,0,47,0,0,0,0
2242.03,2500.0,0.9,10,14,1,25,0,0,0,0
4373.13,3000.0,1.46,13,11,0,25,0,0,0,0
1233.03,1500.0,0.82,17,17,0,26,0,0,0,0
1327.39,1500.0,0.88,12,10,0,48,0,0,0,0
10148.52,8000.0,1.27,19,23,0,45,0,0,0,0
9670.06,12000.0,0.81,15,11,0,44,0,0,0,0
7439.67,6000.0,1.24,11,15,0,19,0,0,1,0
51129.66,12000.0,4.26,19,2,4,27,1,0,2,0
14988.82,12000.0,1.25,8,28,0,12,0,0,0,0
2945.15,3000.0,0.98,9,21,0,21,0,0,0,0
14974.11,2000.0,7.49,22,9,7,7,1,1,2,1
23432.57,12000.0,1.95,9,13,0,8,1,0,0,0
1874.41,2500.0,0.75,21,6,2,31,0,0,0,0
4278.86,3000.0,1.43,19,19,0,46,0,0,0,0
3889.34,2500.0,1.56,13,22,0,50,0,0,0,0
8907.55,8000.0,1.11,6,2,0,10,0,0,0,0
728.74,1500.0,0.49,12,16,0,26,0,0,0,0
12946.08,3000.0,4.32,15,20,5,21,1,1,1,0
5133.73,4500.0,1.14,16,24,1,30,0,1,0,0
14672.04,2500.0,5.87,10,20,4,20,0,1,1,0
8409.99,2000.0,4.2,13,6,4,14,1,0,1,1
15593.77,12000.0,1.3,17,6,0,30,0,0,0,0
2044.17,1500.0,1.36,15,22,0,41,0,0,1,0
2770.15,3000.0,0.92,10,26,0,28,0,1,0,0
1912.48,3000.0,0.64,10,9,0,6,0,0,0,0
1174.65,1500.0,0.78,12,14,1,42,0,0,0,0
2836.66,2500.0,1.13,21,18,0,5,0,0,1,0
2365.16,3000.0,0.79,8,8,0,22,0,0,1,0
23115.52,4500.0,5.14,20,24,5,18,1,1,1,0
3351.68,3000.0,1.12,12,21,0,43,0,0,0,0
48239.21,1500.0,32.16,1,13,7,39,1,1,2,1
1098.06,2000.0,0.55,13,26,0,21,0,0,0,0
8123.12,4500.0,1.81,18,16,0,21,0,0,0,0
7563.72,12000.0,0.63,20,24,0,50,0,0,1,0
2306.05,1500.0,1.54,18,18,0,17,0,0,0,0
2665.5,2000.0,1.33,9,19,0,27,0,0,0,0
3518.18,6000.0,0.59,19,10,0,20,0,0,1,0
2926.98,1500.0,1.95,11,22,0,49,0,0,2,0
35864.84,8000.0,4.48,15,8,4,18,1,0,1,0
8251.8,8000.0,1.03,16,13,0,15,0,0,0,0
11301.78,8000.0,1.41,19,24,1,44,0,0,0,0
10429.07,2500.0,4.17,14,1,4,32,0,0,1,0
8457.59,8000.0,1.06,14,25,0,26,0,0,0,0
4193.53,3000.0,1.4,20,3,0,42,0,0,0,0
4961.32,4500.0,1.1,14,26,0,46,0,0,0,0
69091.91,2000.0,34.55,2,19,8,47,1,1,2,1
4035.2,8000.0,0.5,11,26,0,29,0,0,0,0
4623.1,4500.0,1.03,5,2,0,37,0,0,0,0
3974.65,4500.0,0.88,16,27,0,26,0,0,0,0
5522.12,8000.0,0.69,14,5,0,14,0,0,0,0
55237.53,2500.0,22.1,18,4,6,29,1,1,1,1
5870.44,6000.0,0.98,1,7,0,33,0,0,0,0
13920.13,12000.0,1.16,17,3,0,35,0,0,0,0
6576.01,6000.0,1.1,9,27,1,45,0,0,0,0
4867.01,3000.0,1.62,6,27,0,47,0,0,0,0
1580.09,2000.0,0.79,12,28,0,12,0,0,0,0
2392.28,2500.0,0.96,15,20,0,17,1,0,0,0
43858.03,8000.0,5.48,17,22,5,38,0,1,1,0
3796.67,3000.0,1.27,9,28,0,41,0,0,0,0
33261.84,8000.0,4.16,21,3,4,43,1,1,1,0
1305.94,1500.0,0.87,17,27,0,17,0,0,0,0
4173.86,3000.0,1.39,10,22,2,36,1,0,0,0
3110.82,2500.0,1.24,7,27,1,13,0,0,0,0
15427.41,12000.0,1.29,17,27,0,7,0,0,0,0
7992.54,6000.0,1.33,18,10,0,29,0,0,0,0
1819.3,3000.0,0.61,12,3,0,32,0,0,0,0
1487.78,2500.0,0.6,5,13,1,50,0,0,0,0
1162.47,2000.0,0.58,10,15,0,31,0,0,0,0
4362.27,4500.0,0.97,12,18,1,43,0,0,0,0
3935.71,2000.0,1.97,12,11,0,25,0,0,0,0
4304.81,2500.0,1.72,20,2,0,30,0,0,1,0
1528.81,2500.0,0.61,12,14,0,47,0,0,0,0
16220.72,8000.0,2.03,18,9,0,24,0,0,0,0
11071.88,8000.0,1.38,18,9,0,46,0,0,0,0
2385.6,2500.0,0.95,20,21,0,17,0,0,0,0
1140.73,1500.0,0.76,13,11,0,25,0,0,1,0
1483.83,1500.0,0.99,11,21,0,24,0,0,0,0
1422.39,2000.0,0.71,18,14,0,33,0,0,0,0
4011.85,4500.0,0.89,10,1,0,22,0,0,0,0
69943.48,3000.0,23.31,3,27,6,27,1,1,2,1
5523.79,8000.0,0.69,19,14,2,34,0,0,0,0
1061.48,1500.0,0.71,18,1,0,34,0,0,1,0
1441.63,2000.0,0.72,11,25,0,44,0,0,1,0
14136.05,2500.0,5.65,16,3,5,48,1,0,2,1
835.98,1500.0,0.56,11,21,0,22,0,0,0,0
4500.63,6000.0,0.75,9,1,0,41,0,0,0,0
1157.48,2000.0,0.58,10,15,0,19,0,0,0,0
2308.99,1500.0,1.54,7,6,0,11,0,0,0,0
3393.92,4500.0,0.75,18,10,1,7,0,0,0,0
5325.77,3000.0,1.78,21,27,0,20,0,0,1,0
5289.37,8000.0,0.66,11,2,1,16,0,0,0,0
26986.36,6000.0,4.5,18,12,4,27,0,0,0,0
2094.17,3000.0,0.7,17,1,1,5,0,0,0,0
3643.19,3000.0,1.21,5,13,0,45,0,0,0,0
14384.5,2500.0,5.75,21,8,5,5,1,0,0,0
1378.41,1500.0,0.92,8,26,1,17,0,0,0,0
1875.28,1500.0,1.25,20,21,1,33,0,0,0,0
4259.52,3000.0,1.42,13,3,0,30,0,0,0,0
2857.99,2000.0,1.43,17,9,0,23,0,0,0,0
1586.65,2000.0,0.79,18,5,0,17,0,0,0,0
9637.02,6000.0,1.61,14,16,2,44,0,0,0,0
32595.43,8000.0,4.07,21,6,5,11,0,0,1,0
1588.48,1500.0,1.06,9,10,0,38,0,0,0,0
1610.93,1500.0,1.07,13,26,0,10,0,0,1,0
1716.0,1500.0,1.14,14,9,0,26,0,0,0,0
1416.16,1500.0,0.94,17,9,0,13,0,0,0,0
2247.89,2500.0,0.9,13,11,1,13,0,0,0,0
5119.23,2500.0,2.05,2,25,0,27,0,0,0,0
8623.04,2000.0,4.31,15,20,3,23,1,0,0,0
7987.12,8000.0,1.0,16,9,1,44,0,0,0,0
6223.23,12000.0,0.52,13,24,0,5,0,0,0,0
6414.03,4500.0,1.43,22,7,0,13,0,0,0,0
787.93,1500.0,0.53,11,27,0,6,0,0,0,0
29916.06,6000.0,4.99,9,2,4,9,0,1,2,0
7433.14,6000.0,1.24,18,12,0,43,0,0,0,0
1677.29,1500.0,1.12,18,19,0,37,0,0,0,0
3674.5,6000.0,0.61,16,3,0,8,0,0,0,0
11495.95,8000.0,1.44,9,20,0,42,0,0,0,0
4544.71,3000.0,1.51,7,17,0,40,0,0,0,0
3640.68,3000.0,1.21,16,13,0,12,0,0,0,0
8488.63,8000.0,1.06,4,11,0,36,0,0,0,0
11807.34,8000.0,1.48,16,11,0,38,0,0,0,0
3963.7,4500.0,0.88,13,7,0,42,0,0,0,0
3162.28,3000.0,1.05,15,17,0,13,0,0,1,0
5146.16,6000.0,0.86,19,25,0,17,0,0,0,0
2428.48,3000.0,0.81,21,13,0,41,0,0,0,0
11208.22,6000.0,1.87,19,23,0,50,0,0,0,0
8476.62,6000.0,1.41,19,5,0,8,0,0,0,0
23299.57,6000.0,3.88,13,10,4,28,0,0,1,0
9129.57,6000.0,1.52,7,1,0,5,0,0,1,0
16068.32,12000.0,1.34,16,14,0,11,0,0,0,0
3162.97,1500.0,2.11,19,24,0,9,0,0,0,0
11844.03,8000.0,1.48,11,14,0,38,0,0,0,0
10324.87,8000.0,1.29,17,20,0,5,0,0,0,0
1625.21,6000.0,0.27,21,28,0,11,0,0,0,0
10295.49,12000.0,0.86,21,19,0,42,0,0,0,0
1485.61,2000.0,0.74,11,3,0,13,0,0,0,0
1326.8,2000.0,0.66,13,2,0,38,0,0,0,0
2838.0,4500.0,0.63,17,17,0,14,0,0,0,0
10224.03,2000.0,5.11,14,8,5,40,1,1,0,0
1751.57,1500.0,1.17,16,17,0,32,0,0,0,0
43865.99,1500.0,29.24,21,12,2,21,1,0,2,1
2838.65,4500.0,0.63,16,22,0,33,0,0,0,0
1464.28,1500.0,0.98,8,11,0,47,0,0,1,0
5048.47,6000.0,0.84,18,28,0,49,0,0,0,0
42085.44,2500.0,16.83,12,16,2,29,1,1,2,1
4862.23,2000.0,2.43,18,23,0,50,0,0,0,0
1675.59,2500.0,0.67,20,20,1,22,0,0,0,0
2383.89,4500.0,0.53,8,10,0,49,0,0,0,0
10199.18,2000.0,5.1,12,9,3,48,1,1,2,0
2986.78,3000.0,1.0,11,2,0,34,0,0,0,0
7353.06,8000.0,0.92,11,4,0,7,0,0,0,0
7378.31,6000.0,1.23,15,2,0,34,0,0,0,0
2254.56,2000.0,1.13,7,4,1,32,0,0,0,0
12776.47,12000.0,1.06,19,19,2,20,0,0,0,0
1027.78,1500.0,0.69,18,25,0,50,0,0,0,0
2984.21,4500.0,0.66,11,17,1,47,0,0,0,0
2226.62,3000.0,0.74,21,15,0,40,0,0,0,0
2539.84,2500.0,1.02,15,22,0,39,0,0,0,0
2659.86,4500.0,0.59,19,26,0,39,0,0,0,0
1777.39,2000.0,0.89,12,9,0,8,0,0,0,0
97808.29,3000.0,32.6,3,22,6,25,1,1,2,1
2557.43,3000.0,0.85,15,18,0,19,0,0,0,0
9379.36,6000.0,1.56,18,22,0,46,0,0,0,0
1369.05,2000.0,0.68,12,21,0,34,0,0,0,0
1335.5,2500.0,0.53,8,27,0,7,0,0,0,0
27878.9,6000.0,4.65,17,2,3,44,0,0,1,0
1478.7,1500.0,0.99,13,11,0,45,0,0,0,0
5727.51,12000.0,0.48,6,20,0,12,0,0,1,0
3792.69,2500.0,1.52,11,28,0,44,0,0,0,0
24647.07,6000.0,4.11,18,24,4,35,0,1,1,0
1852.47,3000.0,0.62,18,7,0,41,0,0,0,0
7102.21,8000.0,0.89,17,13,2,13,0,0,0,0
13280.32,12000.0,1.11,6,5,0,34,0,0,0,0
12423.49,2500.0,4.97,19,21,4,49,0,1,1,0
4874.34,4500.0,1.08,6,13,0,23,0,0,0,0
5932.96,6000.0,0.99,17,27,1,44,0,0,0,0
1147.83,1500.0,0.77,17,17,0,29,0,0,0,0
5358.0,4500.0,1.19,17,15,0,42,0,0,0,0
1741.94,2500.0,0.7,19,10,0,44,0,0,0,0
32684.58,6000.0,5.45,17,11,3,42,1,1,0,0
4000.76,2000.0,2.0,16,11,1,49,0,0,0,0
11131.11,6000.0,1.86,16,27,0,31,0,0,1,0
7212.69,6000.0,1.2,15,11,0,42,0,0,0,0
5257.07,2500.0,2.1,14,25,0,7,0,0,0,0
15327.62,12000.0,1.28,17,20,0,49,0,0,0,0
4552.98,6000.0,0.76,11,2,0,27,0,0,0,0
12717.82,12000.0,1.06,7,11,0,30,0,0,0,0
17576.89,12000.0,1.46,10,25,0,40,0,0,0,0
2193.68,1500.0,1.46,17,6,0,27,0,0,0,0
23349.68,12000.0,1.95,2,10,0,25,0,0,0,0
2935.43,2500.0,1.17,15,27,0,23,0,0,0,0
4921.59,3000.0,1.64,9,16,0,23,1,0,0,0
11131.17,12000.0,0.93,6,27,0,19,0,0,1,0
12286.79,2500.0,4.91,15,2,5,26,1,0,1,1
3044.04,2500.0,1.22,19,17,0,36,0,0,0,0
3382.63,4500.0,0.75,14,17,0,17,1,0,0,0
5242.92,4500.0,1.17,14,18,0,38,0,0,0,0
2754.53,4500.0,0.61,16,10,0,33,0,0,1,0
2365.51,3000.0,0.79,13,7,0,24,0,0,0,0
4974.97,8000.0,0.62,17,16,0,42,0,0,0,0
6727.98,6000.0,1.12,14,24,1,6,0,0,0,0
2166.15,2000.0,1.08,21,26,0,16,0,1,0,0
2741.65,2000.0,1.37,11,9,0,13,0,0,0,0
3407.41,4500.0,0.76,18,18,0,10,0,0,0,0
7121.95,6000.0,1.19,15,12,0,43,0,0,0,0
20423.64,12000.0,1.7,10,27,0,25,0,0,1,0
1859.26,3000.0,0.62,10,11,0,44,0,0,0,0
2029.01,1500.0,1.35,6,28,0,12,0,0,0,0
25267.33,6000.0,4.21,8,11,5,43,1,1,0,0
3227.55,4500.0,0.72,19,12,0,47,0,0,0,0
2730.16,2000.0,1.37,8,3,0,50,0,0,0,0
1462.67,3000.0,0.49,16,22,1,46,0,0,0,0
2022.79,2500.0,0.81,10,7,1,34,0,0,1,0
2637.41,2500.0,1.05,7,13,0,42,0,0,1,0
6708.05,8000.0,0.84,7,28,1,32,0,0,0,0
4283.29,4500.0,0.95,18,8,0,37,0,0,1,0
4312.08,3000.0,1.44,14,25,0,44,0,0,0,0
1953.82,1500.0,1.3,21,17,0,46,0,0,1,0
3722.0,4500.0,0.83,17,5,0,21,0,0,0,0
5453.87,2500.0,2.18,15,8,0,11,0,0,1,0
6554.11,4500.0,1.46,12,18,2,5,0,0,1,0
11486.52,12000.0,0.96,10,5,0,44,0,0,0,0
4506.57,3000.0,1.5,18,25,0,10,0,0,0,0
3343.68,4500.0,0.74,11,4,1,34,0,0,0,0
4633.82,3000.0,1.54,9,13,0,5,0,0,0,0
2613.54,1500.0,1.74,9,1,1,28,0,0,1,0
1478.27,1500.0,0.99,10,25,0,24,0,0,0,0
4339.74,4500.0,0.96,16,27,0,35,0,0,0,0
1892.68,2000.0,0.95,9,21,0,20,0,0,0,0
2860.8,8000.0,0.36,15,13,0,33,0,0,1,0
1666.19,2000.0,0.83,3,21,0,18,0,0,0,0
11569.67,8000.0,1.45,15,18,0,18,0,0,0,0
9300.36,4500.0,2.07,10,12,0,42,0,0,0,0
1561.8,1500.0,1.04,9,14,0,40,0,0,0,0
16095.46,8000.0,2.01,9,12,1,28,0,0,0,0
4146.0,6000.0,0.69,13,6,0,44,0,0,0,0
2957.65,3000.0,0.99,15,2,0,14,0,0,0,0
47237.63,1500.0,31.49,7,26,3,36,1,1,2,1
16016.56,3000.0,5.34,16,6,3,35,0,0,0,0
5219.95,4500.0,1.16,17,20,1,18,0,0,0,0
3219.13,2000.0,1.61,19,3,0,30,0,0,0,0
19556.96,12000.0,1.63,14,6,0,48,0,0,0,0
5035.2,12000.0,0.42,16,27,0,10,0,0,0,0
8077.35,12000.0,0.67,18,21,0,8,0,0,0,0
1618.56,1500.0,1.08,21,21,0,33,0,0,0,0
5271.1,8000.0,0.66,22,28,0,39,0,0,0,0
17257.77,4500.0,3.84,16,8,5,35,1,0,1,0
70094.88,12000.0,5.84,19,5,5,32,1,0,0,0
32064.33,6000.0,5.34,12,16,5,34,1,1,1,0
11095.73,8000.0,1.39,13,4,0,46,1,0,0,0
34348.0,2500.0,13.74,3,19,7,41,1,1,2,1
9876.46,12000.0,0.82,11,17,1,12,0,0,0,0
5236.7,4500.0,1.16,9,2,1,10,0,0,0,0
4753.96,4500.0,1.06,13,21,0,10,0,0,0,0
2325.52,1500.0,1.55,11,26,0,22,0,0,0,0
68103.47,12000.0,5.68,9,5,4,20,1,1,0,0
1074.08,1500.0,0.72,1,10,0,22,0,0,1,0
3309.57,2000.0,1.65,14,23,0,21,0,0,0,0
1625.51,2500.0,0.65,1,23,0,40,0,0,0,0
6421.17,8000.0,0.8,16,6,0,25,0,0,0,0
4229.39,4500.0,0.94,14,13,0,42,0,0,1,0
6425.83,8000.0,0.8,19,8,0,32,0,0,0,0
7789.73,8000.0,0.97,15,14,0,14,0,0,0,0
763.19,1500.0,0.51,14,2,0,21,0,0,0,0
1544.97,2000.0,0.77,13,10,0,31,0,0,0,0
1152.91,2000.0,0.58,14,20,0,8,0,0,0,0
2724.89,4500.0,0.61,18,19,0,10,0,0,0,0
10084.8,6000.0,1.68,19,5,0,5,0,0,0,0
2946.72,4500.0,0.65,15,14,0,21,0,0,0,0
7717.12,8000.0,0.96,14,10,0,27,0,1,2,0
1647.41,1500.0,1.1,20,5,0,31,0,0,0,0
4504.29,6000.0,0.75,23,23,0,36,0,0,0,0
3568.93,2000.0,1.78,10,2,0,30,0,0,0,0
22368.63,12000.0,1.86,13,21,0,36,0,0,0,0
4958.49,6000.0,0.83,8,16,0,32,0,0,0,0
4306.83,3000.0,1.44,11,15,0,5,0,0,0,0
7687.93,8000.0,0.96,7,18,0,11,0,0,0,0
3032.55,6000.0,0.51,22,9,0,9,0,0,0,0
8240.52,6000.0,1.37,15,4,0,45,0,0,0,0
3631.04,2500.0,1.45,16,27,0,30,0,0,0,0
3133.35,2000.0,1.57,19,12,0,25,0,0,0,0
8053.36,8000.0,1.01,12,13,0,49,0,0,0,0
2580.93,2500.0,1.03,6,26,0,42,0,0,0,0
4155.73,6000.0,0.69,16,24,0,23,0,0,0,0
2385.93,2500.0,0.95,12,8,0,8,0,0,0,0
12983.13,12000.0,1.08,19,6,0,49,0,0,1,0
2153.67,2000.0,1.08,11,10,0,32,0,0,0,0
4131.93,4500.0,0.92,11,2,1,31,1,0,0,0
1515.4,1500.0,1.01,9,28,0,35,0,0,0,0
4306.47,6000.0,0.72,12,27,0,26,0,0,0,0
20292.81,4500.0,4.51,14,25,3,13,0,1,0,0
3367.21,2500.0,1.35,20,11,0,28,0,0,0,0
6882.38,8000.0,0.86,19,14,0,40,0,0,0,0
26431.68,12000.0,2.2,18,21,0,23,0,0,0,0
4692.45,3000.0,1.56,17,20,2,12,0,0,0,0
1798.88,2500.0,0.72,10,18,0,9,0,0,0,0
834.72,2000.0,0.42,20,17,0,6,0,0,0,0
11747.49,8000.0,1.47,15,23,0,25,0,0,0,0
1244.39,2000.0,0.62,22,4,0,36,0,0,0,0
1629.67,3000.0,0.54,13,1,0,15,0,0,0,0
24585.01,6000.0,4.1,18,19,4,6,0,0,2,0
46583.57,8000.0,5.82,10,13,3,25,0,1,2,0
16075.19,12000.0,1.34,14,5,2,27,0,0,0,0
2378.56,2500.0,0.95,13,22,0,46,0,0,0,0
4079.49,3000.0,1.36,21,24,0,13,0,0,0,0
1409.14,1500.0,0.94,17,15,0,12,0,0,0,0
6011.41,6000.0,1.0,9,7,0,24,0,0,0,0
942.18,1500.0,0.63,17,21,0,29,0,0,0,0
2384.65,2000.0,1.19,10,13,0,49,0,0,0,0
3342.94,4500.0,0.74,16,20,0,32,1,0,0,0
3023.37,4500.0,0.67,4,24,0,47,0,0,0,0
4286.54,2500.0,1.71,13,26,0,27,0,0,0,0
2240.86,4500.0,0.5,16,25,0,29,0,0,0,0
8212.52,6000.0,1.37,12,19,0,35,0,0,0,0
8239.41,8000.0,1.03,18,25,1,25,0,0,0,0
21471.95,12000.0,1.79,11,19,0,45,0,0,1,0
2615.42,2000.0,1.31,16,19,0,11,0,0,0,0
7377.7,1500.0,4.92,21,9,5,25,1,0,1,0
6259.0,8000.0,0.78,8,10,0,34,0,0,0,0
3490.65,2500.0,1.4,18,2,2,29,0,0,0,0
823.86,1500.0,0.55,13,27,0,35,0,0,0,0
9017.71,2500.0,3.61,18,28,4,46,1,0,1,0
88020.41,4000.0,22.01,22,13,5,28,1,1,2,1
5422.69,4500.0,1.21,15,6,0,23,0,0,0,0
1599.49,2000.0,0.8,18,7,1,42,0,0,0,0
5130.58,4500.0,1.14,11,19,0,38,0,0,0,0
2871.65,4500.0,0.64,16,6,0,33,0,0,1,0
7581.26,12000.0,0.63,12,9,0,48,0,0,0,0
2881.5,3000.0,0.96,21,16,0,21,0,0,1,0
5277.21,6000.0,0.88,8,12,0,8,0,0,0,0
1161.0,1500.0,0.77,13,25,0,28,0,0,0,0
9604.27,2000.0,4.8,17,28,4,32,0,0,1,0
8464.33,12000.0,0.71,19,9,0,13,1,0,0,0
56474.19,2000.0,28.24,16,10,4,18,1,1,1,1
6469.56,4500.0,1.44,14,2,0,11,0,0,0,0
4069.84,6000.0,0.68,23,28,0,50,0,0,1,0
2685.63,2000.0,1.34,17,5,0,15,0,0,0,0
1837.85,3000.0,0.61,16,7,0,15,0,0,0,0
2514.14,3000.0,0.84,15,20,0,20,0,0,0,0
1915.22,2000.0,0.96,10,23,0,42,0,0,0,0
3811.43,8000.0,0.48,17,21,0,32,0,0,1,0
2877.94,2500.0,1.15,14,2,1,39,0,0,0,0
9241.03,6000.0,1.54,19,8,0,49,0,0,0,0
9458.68,2500.0,3.78,10,3,4,32,1,0,0,0
13108.75,6000.0,2.18,10,23,0,35,0,0,0,0
2061.43,2500.0,0.82,20,27,0,48,0,0,0,0
2323.3,1500.0,1.55,11,16,0,12,0,0,0,0
1567.51,2500.0,0.63,8,20,0,28,0,0,0,0
4789.58,8000.0,0.6,8,6,0,8,0,0,0,0
4936.78,2500.0,1.97,10,26,0,41,0,0,2,0
78734.66,2500.0,31.49,1,17,3,26,1,1,2,1
3796.77,2000.0,1.9,12,5,0,18,0,0,0,0
2765.45,3000.0,0.92,12,12,0,38,0,0,1,0
2775.88,2500.0,1.11,8,5,0,10,0,0,0,0
783.03,1500.0,0.52,15,10,0,13,0,0,0,0
2595.55,4500.0,0.58,18,1,0,40,0,0,0,0
26860.29,6000.0,4.48,18,14,4,18,1,1,0,0
1878.26,2000.0,0.94,12,4,0,39,0,0,0,0
8179.19,8000.0,1.02,18,14,0,7,0,0,0,0
2131.61,2500.0,0.85,16,21,1,45,0,0,0,0
7505.46,1500.0,5.0,11,24,5,44,1,1,1,1
1092.95,1500.0,0.73,14,17,0,23,0,0,0,0
2936.87,2500.0,1.17,20,26,1,11,0,0,1,0
5860.46,8000.0,0.73,16,15,0,45,0,0,0,0
6014.81,12000.0,0.5,22,5,0,34,0,0,1,0
3010.36,2500.0,1.2,20,16,0,34,0,0,0,0
51912.76,12000.0,4.33,12,2,4,42,1,1,1,0
6791.48,8000.0,0.85,18,10,0,30,0,0,0,0
2373.24,1500.0,1.58,14,24,1,43,0,0,1,0
1488.98,1500.0,0.99,12,24,0,45,0,0,0,0
3229.8,8000.0,0.4,10,21,0,10,0,0,0,0
1926.41,2000.0,0.96,17,25,0,8,0,0,0,0
6086.39,1500.0,4.06,13,23,4,23,1,1,0,0
9208.43,6000.0,1.53,14,21,0,11,0,0,0,0
4921.4,8000.0,0.62,18,4,0,21,0,0,0,0
1196.81,3000.0,0.4,17,2,0,9,0,0,0,0
1387.5,2000.0,0.69,14,10,0,27,0,0,0,0
9046.74,6000.0,1.51,9,24,1,26,0,0,0,0
4959.69,4500.0,1.1,22,25,0,29,0,0,0,0
1819.78,2000.0,0.91,20,12,0,48,0,0,0,0
4053.31,2000.0,2.03,15,15,0,31,0,0,0,0
2156.7,3000.0,0.72,16,17,0,44,0,0,0,0
4792.16,3000.0,1.6,22,11,0,26,0,0,1,0
1824.43,2500.0,0.73,10,23,0,27,0,0,0,0
16448.68,12000.0,1.37,11,7,2,44,0,0,0,0
3454.67,2500.0,1.38,13,11,0,20,0,0,0,0
35147.98,4000.0,8.79,22,14,6,19,1,1,2,1
4666.06,8000.0,0.58,9,27,0,7,0,0,0,0
13038.65,8000.0,1.63,15,2,0,37,0,0,0,0
7132.91,8000.0,0.89,12,16,0,37,0,0,0,0
968.84,3000.0,0.32,21,16,0,33,0,0,0,0
4413.57,8000.0,0.55,8,2,0,29,0,0,1,0
7622.16,6000.0,1.27,18,9,0,17,0,0,0,0
1367.52,1500.0,0.91,22,12,0,19,0,0,1,0
6418.25,4500.0,1.43,15,25,0,35,0,0,0,0
10695.8,2500.0,4.28,7,1,8,5,1,1,1,1
2183.41,2000.0,1.09,16,23,1,5,0,0,0,0
5544.32,2500.0,2.22,18,26,0,18,0,0,0,0
11277.93,8000.0,1.41,9,20,1,8,0,0,0,0
5990.58,12000.0,0.5,8,19,0,8,0,0,0,0
1282.72,2500.0,0.51,17,5,0,21,0,0,1,0
26990.7,4500.0,6.0,16,6,5,15,1,1,1,0
1790.24,2500.0,0.72,17,14,0,35,1,0,0,0
1841.53,3000.0,0.61,19,23,0,16,0,0,1,0
7093.31,1500.0,4.73,13,11,9,10,1,0,1,1
2475.17,3000.0,0.83,10,22,0,16,0,0,1,0
12668.18,3000.0,4.22,23,11,3,35,1,0,1,0
1760.6,3000.0,0.59,8,16,0,25,0,0,0,0
3129.9,3000.0,1.04,17,13,0,29,0,0,0,0
1856.72,2000.0,0.93,16,17,0,24,0,0,0,0
6496.64,4500.0,1.44,16,2,0,13,0,0,0,0
14541.62,2500.0,5.82,2,10,11,43,1,0,1,1
2422.08,2000.0,1.21,12,24,0,39,0,0,0,0
4536.32,6000.0,0.76,20,18,0,21,0,0,0,0
2695.33,2500.0,1.08,14,17,0,23,0,0,0,0
12285.33,8000.0,1.54,16,6,0,20,0,0,0,0
1818.99,2000.0,0.91,19,27,0,36,0,0,0,0
9998.0,8000.0,1.25,14,22,0,28,0,0,0,0
16186.74,12000.0,1.35,21,18,0,9,0,0,0,0
17161.87,12000.0,1.43,19,20,0,14,0,0,0,0
9664.19,12000.0,0.81,23,24,0,13,1,0,0,0
892.94,1500.0,0.6,10,1,0,30,0,0,0,0
737.46,1500.0,0.49,16,17,0,9,0,0,0,0
1981.93,2000.0,0.99,16,17,0,11,0,1,1,0
22631.22,2500.0,9.05,1,4,6,38,1,1,2,1
18389.4,12000.0,1.53,17,23,0,13,0,0,0,0
14977.15,12000.0,1.25,16,11,0,12,0,0,0,0
1457.48,2500.0,0.58,11,6,0,46,0,0,0,0
1983.4,2000.0,0.99,8,15,0,17,0,0,0,0
2565.35,3000.0,0.86,13,27,0,13,0,0,1,0
7722.58,8000.0,0.97,14,17,0,6,0,0,0,0
3690.84,3000.0,1.23,14,25,1,31,0,0,0,0
43631.98,12000.0,3.64,15,5,5,31,1,1,2,0
1070.8,2000.0,0.54,20,5,0,6,0,0,0,0
2731.41,2000.0,1.37,14,26,1,29,0,0,0,0
2799.21,3000.0,0.93,14,16,2,23,0,0,0,0
3389.75,2000.0,1.69,8,2,0,41,0,0,1,0
4633.86,2500.0,1.85,19,26,0,12,0,0,0,0
1456.23,1500.0,0.97,16,14,0,19,0,0,0,0
6931.94,8000.0,0.87,10,21,0,11,0,0,0,0
30944.93,6000.0,5.16,11,16,4,28,1,1,1,0
1689.12,2500.0,0.68,15,10,0,47,0,0,0,0
2511.29,3000.0,0.84,19,7,0,27,0,0,0,0
16205.25,12000.0,1.35,10,6,0,30,0,0,2,0
8929.31,8000.0,1.12,13,20,0,21,0,0,0,0
6329.72,6000.0,1.05,9,10,0,40,0,0,0,0
2802.71,2500.0,1.12,18,17,0,12,0,0,0,0
7727.0,8000.0,0.97,20,25,0,9,0,0,0,0
3006.81,3000.0,1.0,21,14,0,19,0,0,0,0
41276.38,4000.0,10.32,3,3,3,48,1,1,2,1
9226.61,4500.0,2.05,14,24,0,14,0,0,0,0
1014.13,1500.0,0.68,13,18,0,45,0,0,0,0
4071.28,4500.0,0.9,8,8,0,45,0,0,1,0
5409.77,6000.0,0.9,17,26,0,9,0,0,0,0
6187.1,6000.0,1.03,18,18,0,36,0,0,0,0
1433.25,2500.0,0.57,16,14,0,37,0,0,1,0
7091.09,12000.0,0.59,14,12,0,29,0,0,0,0
4425.8,3000.0,1.48,9,10,0,46,0,0,0,0
5292.73,4500.0,1.18,8,14,0,6,0,0,0,0
2743.4,2500.0,1.1,14,5,0,15,0,0,0,0
3590.98,3000.0,1.2,0,11,0,5,0,0,0,0
3478.3,2500.0,1.39,9,12,1,27,0,0,1,0
865.0,1500.0,0.58,10,27,0,25,0,0,0,0
1389.18,1500.0,0.93,9,17,0,26,0,0,0,0
56236.46,2000.0,28.12,2,12,8,31,1,1,2,1
2276.84,3000.0,0.76,9,8,1,25,0,0,0,0
24193.43,12000.0,2.02,18,5,0,26,0,0,0,0
2540.02,3000.0,0.85,13,7,0,41,0,0,0,0
15198.27,12000.0,1.27,9,23,1,28,1,0,1,0
10284.44,8000.0,1.29,10,2,0,48,0,0,0,0
2086.48,2000.0,1.04,16,17,0,35,0,0,0,0
2101.56,2000.0,1.05,10,12,0,45,0,0,0,0
828.25,1500.0,0.55,7,14,0,40,0,0,0,0
4169.04,6000.0,0.69,12,26,0,47,0,0,0,0
10753.55,12000.0,0.9,9,27,0,19,0,0,0,0
1661.23,1500.0,1.11,9,20,0,43,0,0,0,0
2208.97,2500.0,0.88,18,9,1,25,0,0,0,0
1695.5,2500.0,0.68,8,19,0,14,1,0,0,0
1969.92,3000.0,0.66,14,2,1,22,0,0,0,0
4081.55,4500.0,0.91,18,7,0,31,0,0,0,0
2221.37,3000.0,0.74,9,5,0,44,0,0,0,0
10854.67,2000.0,5.43,18,25,5,10,1,1,1,0
5198.35,2500.0,2.08,21,21,0,24,0,0,0,0
12450.83,12000.0,1.04,8,10,0,36,0,0,0,0
1616.91,2000.0,0.81,8,11,1,39,0,0,0,0
2118.31,2000.0,1.06,20,12,0,34,0,1,2,0
2970.62,6000.0,0.5,6,28,0,18,0,0,1,0
1571.04,1500.0,1.05,16,16,0,35,0,0,0,0
1575.84,1500.0,1.05,18,27,0,5,0,0,0,0
2988.72,2000.0,1.49,17,15,0,23,0,0,0,0
11679.91,12000.0,0.97,8,15,0,25,0,0,0,0
3449.01,2500.0,1.38,10,27,0,33,0,0,0,0
6045.12,4500.0,1.34,14,4,0,13,0,0,0,0
1116.08,1500.0,0.74,14,16,0,18,0,0,0,0
7481.67,12000.0,0.62,18,10,0,11,0,0,0,0
12368.92,12000.0,1.03,16,17,0,35,0,0,0,0
18493.68,8000.0,2.31,12,25,0,46,0,0,0,0
2937.91,1500.0,1.96,19,17,0,6,0,0,0,0
3768.15,4500.0,0.84,15,6,0,25,0,0,0,0
12158.83,8000.0,1.52,17,17,0,6,0,0,0,0
21888.27,4500.0,4.86,5,4,3,16,0,0,0,0
2751.53,2000.0,1.38,8,24,0,42,0,0,0,0
2763.14,3000.0,0.92,21,15,0,44,0,0,0,0
13784.54,12000.0,1.15,13,24,0,49,0,0,0,0
21781.36,12000.0,1.82,10,18,0,37,0,0,0,0
57415.81,4000.0,14.35,2,28,6,38,1,1,2,1
13300.41,3000.0,4.43,20,19,3,20,1,1,1,0
4216.5,3000.0,1.41,22,21,1,5,0,0,0,0
1476.57,1500.0,0.98,21,28,0,38,0,0,1,0
3462.84,2500.0,1.39,19,17,0,27,0,0,0,0
2335.04,3000.0,0.78,11,25,0,15,0,0,0,0
16526.08,8000.0,2.07,11,5,0,30,0,0,0,0
6637.26,6000.0,1.11,18,9,0,7,0,0,0,0
1547.02,2000.0,0.77,19,18,0,9,0,0,1,0
11410.17,2000.0,5.71,12,6,4,19,0,0,1,0
16928.29,8000.0,2.12,8,26,0,33,0,0,0,0
7942.55,1500.0,5.3,10,5,3,24,1,0,1,1
1944.48,2000.0,0.97,16,4,0,16,0,0,0,0
4353.74,3000.0,1.45,11,23,0,40,0,0,0,0
1537.1,1500.0,1.02,11,15,0,14,0,0,0,0
2312.66,4500.0,0.51,8,10,0,39,0,0,1,0
2789.84,3000.0,0.93,10,2,0,28,0,0,1,0
1592.26,2500.0,0.64,17,9,0,30,0,0,0,0
5363.66,6000.0,0.89,18,11,1,40,0,0,0,0
1856.46,1500.0,1.24,19,15,0,16,0,0,0,0
15984.56,12000.0,1.33,14,4,0,31,0,0,0,0
1396.54,1500.0,0.93,12,25,0,22,0,0,1,0
24089.69,1500.0,16.06,23,6,7,17,1,1,2,1
15171.74,12000.0,1.26,6,15,0,29,0,0,0,0
18380.14,12000.0,1.53,8,18,1,15,0,0,0,0
5407.58,4500.0,1.2,18,24,0,12,0,0,1,0
5106.78,6000.0,0.85,11,11,0,28,0,0,0,0
1263.25,1500.0,0.84,14,3,0,17,0,1,0,0
7454.26,6000.0,1.24,6,24,0,21,0,0,0,0
5463.52,4500.0,1.21,12,1,0,40,0,0,0,0
1072.53,2500.0,0.43,21,10,0,44,0,0,0,0
7608.96,12000.0,0.63,5,13,2,6,0,0,0,0
1517.49,1500.0,1.01,19,1,0,21,0,0,1,0
10402.4,12000.0,0.87,17,21,0,22,0,0,0,0
7297.83,12000.0,0.61,18,3,0,10,0,0,0,0
1539.09,2500.0,0.62,11,16,0,47,0,0,0,0
1229.81,2500.0,0.49,12,20,0,25,0,0,0,0
1895.42,2000.0,0.95,11,26,0,6,0,0,0,0
2092.85,4500.0,0.47,13,10,0,39,0,0,0,0
5033.4,1500.0,3.36,14,17,9,18,0,1,2,1
1584.61,4500.0,0.35,6,3,0,8,0,0,0,0
5090.23,4500.0,1.13,16,8,0,42,0,0,0,0
1842.14,1500.0,1.23,19,7,0,38,0,0,0,0
15816.27,4500.0,3.51,3,11,4,24,1,1,1,0
4079.65,2500.0,1.63,10,24,0,18,0,0,0,0
2389.64,1500.0,1.59,16,25,0,47,0,0,0,0
1580.68,2000.0,0.79,14,15,0,38,0,0,2,0
1822.73,3000.0,0.61,17,2,0,36,0,0,1,0
2249.8,1500.0,1.5,21,15,0,43,0,0,0,0
2274.12,1500.0,1.52,16,26,0,18,0,0,1,0
3868.83,4500.0,0.86,15,17,0,41,0,0,0,0
7873.58,8000.0,0.98,16,22,1,5,0,0,0,0
5950.2,8000.0,0.74,22,6,0,15,0,0,0,0
4081.66,4500.0,0.91,14,14,0,8,0,0,0,0
26636.46,4000.0,6.66,7,8,10,7,1,1,1,1
5795.87,8000.0,0.72,8,18,0,18,0,0,0,0
4743.57,3000.0,1.58,20,6,1,19,0,0,0,0
4567.97,6000.0,0.76,18,20,0,11,0,0,0,0
1001.24,2000.0,0.5,10,6,2,21,0,0,1,0
8981.87,4500.0,2.0,8,25,0,18,0,0,0,0
4818.47,6000.0,0.8,12,9,0,6,0,0,1,0
17122.71,3000.0,5.71,5,19,5,8,0,0,1,0
7089.06,1500.0,4.73,14,1,3,21,1,0,1,0
3895.45,2500.0,1.56,10,19,0,21,0,0,0,0
6931.08,6000.0,1.16,8,6,0,22,0,0,0,0
3885.72,6000.0,0.65,8,9,1,47,0,0,0,0
4269.53,3000.0,1.42,6,19,0,48,0,0,0,0
3876.91,2500.0,1.55,13,8,1,10,0,0,1,0
2085.59,3000.0,0.7,19,2,0,9,0,0,0,0
13452.48,2500.0,5.38,17,25,4,38,0,0,2,0
31605.47,8000.0,3.95,9,13,3,32,1,1,1,0
16323.25,4500.0,3.63,11,17,4,24,1,1,0,0
2032.32,2500.0,0.81,15,14,1,23,0,0,1,0
7313.16,8000.0,0.91,18,2,0,40,1,0,0,0
10809.23,2500.0,4.32,7,15,4,10,0,0,1,0
2422.13,2000.0,1.21,12,15,1,48,0,0,1,0
1467.5,1500.0,0.98,19,6,1,12,0,0,0,0
3559.34,4500.0,0.79,7,14,0,48,0,0,0,0
15134.0,12000.0,1.26,16,27,0,11,0,0,0,0
92986.2,3000.0,31.0,22,9,4,39,1,1,0,1
1447.64,2000.0,0.72,17,8,0,17,0,0,0,0
17975.02,12000.0,1.5,5,12,0,13,0,0,0,0
3424.14,2500.0,1.37,14,23,0,6,0,0,0,0
13074.88,12000.0,1.09,9,26,0,22,0,0,0,0
1587.34,2500.0,0.63,16,11,0,40,0,0,0,0
75608.01,3000.0,25.2,6,10,5,24,1,0,1,1
5000.36,2500.0,2.0,19,26,0,25,0,0,0,0
3844.23,8000.0,0.48,12,22,0,16,0,0,0,0
5439.26,8000.0,0.68,9,24,1,13,0,0,1,0
5894.0,4500.0,1.31,19,8,1,34,0,0,0,0
9002.67,8000.0,1.13,18,13,0,20,0,0,1,0
6734.56,6000.0,1.12,8,19,1,14,0,0,0,0
2062.69,2500.0,0.83,13,22,0,19,0,0,0,0
6899.83,6000.0,1.15,10,18,0,34,0,0,0,0
1962.62,1500.0,1.31,16,24,0,20,0,0,0,0
4935.49,3000.0,1.65,21,17,0,7,0,0,0,0
1726.64,3000.0,0.58,16,7,0,35,0,0,0,0
6479.75,4500.0,1.44,9,27,0,6,0,0,0,0
14674.23,12000.0,1.22,11,12,0,12,0,0,1,0
5007.22,4500.0,1.11,19,12,0,9,0,0,1,0
1578.98,2500.0,0.63,9,22,0,8,0,0,0,0
4844.77,6000.0,0.81,10,25,0,7,0,0,0,0
2375.46,3000.0,0.79,18,8,1,31,0,0,0,0
35035.27,6000.0,5.84,17,17,4,24,1,1,0,0
13880.17,12000.0,1.16,12,12,0,46,0,0,0,0
1643.19,2000.0,0.82,15,6,0,30,0,1,0,0
73140.82,3000.0,24.38,12,20,3,37,1,1,2,1
11873.27,12000.0,0.99,19,3,0,41,0,0,2,0
18475.98,4500.0,4.11,7,19,3,45,1,0,1,0
7756.85,4500.0,1.72,10,14,0,6,0,0,0,0
63665.31,12000.0,5.31,19,1,3,20,1,0,1,0
2980.47,2000.0,1.49,19,17,0,45,0,0,0,0
68809.81,12000.0,5.73,7,1,3,8,1,0,1,0
18382.07,12000.0,1.53,18,24,1,23,0,0,0,0
1255.22,2000.0,0.63,15,20,0,37,0,0,0,0
2200.49,8000.0,0.28,13,17,0,25,0,0,0,0
12424.25,12000.0,1.04,17,5,1,22,0,0,0,0
11762.08,6000.0,1.96,8,14,0,34,0,0,0,0
6292.57,12000.0,0.52,1,20,2,33,0,1,0,0
3251.23,3000.0,1.08,8,22,0,5,0,0,0,0
3359.34,3000.0,1.12,15,13,0,19,0,0,1,0
14309.37,3000.0,4.77,16,16,4,13,0,1,1,0
7156.95,4500.0,1.59,18,5,0,46,0,0,0,0
3131.26,2500.0,1.25,19,13,0,46,0,0,0,0
1240.59,2000.0,0.62,14,15,0,28,0,0,0,0
1512.26,1500.0,1.01,7,18,0,30,0,0,0,0
3114.81,2500.0,1.25,16,12,0,20,0,0,0,0
2419.72,2000.0,1.21,17,27,0,9,0,0,1,0
18997.67,12000.0,1.58,18,28,0,45,0,0,0,0
4753.16,4500.0,1.06,17,24,1,17,0,0,0,0
3589.62,2000.0,1.79,9,13,0,39,0,0,0,0
1930.63,2500.0,0.77,18,1,0,8,0,0,0,0
3352.64,2500.0,1.34,9,25,0,45,0,0,0,0
2957.62,4500.0,0.66,10,6,0,42,0,0,0,0
4918.84,4500.0,1.09,13,13,0,42,0,0,0,0
5047.15,4500.0,1.12,3,2,0,27,0,0,0,0
1870.32,1500.0,1.25,8,5,0,12,0,0,0,0
1983.33,3000.0,0.66,16,10,0,45,0,0,0,0
59568.07,12000.0,4.96,12,18,3,15,1,0,1,0
3108.03,4500.0,0.69,17,23,0,11,0,0,1,0
15058.9,12000.0,1.25,12,1,0,10,0,0,0,0
10298.36,2000.0,5.15,7,25,4,15,1,0,1,0
2546.28,2000.0,1.27,10,21,0,5,0,0,0,0
6093.4,8000.0,0.76,15,8,0,24,0,0,0,0
34520.43,6000.0,5.75,16,23,3,8,1,1,1,0
15309.5,2500.0,6.12,2,3,7,14,1,1,2,1
1537.31,2000.0,0.77,7,19,0,19,0,0,0,0
1934.04,1500.0,1.29,23,23,0,9,0,0,0,0
15412.01,12000.0,1.28,14,19,1,10,0,0,0,0
6272.2,8000.0,0.78,14,3,0,7,0,0,0,0
47051.39,12000.0,3.92,8,19,5,49,0,1,1,0
5069.12,6000.0,0.84,7,19,0,45,0,0,0,0
3419.8,2500.0,1.37,14,28,0,16,0,0,0,0
5778.32,8000.0,0.72,12,28,1,39,0,0,0,0
26403.55,6000.0,4.4,10,7,5,26,0,0,1,0
16809.14,3000.0,5.6,19,2,3,15,1,1,0,0
17204.96,12000.0,1.43,10,2,0,34,0,0,1,0
4781.08,4500.0,1.06,14,4,0,29,0,0,0,0
59692.84,3000.0,19.9,4,28,4,33,1,1,2,1
760.89,2000.0,0.38,17,19,0,13,0,0,0,0
37019.1,3000.0,12.34,3,20,7,18,1,1,2,1
7426.64,8000.0,0.93,8,28,0,13,0,0,0,0
2424.92,3000.0,0.81,13,25,0,39,0,0,0,0
6608.27,8000.0,0.83,19,21,0,6,0,0,1,0
2678.78,3000.0,0.89,11,23,0,40,0,0,0,0
22857.84,4500.0,5.08,8,26,4,16,1,0,1,0
11660.17,8000.0,1.46,15,3,0,47,0,0,0,0
19040.29,8000.0,2.38,19,26,1,43,0,0,0,0
4603.3,4500.0,1.02,11,16,0,41,0,0,0,0
11655.15,2500.0,4.66,7,3,4,35,0,0,2,0
5367.95,4500.0,1.19,22,7,0,18,0,0,0,0
1400.89,3000.0,0.47,14,22,0,49,0,0,0,0
7234.62,6000.0,1.21,8,13,0,10,0,0,0,0
13372.45,12000.0,1.11,9,27,0,37,0,0,0,0
3933.34,3000.0,1.31,11,18,0,33,0,0,0,0
22836.67,4500.0,5.07,9,12,3,15,1,0,1,0
2376.45,2000.0,1.19,19,25,1,30,0,0,0,0
16311.42,12000.0,1.36,15,6,0,14,0,0,0,0
8501.75,4500.0,1.89,8,14,1,25,0,1,0,0
12324.96,12000.0,1.03,15,4,0,29,0,0,0,0
2473.79,2000.0,1.24,15,6,0,43,0,0,0,0
8315.44,8000.0,1.04,21,9,0,46,0,0,0,0
31945.56,8000.0,3.99,13,12,3,6,1,0,2,0
3746.31,8000.0,0.47,9,26,0,30,0,0,0,0
2693.54,2500.0,1.08,20,4,0,43,0,0,0,0
2048.63,2000.0,1.02,15,15,1,25,0,0,0,0
3509.22,3000.0,1.17,19,1,0,46,0,0,0,0
4900.85,6000.0,0.82,13,16,0,6,0,0,2,0
23655.34,4500.0,5.26,3,21,3,6,0,0,1,0
3837.94,3000.0,1.28,10,9,0,36,0,0,0,0
3486.31,3000.0,1.16,14,11,0,26,0,0,0,0
1573.1,2000.0,0.79,13,21,0,49,0,0,0,0
14355.62,6000.0,2.39,10,6,0,28,0,0,0,0
1623.84,2500.0,0.65,0,8,0,32,0,0,0,0
759.41,1500.0,0.51,16,11,0,9,0,0,0,0
1417.22,2000.0,0.71,11,25,0,25,0,0,0,0
10113.75,2000.0,5.06,18,16,5,11,0,0,1,0
1700.59,1500.0,1.13,11,8,0,7,0,0,0,0
12155.2,2500.0,4.86,18,27,4,25,1,0,1,1
3348.88,2000.0,1.67,17,3,0,35,0,0,0,0
70551.21,3000.0,23.52,1,24,6,36,1,1,2,1
2186.31,1500.0,1.46,14,17,1,16,0,0,0,0
4578.4,8000.0,0.57,1,6,0,34,0,0,1,0
1491.05,1500.0,0.99,19,7,0,50,0,0,1,0
4990.37,3000.0,1.66,4,4,0,11,0,0,0,0
13541.5,8000.0,1.69,14,4,0,16,0,0,0,0
2981.13,3000.0,0.99,10,25,0,8,0,0,0,0
9086.04,12000.0,0.76,17,24,0,29,0,0,0,0
1627.54,1500.0,1.09,7,10,0,8,0,0,0,0
3110.03,3000.0,1.04,22,1,0,43,0,0,1,0
8670.9,1500.0,5.78,15,12,3,45,0,0,2,0
3858.03,2500.0,1.54,7,3,1,45,0,0,0,0
16311.05,4500.0,3.62,20,4,3,19,1,0,2,0
19666.24,12000.0,1.64,0,1,0,18,0,0,0,0
6743.56,6000.0,1.12,18,6,0,38,0,0,0,0
2289.17,4500.0,0.51,12,28,0,13,0,0,1,0
4242.77,4500.0,0.94,21,26,0,39,0,0,0,0
3725.92,2500.0,1.49,15,6,0,43,0,0,0,0
4498.88,3000.0,1.5,16,11,0,17,0,0,0,0
3243.55,4500.0,0.72,16,5,1,19,0,0,1,0
1875.69,2000.0,0.94,9,1,0,30,1,0,0,0
3401.0,2000.0,1.7,8,16,0,25,0,0,0,0
17574.62,12000.0,1.46,12,12,0,12,0,0,0,0
9679.02,8000.0,1.21,12,26,0,28,0,0,0,0
8628.99,4500.0,1.92,14,4,0,23,0,0,0,0
1981.33,4500.0,0.44,16,1,0,36,0,0,0,0
3843.43,6000.0,0.64,17,23,0,29,0,0,0,0
5484.35,4500.0,1.22,8,5,0,16,0,1,0,0
68601.94,12000.0,5.72,10,7,5,33,1,1,2,0
24667.81,12000.0,2.06,12,3,0,50,0,0,0,0
1148.19,1500.0,0.77,11,2,0,50,0,0,0,0
7154.93,6000.0,1.19,8,9,0,36,0,0,0,0
47466.76,12000.0,3.96,17,21,3,6,1,1,0,0
1874.2,1500.0,1.25,7,18,0,34,0,0,0,0
8025.1,6000.0,1.34,10,25,1,31,0,0,0,0
2243.6,2000.0,1.12,5,5,0,12,0,0,0,0
6845.3,6000.0,1.14,14,4,0,36,0,0,0,0
3170.14,3000.0,1.06,13,22,0,5,0,0,1,0
11920.85,12000.0,0.99,19,17,0,36,0,0,0,0
3348.71,2500.0,1.34,12,28,0,6,0,0,1,0
9342.97,8000.0,1.17,17,23,0,40,0,0,0,0
1771.28,2500.0,0.71,11,24,0,28,1,0,0,0
11398.34,6000.0,1.9,15,15,0,21,0,0,1,0
1971.9,2500.0,0.79,15,22,0,40,0,0,1,0
10468.0,12000.0,0.87,13,13,0,5,0,0,0,0
3162.3,2500.0,1.26,20,7,0,27,0,0,1,0
3080.33,2500.0,1.23,19,16,0,50,0,0,0,0
2072.59,2000.0,1.04,16,20,0,36,0,0,1,0
3678.4,3000.0,1.23,5,6,1,50,0,0,0,0
6166.45,8000.0,0.77,18,26,1,40,0,0,0,0
6865.7,1500.0,4.58,8,12,5,50,1,0,1,1
9176.92,8000.0,1.15,19,20,0,21,0,0,0,0
10807.19,8000.0,1.35,10,1,0,12,0,0,0,0
1453.15,1500.0,0.97,7,6,0,36,0,0,0,0
34970.94,6000.0,5.83,14,11,4,27,1,1,1,0
3539.83,6000.0,0.59,9,5,0,5,1,0,1,0
897.09,1500.0,0.6,8,26,0,23,0,0,0,0
4354.3,8000.0,0.54,7,28,1,7,0,0,0,0
11520.83,2000.0,5.76,10,13,4,24,1,0,1,0
20301.47,12000.0,1.69,22,25,0,9,0,0,0,0
15403.63,3000.0,5.13,16,13,5,32,1,0,2,0
2825.38,3000.0,0.94,12,10,0,33,0,0,0,0
11041.72,6000.0,1.84,11,8,0,14,0,0,0,0
9350.33,8000.0,1.17,10,8,0,8,0,0,0,0
2155.81,2500.0,0.86,17,19,0,26,0,0,0,0
34444.63,1500.0,22.96,6,13,2,24,1,0,2,1
13527.77,12000.0,1.13,10,23,0,45,0,0,0,0
7848.21,4500.0,1.74,5,21,0,38,0,0,0,0
4643.64,8000.0,0.58,11,8,0,33,0,0,0,0
3212.48,2500.0,1.28,16,17,0,26,0,0,0,0
1875.12,2000.0,0.94,20,7,0,6,0,0,0,0
2972.52,2000.0,1.49,13,6,0,46,0,0,0,0
5426.54,8000.0,0.68,18,27,0,9,0,0,0,0
2115.9,1500.0,1.41,11,22,1,22,0,0,0,0
2298.58,3000.0,0.77,19,3,0,21,0,0,0,0
48191.49,2000.0,24.1,2,16,6,11,1,1,2,1
28898.57,6000.0,4.82,16,11,5,37,0,1,2,0
1943.72,2500.0,0.78,9,25,0,37,0,0,0,0
1313.86,2000.0,0.66,15,15,0,7,0,0,0,0
5374.88,4500.0,1.19,15,21,0,30,0,0,0,0
6775.57,8000.0,0.85,0,8,0,24,1,0,0,0
43677.36,8000.0,5.46,20,25,5,12,1,0,2,0
2189.71,2500.0,0.88,11,25,0,42,0,0,0,0
8478.23,12000.0,0.71,19,27,0,5,0,0,0,0
8763.04,8000.0,1.1,16,1,0,12,0,0,0,0
7919.64,4500.0,1.76,11,11,0,17,0,0,0,0
4954.86,4500.0,1.1,19,2,0,21,0,0,1,0
1833.98,2000.0,0.92,8,7,2,26,0,0,0,0
12576.03,12000.0,1.05,19,13,0,49,0,0,0,0
1455.53,2000.0,0.73,10,9,0,45,0,0,0,0
3335.19,2000.0,1.67,8,25,0,24,0,0,0,0
15529.66,12000.0,1.29,10,10,0,14,0,0,0,0
1398.54,1500.0,0.93,13,18,1,47,0,0,0,0
5240.64,3000.0,1.75,14,28,0,44,0,0,0,0
4491.19,4500.0,1.0,17,22,0,28,0,0,0,0
11768.96,8000.0,1.47,12,5,0,49,0,0,0,0
1053.95,1500.0,0.7,15,4,0,43,0,0,0,0
2528.0,2000.0,1.26,15,27,0,21,0,0,0,0
1316.48,1500.0,0.88,5,27,0,34,1,0,0,0
13629.43,12000.0,1.14,16,1,0,39,0,0,0,0
3635.12,2500.0,1.45,16,27,0,40,0,0,0,0
19259.52,4500.0,4.28,13,13,5,30,1,0,1,0
6507.65,3000.0,2.17,10,5,0,6,0,0,0,0
10680.6,12000.0,0.89,11,14,1,12,0,0,0,0
15272.11,8000.0,1.91,14,27,1,45,0,0,0,0
7100.74,4500.0,1.58,15,5,1,28,0,0,0,0
4533.23,3000.0,1.51,19,23,0,44,0,0,0,0
4209.75,2500.0,1.68,16,7,0,5,0,0,1,0
10249.66,12000.0,0.85,14,11,0,42,0,0,0,0
3445.79,3000.0,1.15,19,19,0,48,0,0,0,0
5314.85,6000.0,0.89,13,28,0,47,0,0,0,0
1779.91,1500.0,1.19,18,27,0,31,0,0,0,0
11026.39,6000.0,1.84,9,2,0,14,0,0,0,0
5541.87,1500.0,3.69,18,20,4,48,1,0,1,0
10915.77,2000.0,5.46,12,8,3,7,0,1,1,0
3543.82,2500.0,1.42,14,1,1,22,0,0,1,0
1788.56,2000.0,0.89,18,13,1,10,0,1,0,0
4819.96,3000.0,1.61,20,19,0,21,0,0,0,0
8780.52,8000.0,1.1,12,13,0,33,0,1,1,0
1164.33,2000.0,0.58,21,23,0,31,0,0,0,0
1800.33,1500.0,1.2,19,16,1,31,0,0,0,0
727.22,1500.0,0.48,14,1,0,17,0,0,2,0
3381.45,4500.0,0.75,9,4,1,8,0,0,0,0
3537.52,1500.0,2.36,14,12,0,9,0,0,0,0
2406.99,3000.0,0.8,21,26,0,24,0,0,0,0
25033.83,12000.0,2.09,10,23,0,23,0,0,0,0
2883.97,2500.0,1.15,21,26,0,5,0,0,1,0
18105.07,12000.0,1.51,17,8,0,11,0,0,0,0
4336.48,2500.0,1.73,8,4,0,32,0,0,0,0
3628.55,4500.0,0.81,18,12,0,38,0,0,0,0
6442.11,4500.0,1.43,14,14,0,44,0,0,1,0
1332.29,2000.0,0.67,14,24,0,11,1,0,0,0
2716.43,2500.0,1.09,18,4,0,30,0,0,0,0
4551.3,4500.0,1.01,9,19,0,5,0,0,0,0
9561.49,12000.0,0.8,21,1,0,33,0,0,0,0
21497.63,4500.0,4.78,13,20,4,5,0,0,2,0
2991.4,2500.0,1.2,6,8,0,37,0,0,0,0
2179.74,2500.0,0.87,11,23,0,35,1,0,0,0
3932.26,6000.0,0.66,11,9,0,8,0,0,0,0
10720.65,2000.0,5.36,17,4,5,36,1,0,0,0
6236.36,6000.0,1.04,12,20,0,28,0,0,0,0
4536.55,3000.0,1.51,10,3,0,9,0,0,0,0
14238.23,12000.0,1.19,19,27,0,12,0,0,0,0
1534.36,2000.0,0.77,0,27,0,5,0,0,0,0
1825.89,2000.0,0.91,20,15,0,19,0,0,0,0
1370.78,2000.0,0.69,18,17,0,33,1,0,1,0
11928.0,12000.0,0.99,18,25,0,14,0,0,0,0
8701.0,1500.0,5.8,18,21,5,25,1,0,1,1
1363.87,1500.0,0.91,8,5,0,38,0,0,0,0
12458.66,12000.0,1.04,1,5,0,21,0,0,0,0
4213.0,4500.0,0.94,18,18,0,32,0,0,0,0
1603.65,1500.0,1.07,9,8,1,14,0,0,0,0
4074.35,3000.0,1.36,16,18,0,35,1,0,0,0
10169.76,12000.0,0.85,18,10,0,45,0,0,0,0
12247.98,12000.0,1.02,19,24,0,30,0,0,0,0
22361.84,12000.0,1.86,20,11,0,39,0,0,0,0
1942.25,2000.0,0.97,20,27,0,38,0,0,0,0
18986.56,12000.0,1.58,12,11,0,24,0,0,0,0
6520.89,12000.0,0.54,8,20,0,29,0,0,0,0
7616.37,8000.0,0.95,21,11,0,43,0,0,0,0
1512.71,2000.0,0.76,17,28,0,32,0,0,0,0
602.24,1500.0,0.4,11,11,0,28,0,0,0,0
11354.83,8000.0,1.42,14,14,0,35,0,0,0,0
1708.09,1500.0,1.14,7,1,0,48,0,0,0,0
1660.57,1500.0,1.11,5,16,0,22,0,1,0,0
10116.71,12000.0,0.84,13,19,0,8,0,0,1,0
8180.34,8000.0,1.02,19,7,0,20,0,0,2,0
21514.59,12000.0,1.79,10,7,0,48,1,0,0,0
1823.13,1500.0,1.22,10,27,1,28,0,0,0,0
9187.67,2000.0,4.59,11,2,5,31,1,0,1,1
3330.64,2500.0,1.33,9,23,0,37,0,0,0,0
7095.35,8000.0,0.89,17,28,0,23,0,0,0,0
1618.06,1500.0,1.08,20,14,0,16,0,0,1,0
16093.22,12000.0,1.34,9,6,1,18,0,0,0,0
2511.76,1500.0,1.67,11,15,0,25,0,0,0,0
32298.41,2500.0,12.92,3,26,4,24,1,1,2,1
4554.66,3000.0,1.52,10,10,0,30,0,0,0,0
4832.58,4500.0,1.07,14,10,0,10,0,0,0,0
1836.76,1500.0,1.22,12,27,0,19,0,0,0,0
12138.43,8000.0,1.52,16,24,0,17,0,0,0,0
4654.69,4500.0,1.03,8,18,0,33,0,0,0,0
964.91,1500.0,0.64,16,5,0,8,0,0,0,0
10505.91,12000.0,0.88,15,15,0,41,0,0,0,0
24806.19,12000.0,2.07,17,4,0,30,0,0,0,0
3650.72,3000.0,1.22,11,23,0,45,0,0,0,0
8896.9,8000.0,1.11,17,1,0,8,0,0,0,0
4300.84,4500.0,0.96,8,17,0,24,0,0,0,0
2606.73,2000.0,1.3,20,19,1,46,0,0,0,0
874.04,2000.0,0.44,5,2,0,25,0,0,0,0
4139.85,6000.0,0.69,18,7,0,26,0,0,0,0
51021.36,2000.0,25.51,13,10,2,22,0,1,2,1
2808.25,3000.0,0.94,3,2,0,45,0,0,0,0
1627.54,1500.0,1.09,7,2,0,21,0,0,0,0
1811.52,1500.0,1.21,11,15,1,19,0,0,0,0
1509.86,2000.0,0.75,18,27,0,44,0,0,0,0
1928.3,2500.0,0.77,12,15,0,32,0,0,0,0
1456.59,1500.0,0.97,11,7,0,44,0,0,0,0
70826.83,12000.0,5.9,10,5,3,42,1,1,1,0
10967.21,8000.0,1.37,13,12,0,30,0,0,0,0
1791.74,2000.0,0.9,11,1,1,16,0,0,0,0
5383.89,12000.0,0.45,21,27,0,44,0,0,0,0
3679.93,2000.0,1.84,4,21,0,45,0,0,2,0
7253.98,12000.0,0.6,17,22,0,49,0,0,0,0
4773.08,3000.0,1.59,17,25,0,45,0,0,0,0
19134.94,8000.0,2.39,7,3,0,7,0,0,0,0
1257.82,1500.0,0.84,15,25,0,37,0,0,0,0
5658.39,4500.0,1.26,19,26,0,47,0,0,0,0
7109.57,12000.0,0.59,10,6,0,34,0,0,0,0
7016.29,1500.0,4.68,15,18,5,28,1,0,1,1
2028.66,3000.0,0.68,10,2,0,28,0,0,0,0
40113.67,2500.0,16.05,0,1,5,17,1,1,2,1
3409.96,2000.0,1.7,11,8,0,47,0,0,1,0
5721.85,1500.0,3.81,22,8,4,45,1,0,1,0
6712.37,8000.0,0.84,15,12,0,12,0,0,0,0
11265.92,2500.0,4.51,11,23,3,39,1,1,1,0
6374.09,8000.0,0.8,10,25,0,12,0,0,0,0
2375.28,2000.0,1.19,15,23,0,20,0,0,0,0
1650.33,1500.0,1.1,11,1,0,26,0,0,0,0
3947.77,3000.0,1.32,7,5,0,33,0,0,0,0
10603.98,12000.0,0.88,10,8,1,8,0,0,0,0
23746.77,12000.0,1.98,17,15,0,37,0,0,0,0
2373.33,6000.0,0.4,17,1,1,5,0,0,0,0
6873.65,12000.0,0.57,0,9,0,22,0,0,0,0
7220.42,12000.0,0.6,19,9,2,43,0,0,0,0
4019.3,2500.0,1.61,17,12,0,32,0,0,0,0
8547.28,12000.0,0.71,15,19,0,41,0,0,0,0
6088.51,12000.0,0.51,22,25,1,40,0,0,0,0
1254.44,1500.0,0.84,20,3,0,21,0,0,0,0
2937.86,2000.0,1.47,17,13,0,39,0,0,0,0
3415.23,3000.0,1.14,19,1,0,33,0,0,0,0
2191.37,2000.0,1.1,14,15,1,13,0,0,0,0
2054.12,2000.0,1.03,8,7,0,15,0,0,0,0
3278.85,2500.0,1.31,10,7,1,49,0,0,0,0
1296.32,1500.0,0.86,9,19,0,46,0,0,0,0
5247.82,8000.0,0.66,14,22,0,30,0,0,0,0
1409.65,1500.0,0.94,13,19,0,16,0,0,0,0
11556.13,2000.0,5.78,9,26,4,41,0,1,1,0
851.99,1500.0,0.57,17,3,0,37,0,0,0,0
3753.57,3000.0,1.25,22,20,0,12,0,0,0,0
15164.53,12000.0,1.26,18,14,0,26,0,0,0,0
2742.37,2000.0,1.37,16,21,0,31,0,0,1,0
1251.85,1500.0,0.83,0,12,0,37,0,0,0,0
4124.1,8000.0,0.52,9,15,0,7,0,0,0,0
2515.83,2000.0,1.26,18,16,0,33,0,0,0,0
7389.98,4500.0,1.64,13,21,0,38,0,0,0,0
2946.28,2000.0,1.47,21,19,0,38,0,0,0,0
11224.85,12000.0,0.94,10,27,0,32,0,0,0,0
45120.58,3000.0,15.04,3,22,5,49,1,1,1,1
3914.29,3000.0,1.3,0,15,0,25,0,0,2,0
3177.67,2000.0,1.59,9,21,0,35,0,0,0,0
4883.51,6000.0,0.81,19,12,0,20,0,0,0,0
5812.02,4500.0,1.29,20,23,1,7,0,0,0,0
7445.7,2000.0,3.72,14,19,5,17,0,1,1,0
6791.52,1500.0,4.53,9,9,4,9,1,1,0,0
7923.05,8000.0,0.99,16,15,0,15,0,1,0,0
6565.11,8000.0,0.82,9,13,0,48,0,0,1,0
5549.42,6000.0,0.92,10,11,0,46,0,0,0,0
1053.89,2000.0,0.53,10,20,0,7,0,0,0,0
3747.87,3000.0,1.25,21,1,0,21,0,0,0,0
17090.11,12000.0,1.42,12,20,0,32,0,0,1,0
5876.12,12000.0,0.49,10,28,0,43,0,0,0,0
7812.7,8000.0,0.98,12,23,0,47,0,0,2,0
16074.73,12000.0,1.34,17,10,0,6,0,0,0,0
2134.75,2500.0,0.85,13,11,0,10,0,0,1,0
5465.35,4500.0,1.21,14,14,0,13,0,0,1,0
4185.99,4500.0,0.93,16,28,0,39,0,0,0,0
10082.44,12000.0,0.84,10,12,0,31,0,0,0,0
8277.95,6000.0,1.38,12,6,1,8,0,0,0,0
2897.87,2000.0,1.45,10,10,0,32,0,0,0,0
5240.31,4500.0,1.16,17,1,0,44,0,0,0,0
2720.32,2000.0,1.36,12,14,0,31,0,0,0,0
4440.37,8000.0,0.56,17,13,0,11,0,0,0,0
9716.59,2000.0,4.86,9,8,3,34,1,0,1,0
4821.46,3000.0,1.61,21,1,0,18,0,0,1,0
735.22,1500.0,0.49,10,25,0,27,1,0,0,0
1442.33,1500.0,0.96,8,1,0,45,0,0,0,0
13381.23,3000.0,4.46,14,10,3,49,0,0,1,0
3597.23,3000.0,1.2,20,6,1,37,0,0,0,0
17408.94,12000.0,1.45,16,6,0,34,0,0,0,0
43533.09,8000.0,5.44,19,13,5,31,1,1,1,0
3374.37,6000.0,0.56,18,6,0,39,0,0,0,0
9943.2,12000.0,0.83,13,25,0,14,0,0,0,0
1628.97,1500.0,1.09,16,22,1,29,0,0,2,0
1279.9,2500.0,0.51,17,6,0,38,0,0,0,0
4933.31,4500.0,1.1,7,22,0,22,0,0,0,0
6104.14,4500.0,1.36,7,20,0,18,0,0,0,0
1428.49,2000.0,0.71,10,4,0,40,0,0,0,0
13278.6,6000.0,2.21,14,4,0,28,1,0,0,0
14385.69,12000.0,1.2,16,15,0,43,0,0,0,0
45239.39,12000.0,3.77,11,1,5,17,0,1,1,0
19503.57,12000.0,1.63,7,25,0,8,0,1,1,0
1819.26,1500.0,1.21,16,23,1,23,0,0,0,0
10919.08,3000.0,3.64,21,18,4,28,1,0,0,0
24929.81,12000.0,2.08,13,28,0,20,0,0,0,0
12475.04,6000.0,2.08,21,5,0,30,0,0,0,0
10214.5,12000.0,0.85,18,10,0,27,0,1,0,0
14310.2,3000.0,4.77,5,7,7,38,1,1,1,1
12298.33,12000.0,1.02,19,4,0,15,0,0,1,0
1738.6,3000.0,0.58,13,9,0,31,0,1,0,0
2927.5,2000.0,1.46,11,16,0,45,0,0,0,0
7110.33,6000.0,1.19,8,7,1,13,0,0,1,0
1038.41,1500.0,0.69,20,22,1,25,0,0,0,0
2995.07,3000.0,1.0,19,23,1,7,0,0,0,0
2851.4,3000.0,0.95,12,18,0,37,0,0,0,0
7397.32,8000.0,0.92,15,8,0,41,0,0,0,0
1293.92,2000.0,0.65,13,18,1,25,0,0,0,0
4053.56,6000.0,0.68,12,25,2,8,0,0,1,0
4148.8,4500.0,0.92,13,24,1,11,0,0,0,0
8616.36,8000.0,1.08,13,17,0,15,0,0,0,0
1681.2,2500.0,0.67,11,23,0,35,0,0,0,0
1117.07,3000.0,0.37,20,20,0,45,0,0,0,0
3243.61,2500.0,1.3,10,5,0,50,0,0,0,0
1556.56,1500.0,1.04,13,7,0,43,0,0,0,0
11151.86,2000.0,5.58,10,5,3,17,1,0,2,0
4161.99,6000.0,0.69,13,15,0,20,0,0,0,0
9657.8,6000.0,1.61,17,22,2,43,0,0,0,0
1281.67,1500.0,0.85,6,14,0,13,0,0,0,0
1036.08,2000.0,0.52,14,23,0,10,0,0,1,0
9556.87,8000.0,1.19,16,14,0,10,1,0,1,0
1628.88,2000.0,0.81,10,9,0,37,0,0,0,0
15579.63,8000.0,1.95,15,8,0,29,0,0,0,0
2306.85,2500.0,0.92,16,5,0,32,0,0,0,0
5757.68,8000.0,0.72,21,14,0,35,0,0,0,0
1716.71,1500.0,1.14,22,10,0,22,0,0,0,0
734.27,2000.0,0.37,17,23,0,22,0,0,0,0
8974.46,1500.0,5.98,15,20,5,35,1,0,0,0
17876.17,3000.0,5.96,17,7,5,35,1,0,1,0
5322.06,4500.0,1.18,7,6,1,47,0,0,0,0
14411.38,3000.0,4.8,22,23,4,32,1,1,1,0
9731.53,12000.0,0.81,17,27,1,31,0,0,0,0
3719.57,2000.0,1.86,19,25,0,20,0,0,0,0
1013.49,2500.0,0.41,14,8,0,25,0,0,1,0
2629.66,2500.0,1.05,6,19,0,17,0,0,1,0
1957.97,2000.0,0.98,12,25,0,22,0,0,1,0
1793.31,2000.0,0.9,8,24,0,47,0,0,0,0
5878.27,2500.0,2.35,13,1,0,22,0,0,0,0
3077.81,4500.0,0.68,15,12,2,38,0,0,1,0
2424.84,1500.0,1.62,15,17,0,47,0,0,0,0
11210.22,12000.0,0.93,17,11,0,6,0,0,0,0
4110.32,4500.0,0.91,11,5,0,9,0,0,2,0
2109.91,2500.0,0.84,16,17,0,28,0,0,0,0
11456.71,2000.0,5.73,11,13,4,11,1,1,1,0
7246.03,4500.0,1.61,10,14,0,15,0,0,0,0
1522.67,2000.0,0.76,12,12,0,8,0,0,0,0
6069.16,4500.0,1.35,7,1,2,43,0,0,0,0
13561.62,8000.0,1.7,22,10,0,7,0,0,0,0
9462.92,8000.0,1.18,20,12,0,8,0,0,0,0
16411.14,12000.0,1.37,13,4,0,48,0,0,0,0
11801.93,12000.0,0.98,16,9,0,26,0,0,0,0
950.33,1500.0,0.63,8,26,0,35,0,0,2,0
2173.81,3000.0,0.72,13,3,0,16,0,0,0,0
3783.78,2000.0,1.89,10,16,0,34,0,0,0,0
3052.3,4500.0,0.68,5,16,0,49,0,0,0,0
3696.99,6000.0,0.62,22,23,1,12,0,0,0,0
25999.05,4500.0,5.78,7,27,5,7,1,1,0,0
10115.38,2000.0,5.06,21,16,4,50,1,1,0,0
2742.98,6000.0,0.46,8,28,0,20,0,0,0,0
876.69,1500.0,0.58,22,1,0,26,0,0,0,0
1151.77,1500.0,0.77,12,24,0,23,0,0,0,0
5329.86,8000.0,0.67,17,2,0,35,0,0,0,0
5811.03,8000.0,0.73,23,1,0,26,0,0,0,0
15697.2,12000.0,1.31,15,3,1,10,0,0,0,0
3920.02,4500.0,0.87,20,28,0,40,0,0,0,0
10487.71,8000.0,1.31,8,26,0,18,0,0,0,0
6046.26,8000.0,0.76,19,5,1,34,0,0,0,0
1728.3,1500.0,1.15,14,17,0,5,0,0,0,0
2692.43,1500.0,1.79,18,9,0,12,0,0,0,0
1412.16,1500.0,0.94,16,4,0,31,0,0,0,0
9938.59,12000.0,0.83,10,9,1,24,0,0,0,0
5309.62,4500.0,1.18,9,1,1,21,0,0,0,0
8852.67,2500.0,3.54,18,4,4,36,1,1,0,0
1422.93,1500.0,0.95,6,8,0,35,0,0,1,0
4987.25,8000.0,0.62,21,12,2,28,0,0,0,0
13411.33,12000.0,1.12,22,25,0,13,0,0,0,0
10349.45,2000.0,5.17,7,17,3,9,0,1,2,0
4082.38,3000.0,1.36,17,19,0,30,0,0,0,0
3281.18,3000.0,1.09,19,17,0,43,0,0,0,0
3242.09,2500.0,1.3,17,9,1,30,0,0,0,0
1828.49,1500.0,1.22,14,18,1,24,1,1,0,0
11232.04,8000.0,1.4,8,14,0,7,0,0,0,0
4756.46,6000.0,0.79,7,20,1,44,0,0,0,0
9031.12,2000.0,4.52,20,25,4,13,1,1,1,0
3992.45,12000.0,0.33,19,5,1,12,0,1,0,0
12575.38,8000.0,1.57,6,20,0,34,0,0,0,0
1909.34,2000.0,0.95,16,4,0,34,0,0,0,0
1975.37,3000.0,0.66,8,10,2,37,0,0,0,0
5595.95,6000.0,0.93,10,2,0,29,0,0,0,0
6364.08,8000.0,0.8,16,26,0,42,0,0,0,0
1465.95,2000.0,0.73,12,12,0,12,0,0,0,0
15773.86,12000.0,1.31,9,27,0,12,0,0,1,0
1569.58,1500.0,1.05,21,22,1,6,0,0,0,0
17936.51,4500.0,3.99,16,18,5,15,1,0,1,0
5642.49,4500.0,1.25,19,2,1,14,0,0,0,0
8070.97,12000.0,0.67,12,18,0,13,0,0,0,0
31075.11,6000.0,5.18,13,21,3,27,1,1,2,0
3451.97,4500.0,0.77,20,24,0,42,0,0,1,0
1285.94,2000.0,0.64,12,4,0,34,0,0,0,0
5285.44,1500.0,3.52,9,3,3,36,1,1,1,0
42590.99,8000.0,5.32,10,12,3,9,1,0,1,0
1390.31,1500.0,0.93,8,11,0,5,0,0,0,0
6363.65,3000.0,2.12,16,13,1,30,1,0,0,0
7291.98,6000.0,1.22,8,2,0,16,0,0,1,0
1743.12,2000.0,0.87,18,6,0,16,0,0,0,0
1233.45,1500.0,0.82,8,4,0,46,0,1,0,0
16558.39,8000.0,2.07,22,9,0,43,0,0,0,0
7505.25,4500.0,1.67,18,18,0,20,1,0,0,0
12737.57,8000.0,1.59,16,23,0,19,1,0,0,0
12669.8,8000.0,1.58,8,28,0,41,0,0,0,0
2831.0,2000.0,1.42,8,17,0,20,0,0,0,0
1888.34,3000.0,0.63,15,21,0,8,0,0,0,0
3296.59,8000.0,0.41,13,23,1,18,0,1,0,0
26513.43,6000.0,4.42,6,5,4,29,1,0,2,0
1120.44,1500.0,0.75,18,16,1,15,0,0,0,0
14386.73,12000.0,1.2,16,24,0,6,0,0,0,0
2611.76,4500.0,0.58,10,5,0,47,0,0,0,0
4293.18,6000.0,0.72,10,8,0,9,0,0,0,0
1505.51,2500.0,0.6,8,28,0,6,0,0,1,0
11799.88,12000.0,0.98,12,6,0,35,0,0,0,0
19029.47,3000.0,6.34,13,27,11,38,1,0,2,1
2940.62,4500.0,0.65,17,10,0,34,0,0,1,0
2045.26,2500.0,0.82,7,20,0,25,0,0,0,0
2486.88,3000.0,0.83,21,9,0,41,0,0,1,0
3372.56,2000.0,1.69,23,8,0,25,0,0,0,0
2885.84,2000.0,1.44,6,8,0,13,0,0,0,0
1228.34,1500.0,0.82,13,2,1,34,0,0,0,0
3928.0,6000.0,0.65,19,2,0,7,0,0,0,0
1580.74,2500.0,0.63,17,19,0,12,0,0,1,0
4691.82,2500.0,1.88,12,7,0,23,0,0,0,0
14055.41,8000.0,1.76,20,28,0,36,0,0,0,0
1877.39,4500.0,0.42,15,26,0,33,1,0,1,0
2113.75,2500.0,0.85,9,14,0,7,0,0,2,0
1673.52,2000.0,0.84,13,7,0,31,0,0,0,0
1190.38,2000.0,0.6,13,12,0,36,1,0,0,0
1681.47,1500.0,1.12,14,28,2,38,0,0,0,0
9676.27,8000.0,1.21,18,27,0,12,0,0,0,0
5165.92,8000.0,0.65,18,18,0,50,0,0,0,0
2229.29,3000.0,0.74,14,19,0,6,0,0,0,0
11740.79,8000.0,1.47,10,17,0,14,0,0,1,0
873.23,1500.0,0.58,13,18,0,26,0,0,0,0
3137.46,4500.0,0.7,21,16,0,17,0,0,0,0
2024.09,3000.0,0.67,17,27,2,35,0,0,0,0
1683.73,3000.0,0.56,8,8,0,15,0,0,0,0
884.18,1500.0,0.59,10,26,0,35,0,0,0,0
50404.33,1500.0,33.6,4,13,6,38,1,1,2,1
62670.95,12000.0,5.22,10,14,4,47,0,0,0,0
2334.89,3000.0,0.78,13,18,1,25,0,0,0,0
4367.92,3000.0,1.46,15,11,0,34,0,0,0,0
3274.98,3000.0,1.09,12,22,0,22,0,0,0,0
2536.03,3000.0,0.85,18,1,0,13,0,0,0,0
11805.12,8000.0,1.48,12,26,0,23,0,0,0,0
1599.53,1500.0,1.07,9,9,0,19,0,0,0,0
2545.87,1500.0,1.7,10,25,0,41,0,0,0,0
18713.57,12000.0,1.56,14,18,0,32,0,0,0,0
1930.8,1500.0,1.29,10,12,0,17,0,0,0,0
1862.77,2000.0,0.93,10,26,0,19,0,0,0,0
6229.66,6000.0,1.04,8,5,0,6,0,0,0,0
40840.02,8000.0,5.11,10,10,4,30,0,0,1,0
1886.21,2500.0,0.75,15,5,0,34,0,0,0,0
7941.43,2000.0,3.97,20,26,4,14,0,1,1,0
5349.18,3000.0,1.78,20,4,0,41,0,0,0,0
3736.75,2500.0,1.49,6,15,0,30,0,0,1,0
3563.17,2500.0,1.43,20,15,0,31,0,1,0,0
1322.37,2000.0,0.66,19,5,0,35,0,1,0,0
4266.23,3000.0,1.42,19,8,0,36,0,0,0,0
6466.41,8000.0,0.81,13,17,0,40,0,0,0,0
1303.1,1500.0,0.87,7,19,0,49,0,0,0,0
9080.14,6000.0,1.51,17,13,1,37,0,0,0,0
2661.45,2000.0,1.33,17,23,0,42,0,0,0,0
1667.84,1500.0,1.11,12,4,0,45,0,0,0,0
3755.43,2000.0,1.88,11,4,1,7,0,0,1,0
4432.82,2500.0,1.77,9,9,0,25,0,0,1,0
4334.91,8000.0,0.54,6,1,0,38,0,0,0,0
5300.95,6000.0,0.88,20,25,0,11,0,0,0,0
2921.13,4500.0,0.65,17,13,0,9,0,0,0,0
1483.01,2000.0,0.74,7,6,0,31,1,0,0,0
16486.97,8000.0,2.06,8,22,0,15,0,0,0,0
1823.6,1500.0,1.22,11,7,0,16,0,0,0,0
39638.07,8000.0,4.95,20,5,4,7,0,0,1,0
1619.47,1500.0,1.08,18,14,0,39,0,0,0,0
3521.07,6000.0,0.59,15,24,0,36,0,0,1,0
609.52,1500.0,0.41,16,2,0,48,0,0,0,0
3235.39,3000.0,1.08,11,1,0,38,0,0,0,0
6442.09,8000.0,0.81,11,13,0,9,0,0,1,0
16564.0,3000.0,5.52,11,16,4,18,0,0,0,0
8495.69,6000.0,1.42,18,26,0,5,0,0,0,0
2218.85,2500.0,0.89,18,1,0,18,0,0,0,0
8255.23,2000.0,4.13,18,3,5,11,1,0,1,0
6382.42,6000.0,1.06,12,11,0,49,0,0,0,0
9537.43,8000.0,1.19,10,14,0,33,0,0,0,0
8602.58,8000.0,1.08,17,5,0,50,0,0,0,0
3928.92,3000.0,1.31,9,23,0,6,0,0,0,0
8644.63,4500.0,1.92,10,6,1,11,0,0,0,0
4215.11,4500.0,0.94,10,5,1,26,0,0,0,0
8789.47,8000.0,1.1,10,10,0,30,0,0,0,0
11363.04,2000.0,5.68,14,6,3,26,1,0,1,0
2556.2,2500.0,1.02,16,28,0,24,0,0,0,0
22791.01,6000.0,3.8,18,3,3,40,0,1,0,0
2650.63,3000.0,0.88,16,10,1,24,1,0,0,0
8537.44,4500.0,1.9,20,17,1,18,0,0,0,0
6842.96,6000.0,1.14,10,1,0,10,0,0,0,0
10928.84,12000.0,0.91,19,17,0,47,0,0,0,0
1605.35,1500.0,1.07,9,19,0,13,0,0,1,0
33702.68,2000.0,16.85,0,28,6,6,1,1,2,1
1848.12,2000.0,0.92,6,18,0,6,0,0,0,0
2914.57,4500.0,0.65,12,13,0,35,0,0,1,0
2491.35,2000.0,1.25,8,1,1,15,0,0,0,0
9607.23,12000.0,0.8,22,18,0,40,0,0,0,0
4280.75,6000.0,0.71,7,26,0,40,0,0,0,0
7307.39,8000.0,0.91,17,1,0,28,0,0,0,0
14802.64,12000.0,1.23,12,2,0,24,0,0,1,0
3510.72,2500.0,1.4,17,5,0,9,0,0,1,0
10926.31,2500.0,4.37,19,7,3,32,0,0,0,0
6907.38,8000.0,0.86,10,4,0,5,0,0,0,0
19482.24,4500.0,4.33,14,12,4,10,1,0,2,0
3191.38,3000.0,1.06,23,25,0,15,0,0,0,0
37202.42,8000.0,4.65,20,21,5,48,1,1,0,0
3624.98,2500.0,1.45,14,12,0,8,0,0,0,0
1169.95,1500.0,0.78,8,13,0,32,0,0,0,0
2487.35,1500.0,1.66,19,12,0,35,0,0,0,0
7053.03,1500.0,4.7,11,2,5,23,0,0,1,0
24005.68,6000.0,4.0,18,6,4,23,1,0,1,0
6333.66,3000.0,2.11,9,5,0,11,0,0,0,0
5433.35,4500.0,1.21,9,26,0,44,0,0,0,0
13248.65,12000.0,1.1,13,10,0,14,0,0,0,0
1087.8,1500.0,0.73,23,13,0,39,0,0,0,0
2240.13,1500.0,1.49,21,1,0,49,0,0,0,0
5021.86,8000.0,0.63,16,26,0,16,0,0,0,0
1948.09,1500.0,1.3,10,28,0,31,0,0,0,0
39453.32,8000.0,4.93,17,11,5,12,0,1,2,0
4552.74,4500.0,1.01,8,26,0,18,0,0,1,0
1116.24,3000.0,0.37,16,27,0,46,0,0,0,0
4230.29,2500.0,1.69,11,21,0,45,0,0,0,0
3275.5,3000.0,1.09,9,7,0,7,0,0,0,0
3034.52,4500.0,0.67,16,1,1,10,0,0,2,0
548.3,2000.0,0.27,13,3,0,45,0,0,0,0
2402.36,3000.0,0.8,8,27,0,30,0,0,0,0
11116.19,2000.0,5.56,6,23,3,28,1,1,2,0
3067.37,2500.0,1.23,17,23,0,48,0,0,0,0
2657.43,4500.0,0.59,18,2,0,11,0,0,0,0
1582.74,2000.0,0.79,9,14,0,30,0,0,0,0
16770.94,2500.0,6.71,8,3,9,27,0,1,2,1
12257.65,6000.0,2.04,8,25,0,29,0,0,0,0
3082.85,2000.0,1.54,18,4,0,15,0,0,0,0
3611.98,4500.0,0.8,12,21,0,10,0,0,0,0
17219.9,3000.0,5.74,12,1,3,26,1,0,1,0
11928.39,12000.0,0.99,13,3,0,31,0,0,0,0
4435.12,3000.0,1.48,10,20,0,38,0,0,0,0
1267.99,1500.0,0.85,15,15,0,14,0,0,0,0
17395.73,12000.0,1.45,13,22,0,34,1,0,0,0
6562.22,8000.0,0.82,18,24,1,9,0,0,0,0
6224.78,8000.0,0.78,10,26,0,28,0,0,0,0
4036.95,2500.0,1.61,11,18,0,12,0,0,0,0
872.21,1500.0,0.58,12,25,1,42,0,1,0,0
3253.23,2500.0,1.3,14,11,0,30,0,0,0,0
14548.64,12000.0,1.21,1,16,0,23,1,0,1,0
1852.83,2000.0,0.93,23,20,0,29,0,0,0,0
3181.45,4500.0,0.71,17,11,0,16,0,0,0,0
12490.68,8000.0,1.56,10,13,0,50,0,0,1,0
2011.44,4500.0,0.45,10,14,0,35,0,0,0,0
1085.85,1500.0,0.72,15,17,1,20,0,0,0,0
3137.92,2000.0,1.57,8,13,0,36,0,0,0,0
12837.24,8000.0,1.6,7,1,0,5,0,0,0,0
2037.49,1500.0,1.36,17,9,0,35,0,0,0,0
5353.41,4500.0,1.19,12,2,0,8,0,0,0,0
4643.92,8000.0,0.58,14,19,0,13,0,0,0,0
8591.11,1500.0,5.73,11,5,4,42,1,1,1,0
54156.43,4000.0,13.54,0,15,7,6,1,1,2,1
10933.13,12000.0,0.91,17,27,0,28,0,0,0,0
3350.47,2500.0,1.34,9,3,0,37,0,0,0,0
5059.0,8000.0,0.63,12,21,1,9,0,0,0,0
1032.71,1500.0,0.69,16,22,0,18,0,0,0,0
4137.0,2500.0,1.65,20,4,0,22,0,0,0,0
6193.19,6000.0,1.03,14,2,0,39,0,0,0,0
28816.7,6000.0,4.8,12,7,3,26,0,0,1,0
13095.65,12000.0,1.09,12,27,0,30,0,0,0,0
4951.44,2000.0,2.48,15,5,0,21,0,0,0,0
13359.06,12000.0,1.11,15,25,0,20,0,0,0,0
1389.07,1500.0,0.93,19,23,0,31,0,0,1,0
3905.24,6000.0,0.65,12,1,0,14,0,0,0,0
6527.98,4500.0,1.45,12,14,0,50,0,0,1,0
1128.6,1500.0,0.75,18,24,0,34,0,0,0,0
1750.75,3000.0,0.58,16,2,0,34,0,0,2,0
6211.82,6000.0,1.04,5,12,0,31,0,0,1,0
3447.32,6000.0,0.57,12,19,0,11,0,0,0,0
5564.51,6000.0,0.93,6,9,0,14,0,0,1,0
54010.27,12000.0,4.5,15,17,4,43,1,0,0,0
2518.83,3000.0,0.84,7,22,0,39,0,0,0,0
14340.26,8000.0,1.79,17,11,0,43,0,0,0,0
3865.42,3000.0,1.29,15,5,0,42,0,0,0,0
3089.52,6000.0,0.51,18,16,0,14,0,0,0,0
1526.47,1500.0,1.02,19,24,0,26,0,0,0,0
1558.43,2500.0,0.62,17,1,0,49,0,0,0,0
5665.01,6000.0,0.94,19,13,0,12,0,0,0,0
4283.5,4500.0,0.95,8,19,0,23,0,0,0,0
3001.83,3000.0,1.0,13,15,0,50,0,0,1,0
4754.78,4500.0,1.06,17,19,0,11,0,0,0,0
9412.56,2500.0,3.77,14,3,5,35,1,1,1,0
797.05,1500.0,0.53,17,4,1,16,1,0,0,0
6383.89,4500.0,1.42,15,3,0,6,0,0,1,0
2301.01,2000.0,1.15,16,11,0,43,0,0,0,0
2670.08,2500.0,1.07,15,1,0,40,0,0,0,0
7421.85,8000.0,0.93,19,21,0,14,0,0,0,0
1707.56,2500.0,0.68,9,10,0,5,0,0,0,0
1746.02,1500.0,1.16,17,16,0,45,0,0,0,0
2019.01,3000.0,0.67,18,22,0,28,0,0,0,0
11296.65,3000.0,3.77,17,16,5,25,1,0,2,0
6952.91,4500.0,1.55,6,6,0,25,0,0,1,0
767.32,1500.0,0.51,4,24,0,27,0,0,0,0
54166.23,2500.0,21.67,0,9,8,5,1,1,2,1
1450.36,2000.0,0.73,8,14,0,31,0,0,1,0
1697.07,1500.0,1.13,18,25,1,30,0,0,0,0
17797.59,12000.0,1.48,19,5,0,42,0,0,0,0
8560.48,8000.0,1.07,18,6,0,20,0,0,0,0
8004.24,4500.0,1.78,11,7,0,40,0,0,0,0
30173.62,6000.0,5.03,17,3,4,9,1,0,1,0
1927.79,2000.0,0.96,7,17,0,21,0,0,0,0
70827.63,12000.0,5.9,16,7,3,41,0,0,1,0
12249.58,2500.0,4.9,11,2,3,14,0,0,0,0
2650.4,4500.0,0.59,13,10,0,20,0,0,0,0
4297.47,4500.0,0.95,18,13,0,9,0,0,0,0
2667.87,3000.0,0.89,10,14,0,36,0,0,0,0
14220.74,12000.0,1.19,10,21,0,34,0,0,0,0
6088.93,6000.0,1.01,8,20,0,14,0,0,0,0
8243.83,6000.0,1.37,15,18,0,5,0,0,1,0
1464.59,1500.0,0.98,14,9,0,17,0,0,0,0
616.34,1500.0,0.41,19,3,0,50,0,0,0,0
8532.69,6000.0,1.42,11,28,0,16,0,1,0,0
6590.82,8000.0,0.82,13,28,0,25,0,0,0,0
4931.5,4500.0,1.1,6,12,0,19,0,0,0,0
30250.94,6000.0,5.04,11,8,5,8,1,1,1,0
3740.27,2000.0,1.87,11,4,0,43,0,0,0,0
3725.91,8000.0,0.47,22,28,0,15,0,0,0,0
5431.02,8000.0,0.68,18,25,0,32,0,0,0,0
1501.76,1500.0,1.0,20,16,0,16,0,0,0,0
7296.26,12000.0,0.61,16,7,0,27,0,0,0,0
22281.99,12000.0,1.86,8,11,0,30,0,0,0,0
6467.82,6000.0,1.08,9,2,0,23,0,0,0,0
4015.56,6000.0,0.67,7,27,0,47,0,0,0,0
6170.8,4500.0,1.37,14,7,0,40,0,0,0,0
16712.55,3000.0,5.57,15,1,3,41,0,1,1,0
64964.38,12000.0,5.41,9,25,3,47,1,1,1,0
11557.36,3000.0,3.85,10,27,3,18,0,0,0,0
2147.41,2000.0,1.07,9,28,0,5,0,0,1,0
1443.32,2000.0,0.72,14,7,0,15,0,0,0,0
3152.16,2500.0,1.26,9,7,0,6,1,0,0,0
986.86,2000.0,0.49,7,2,0,31,0,0,0,0
1516.45,1500.0,1.01,21,3,0,9,0,0,0,0
1639.46,1500.0,1.09,4,16,1,16,0,0,0,0
7885.01,6000.0,1.31,8,9,0,45,0,0,0,0
4300.72,3000.0,1.43,17,23,0,26,1,0,0,0
30984.24,6000.0,5.16,16,10,3,50,1,0,1,0
2762.72,3000.0,0.92,20,23,0,27,0,0,0,0
9192.73,2000.0,4.6,15,7,3,29,1,1,0,0
1975.35,1500.0,1.32,12,25,0,50,0,0,0,0
16272.21,8000.0,2.03,6,19,0,6,0,0,0,0
10144.46,12000.0,0.85,12,6,0,20,0,0,0,0
2498.27,3000.0,0.83,2,25,0,31,0,0,1,0
2474.53,2500.0,0.99,11,19,0,40,0,0,0,0
4952.5,4500.0,1.1,8,26,0,42,0,0,0,0
1098.61,2000.0,0.55,20,1,0,48,0,0,1,0
2948.99,2500.0,1.18,15,23,0,11,0,0,0,0
6199.93,4500.0,1.38,22,7,0,49,0,0,0,0
1985.38,2000.0,0.99,6,1,0,31,0,0,0,0
16556.57,12000.0,1.38,19,7,0,42,0,0,0,0
23617.03,4500.0,5.25,7,18,3,49,1,0,1,0
1931.67,2000.0,0.97,11,12,0,8,0,0,0,0
2822.44,2000.0,1.41,11,27,0,10,0,0,0,0
3964.25,3000.0,1.32,15,26,0,30,0,0,1,0
1697.44,2500.0,0.68,0,3,1,50,0,0,0,0
3121.38,8000.0,0.39,14,26,0,9,0,0,0,0
2355.27,2500.0,0.94,10,18,1,18,0,0,0,0
4792.45,3000.0,1.6,10,26,0,28,0,0,0,0
4429.85,6000.0,0.74,16,5,1,41,0,0,0,0
43459.36,8000.0,5.43,7,25,4,20,1,0,1,0
5689.6,4500.0,1.26,19,16,0,5,0,0,0,0
1370.41,2000.0,0.69,13,7,0,5,0,0,0,0
7526.09,8000.0,0.94,13,18,0,18,0,0,0,0
6119.8,6000.0,1.02,16,16,0,28,0,0,0,0
2624.44,1500.0,1.75,15,21,0,20,0,0,0,0
1701.22,2500.0,0.68,22,15,0,13,0,0,0,0
2497.2,2500.0,1.0,11,19,0,29,0,0,2,0
6228.14,8000.0,0.78,18,28,1,16,0,0,0,0
2395.07,2500.0,0.96,12,11,0,29,0,0,0,0
1575.62,3000.0,0.53,16,27,0,39,0,0,0,0
12236.05,12000.0,1.02,15,20,0,42,0,0,0,0
6470.87,1500.0,4.31,12,6,4,17,1,1,0,0
17345.18,3000.0,5.78,18,5,5,26,1,0,1,1
13678.35,8000.0,1.71,9,12,0,29,0,0,0,0
35366.04,8000.0,4.42,16,5,4,42,1,1,1,0
9864.44,12000.0,0.82,17,1,0,40,0,0,0,0
2906.16,3000.0,0.97,10,27,0,27,0,0,0,0
8207.38,12000.0,0.68,11,28,0,42,0,0,0,0
5979.46,6000.0,1.0,15,7,2,44,0,0,0,0
34837.93,6000.0,5.81,17,13,4,33,1,0,2,0
1189.65,2000.0,0.59,9,4,0,43,0,0,0,0
5880.11,8000.0,0.74,12,22,0,14,0,0,0,0
15047.73,3000.0,5.02,7,14,3,5,0,1,1,0
5082.47,4500.0,1.13,11,18,0,34,0,0,0,0
2858.41,2500.0,1.14,14,8,0,13,0,0,0,0
2330.94,3000.0,0.78,10,16,0,35,0,0,0,0
36266.03,8000.0,4.53,17,16,5,11,1,1,2,0
12440.1,12000.0,1.04,16,11,1,8,0,0,0,0
8947.88,2000.0,4.47,21,26,3,22,1,0,1,0
2319.47,2000.0,1.16,14,14,0,34,0,0,0,0
11151.57,12000.0,0.93,10,21,0,45,0,0,0,0
1491.76,1500.0,0.99,19,9,0,34,0,0,0,0
1724.75,3000.0,0.57,12,27,0,7,0,0,0,0
4553.51,6000.0,0.76,7,8,0,46,0,0,1,0
1440.65,3000.0,0.48,11,12,0,33,0,0,0,0
52411.17,2000.0,26.21,4,27,3,12,1,1,1,1
6105.91,8000.0,0.76,11,16,0,7,0,0,0,0
2055.99,2000.0,1.03,9,25,0,6,0,0,0,0
10924.76,12000.0,0.91,7,20,0,13,0,0,0,0
5545.19,6000.0,0.92,19,25,1,31,0,0,0,0
1839.17,2000.0,0.92,15,7,0,30,0,0,0,0
26211.13,4000.0,6.55,22,1,6,37,1,1,2,1
4462.42,3000.0,1.49,8,2,0,49,0,0,0,0
2650.86,3000.0,0.88,11,3,0,18,0,0,0,0
24965.93,6000.0,4.16,10,2,3,15,1,1,1,0
3564.74,6000.0,0.59,17,14,0,39,0,0,0,0
2023.56,1500.0,1.35,12,8,0,16,0,0,0,0
7673.4,4500.0,1.71,14,7,0,26,0,0,0,0
25814.61,12000.0,2.15,10,26,1,7,0,0,0,0
69302.77,4000.0,17.33,2,15,7,34,1,1,2,1
18589.3,4500.0,4.13,13,14,4,29,1,1,1,0
2989.85,3000.0,1.0,14,8,0,47,0,0,0,0
2449.3,2500.0,0.98,9,14,0,49,0,0,0,0
1881.64,1500.0,1.25,11,4,0,39,0,0,0,0
6922.12,12000.0,0.58,11,18,0,37,0,0,0,0
2307.64,3000.0,0.77,17,15,0,34,0,0,0,0
2077.14,4500.0,0.46,15,20,0,40,0,0,0,0
1234.24,1500.0,0.82,17,14,0,8,0,0,0,0
1345.15,1500.0,0.9,11,4,0,41,0,0,0,0
3473.85,4500.0,0.77,14,19,0,42,0,0,0,0
13598.29,12000.0,1.13,13,20,0,14,0,0,0,0
8816.18,8000.0,1.1,12,8,0,24,0,0,2,0
3356.32,3000.0,1.12,23,6,0,8,0,0,0,0
3273.59,2500.0,1.31,17,16,0,9,0,0,1,0
55049.55,2500.0,22.02,0,27,4,28,1,1,1,1
16743.43,12000.0,1.4,10,21,0,17,0,0,0,0
742.36,1500.0,0.49,20,23,0,35,0,0,0,0
8665.64,6000.0,1.44,15,24,0,9,0,0,1,0
1895.79,1500.0,1.26,9,11,0,47,0,0,0,0
2751.76,2000.0,1.38,16,12,0,9,0,0,0,0
3188.12,2000.0,1.59,12,20,0,16,0,0,0,0
594.17,1500.0,0.4,10,2,0,33,0,0,0,0
2937.55,3000.0,0.98,18,24,0,48,0,0,0,0
2288.28,2500.0,0.92,16,13,0,50,0,0,0,0
2178.51,3000.0,0.73,18,9,2,23,0,0,0,0
6001.33,4500.0,1.33,12,15,0,8,0,0,0,0
8195.03,8000.0,1.02,10,1,0,32,0,0,0,0
2606.67,2000.0,1.3,9,14,1,6,0,0,0,0
11929.25,12000.0,0.99,11,12,1,26,0,1,0,0
13962.7,12000.0,1.16,18,13,0,13,0,0,0,0
1557.72,1500.0,1.04,11,25,0,45,0,0,0,0
14944.1,12000.0,1.25,11,21,0,25,0,0,0,0
1868.51,3000.0,0.62,17,9,0,49,0,0,0,0
131895.6,4000.0,32.97,3,13,4,41,1,1,2,1
24359.34,4500.0,5.41,12,13,4,30,1,0,1,0
1959.26,2500.0,0.78,7,10,0,43,0,0,1,0
1611.5,2000.0,0.81,12,20,0,23,0,0,1,0
8319.54,8000.0,1.04,18,9,0,50,0,0,0,0
7545.37,8000.0,0.94,17,15,1,47,0,0,0,0
2175.85,2000.0,1.09,10,19,0,17,0,0,0,0
6578.38,6000.0,1.1,9,1,0,10,0,0,0,0
9143.7,2000.0,4.57,6,10,4,19,1,1,0,0
21332.26,4500.0,4.74,9,7,4,46,0,0,0,0
1494.49,2000.0,0.75,19,13,0,33,0,0,0,0
9983.01,8000.0,1.25,19,6,0,6,0,0,0,0
1661.96,2000.0,0.83,19,3,0,34,0,0,0,0
13614.06,12000.0,1.13,21,21,0,45,0,0,1,0
2236.47,2000.0,1.12,20,20,0,48,0,0,0,0
3548.12,2500.0,1.42,9,5,0,14,0,0,0,0
20275.72,2500.0,8.11,3,1,6,47,1,1,2,1
1070.57,2500.0,0.43,12,10,1,13,0,0,0,0
12856.95,8000.0,1.61,14,11,0,46,0,0,0,0
70917.07,12000.0,5.91,12,8,5,22,1,0,1,0
31422.85,6000.0,5.24,6,9,4,33,0,1,2,0
2900.93,4500.0,0.64,11,4,0,30,0,0,0,0
14133.18,12000.0,1.18,16,13,0,46,0,0,0,0
4091.07,8000.0,0.51,13,24,1,18,0,0,0,0
10792.86,12000.0,0.9,17,18,0,38,0,0,0,0
8531.74,1500.0,5.69,19,23,3,34,1,0,1,1
13729.91,8000.0,1.72,15,8,0,23,0,0,1,0
2604.47,4500.0,0.58,21,15,0,32,0,0,0,0
2610.61,2500.0,1.04,10,4,0,12,0,0,0,0
1537.8,1500.0,1.03,8,17,1,11,0,0,0,0
10893.33,8000.0,1.36,14,25,0,19,0,0,0,0
3686.89,2500.0,1.47,19,3,0,15,0,0,0,0
11254.29,8000.0,1.41,22,4,0,47,0,0,0,0
2192.42,2000.0,1.1,19,1,0,11,0,0,0,0
9932.4,12000.0,0.83,7,19,0,40,0,0,0,0
2034.04,2500.0,0.81,13,28,1,33,0,0,0,0
2072.38,1500.0,1.38,12,19,1,21,0,0,0,0
2518.27,3000.0,0.84,3,15,0,15,0,0,0,0
2811.14,3000.0,0.94,8,16,0,9,0,0,0,0
1077.91,2000.0,0.54,19,16,1,5,1,0,0,0
3636.7,2000.0,1.82,9,4,0,23,0,0,0,0
5137.44,2500.0,2.05,8,7,0,33,0,0,0,0
8239.72,6000.0,1.37,9,20,0,15,0,0,2,0
2410.88,3000.0,0.8,9,9,0,42,0,0,0,0
5153.62,4500.0,1.15,9,24,1,34,0,0,0,0
9127.05,6000.0,1.52,22,12,0,33,0,0,0,0
932.76,1500.0,0.62,7,26,0,20,0,0,0,0
17045.74,12000.0,1.42,11,14,0,40,0,0,0,0
3864.46,3000.0,1.29,11,5,0,33,0,0,1,0
19149.83,12000.0,1.6,2,16,0,18,0,0,1,0
3741.92,2500.0,1.5,17,28,0,43,0,0,0,0
8563.82,12000.0,0.71,8,2,0,37,0,0,0,0
6899.88,8000.0,0.86,13,5,1,20,0,0,0,0
15816.04,3000.0,5.27,10,5,4,15,1,0,1,1
1755.72,1500.0,1.17,19,5,0,24,0,0,0,0
4959.05,2500.0,1.98,12,19,1,30,0,0,0,0
1922.04,2000.0,0.96,17,9,0,19,0,0,0,0
2284.93,2000.0,1.14,19,13,1,25,0,0,0,0
41868.47,3000.0,13.96,2,26,6,11,1,1,2,1
9117.13,12000.0,0.76,15,7,1,39,0,0,0,0
4970.01,4500.0,1.1,11,1,0,18,0,0,0,0
1970.44,3000.0,0.66,14,23,0,23,0,0,0,0
7567.67,6000.0,1.26,6,20,0,43,0,0,0,0
4856.12,3000.0,1.62,7,26,0,6,0,0,0,0
4289.2,2500.0,1.72,13,7,0,21,0,0,0,0
1877.8,2000.0,0.94,16,11,0,27,0,0,0,0
13809.25,2500.0,5.52,17,23,4,5,1,0,1,1
21182.44,12000.0,1.77,15,16,0,40,0,0,0,0
3953.48,3000.0,1.32,9,12,0,6,0,0,0,0
1741.74,2000.0,0.87,14,20,0,13,0,0,0,0
1823.61,3000.0,0.61,12,21,1,18,0,0,0,0
2227.15,2500.0,0.89,11,14,0,36,0,0,0,0
9044.11,12000.0,0.75,11,21,1,14,0,0,0,0
66739.04,12000.0,5.56,12,17,5,12,1,1,1,0
5608.23,4500.0,1.25,19,4,0,27,0,0,0,0
1185.7,2000.0,0.59,8,7,0,28,0,0,0,0
1436.69,1500.0,0.96,17,26,0,10,0,0,0,0
4572.7,2500.0,1.83,7,14,0,48,0,0,0,0
9404.78,6000.0,1.57,15,11,0,8,0,0,0,0
2738.72,1500.0,1.83,15,12,0,16,0,0,0,0
3294.27,1500.0,2.2,12,8,0,28,0,0,0,0
12839.34,8000.0,1.6,16,5,1,39,0,0,2,0
5642.79,3000.0,1.88,16,15,1,49,0,0,0,0
1378.55,1500.0,0.92,13,17,0,8,0,0,0,0
21370.81,4500.0,4.75,9,4,3,5,1,1,1,0
1100.0,2000.0,0.55,18,8,0,24,0,0,2,0
1903.3,2000.0,0.95,13,9,0,16,1,0,0,0
1579.02,2500.0,0.63,13,24,0,41,0,0,0,0
1148.87,1500.0,0.77,9,2,0,50,0,0,0,0
1489.21,2000.0,0.74,12,2,0,36,1,0,0,0
7018.17,6000.0,1.17,2,14,0,30,0,0,0,0
7477.31,8000.0,0.93,9,9,0,43,0,0,0,0
1782.31,1500.0,1.19,19,3,0,41,0,0,0,0
2564.58,2500.0,1.03,8,24,0,12,0,0,0,0
9284.25,4500.0,2.06,1,23,1,32,0,0,0,0
3306.46,4500.0,0.73,5,8,0,12,0,0,0,0
95427.9,2500.0,38.17,9,8,4,46,1,1,2,1
3047.33,2500.0,1.22,3,4,2,15,0,0,0,0
21490.59,4500.0,4.78,19,9,4,35,1,0,1,0
1541.12,2500.0,0.62,8,21,0,13,0,0,0,0
1290.24,1500.0,0.86,19,8,0,22,0,0,0,0
2474.98,2500.0,0.99,10,19,0,5,0,0,1,0
7575.44,6000.0,1.26,21,15,1,38,0,0,0,0
12317.52,12000.0,1.03,10,3,0,29,0,0,0,0
7652.35,4500.0,1.7,8,22,0,15,0,0,0,0
2924.45,2500.0,1.17,7,23,0,17,0,0,0,0
2534.95,3000.0,0.84,13,15,0,8,0,0,0,0
4524.09,4500.0,1.01,18,18,0,20,1,0,0,0
2370.66,2500.0,0.95,5,9,0,10,0,0,0,0
11970.51,8000.0,1.5,15,2,1,21,0,0,0,0
11767.35,12000.0,0.98,9,5,2,29,0,0,0,0
8033.84,4500.0,1.79,20,21,1,29,0,0,0,0
5633.36,6000.0,0.94,8,4,0,15,0,0,0,0
2412.39,3000.0,0.8,11,28,0,14,0,0,1,0
4879.85,4500.0,1.08,17,7,0,39,0,0,0,0
20642.87,12000.0,1.72,22,2,0,30,0,0,0,0
1338.65,1500.0,0.89,10,3,0,40,0,0,1,0
7466.18,2000.0,3.73,21,17,3,11,1,0,1,0
2723.23,2500.0,1.09,13,20,0,29,0,1,0,0
3913.54,2000.0,1.96,15,4,0,24,0,0,0,0
7817.58,4500.0,1.74,17,25,0,30,0,0,0,0
17030.46,12000.0,1.42,14,27,1,32,0,0,0,0
4923.32,3000.0,1.64,17,21,0,48,0,0,0,0
3173.9,3000.0,1.06,15,5,0,31,0,1,0,0
30583.4,4000.0,7.65,0,10,9,29,1,0,1,1
1489.08,2000.0,0.74,8,21,0,27,0,0,0,0
5919.6,4500.0,1.32,12,3,0,8,0,0,0,0
4170.02,4500.0,0.93,18,24,0,34,0,0,1,0
29889.82,8000.0,3.74,23,18,3,14,1,1,1,0
1159.72,3000.0,0.39,8,11,0,23,0,0,0,0
6202.9,6000.0,1.03,9,21,0,10,0,0,0,0
1475.35,1500.0,0.98,16,2,0,45,0,0,0,0
2810.64,2500.0,1.12,13,27,0,31,0,0,0,0
3863.13,4500.0,0.86,11,11,2,37,0,0,0,0
1910.4,2000.0,0.96,10,22,0,27,0,0,0,0
2787.28,2500.0,1.11,17,6,0,15,0,0,2,0
2382.48,3000.0,0.79,18,11,0,29,0,0,0,0
8973.83,8000.0,1.12,16,9,0,44,0,0,0,0
1153.95,1500.0,0.77,9,19,0,44,0,0,2,0
5959.02,4500.0,1.32,17,1,0,24,0,0,0,0
4284.06,2000.0,2.14,12,10,0,14,0,0,0,0
5529.91,6000.0,0.92,15,26,1,12,0,0,0,0
936.87,1500.0,0.62,10,23,0,40,0,0,0,0
8685.87,12000.0,0.72,8,4,0,46,0,0,0,0
4220.5,3000.0,1.41,14,26,1,37,0,0,0,0
3007.12,3000.0,1.0,19,12,0,42,0,0,0,0
9083.72,8000.0,1.14,11,20,0,42,0,0,0,0
3642.87,1500.0,2.43,13,1,1,29,0,0,1,0
6272.44,8000.0,0.78,8,5,0,42,0,0,0,0
4825.74,6000.0,0.8,18,21,0,49,0,0,1,0
1451.19,1500.0,0.97,19,25,0,41,0,0,0,0
4267.83,3000.0,1.42,18,7,1,39,0,0,0,0
1475.61,2000.0,0.74,20,2,0,40,0,0,0,0
3812.43,4500.0,0.85,11,16,0,25,0,0,0,0
7796.83,8000.0,0.97,14,25,0,12,0,0,0,0
12871.38,4000.0,3.22,12,26,7,23,1,0,1,1
6436.44,6000.0,1.07,19,13,0,27,0,0,0,0
4512.97,4500.0,1.0,2,28,0,50,0,0,1,0
1737.38,2500.0,0.69,1,11,0,32,1,0,0,0
2028.31,1500.0,1.35,13,21,0,6,0,0,0,0
1479.24,1500.0,0.99,14,13,0,48,0,0,0,0
10102.45,12000.0,0.84,17,14,0,34,0,0,0,0
4701.3,8000.0,0.59,16,15,0,48,0,0,1,0
1678.78,2500.0,0.67,23,11,1,50,0,0,0,0
7134.4,8000.0,0.89,7,25,0,46,0,0,0,0
8150.63,8000.0,1.02,15,8,0,38,0,0,0,0
63006.27,12000.0,5.25,12,12,5,36,1,0,2,0
3361.83,2500.0,1.34,6,22,0,26,0,0,0,0
5928.72,6000.0,0.99,15,3,0,25,0,0,0,0
3900.87,4500.0,0.87,0,26,0,50,0,0,0,0
32066.22,6000.0,5.34,15,13,3,19,0,0,1,0
7379.06,12000.0,0.61,14,21,0,13,0,0,0,0
22545.08,4500.0,5.01,16,28,4,15,1,0,1,0
1881.76,2500.0,0.75,11,1,0,30,0,0,0,0
3958.01,6000.0,0.66,22,25,0,43,0,0,2,0
9304.92,2500.0,3.72,14,21,3,36,1,0,0,0
3571.98,8000.0,0.45,11,15,0,31,0,0,0,0
3198.48,3000.0,1.07,17,7,0,48,0,0,1,0
15969.88,2000.0,7.98,22,14,5,20,1,1,2,1
1886.7,2000.0,0.94,11,21,0,29,0,0,1,0
4175.36,3000.0,1.39,19,13,0,7,0,0,1,0
1592.71,1500.0,1.06,18,15,0,31,0,0,0,0
54667.17,12000.0,4.56,14,13,3,47,1,1,0,0
2967.81,4500.0,0.66,14,15,0,23,0,0,0,0
3239.0,3000.0,1.08,6,3,0,30,0,0,0,0
7117.78,6000.0,1.19,19,25,0,43,0,0,0,0
9612.75,8000.0,1.2,12,18,0,30,0,0,1,0
5153.86,4500.0,1.15,14,10,0,14,0,0,0,0
13750.61,12000.0,1.15,18,6,1,20,0,0,0,0
6457.39,8000.0,0.81,14,23,0,18,0,0,0,0
3794.82,4500.0,0.84,7,15,0,21,0,0,0,0
8734.68,1500.0,5.82,17,12,4,34,1,0,2,0
19409.86,12000.0,1.62,16,7,0,10,0,0,0,0
1188.21,1500.0,0.79,10,16,0,6,0,0,0,0
14636.44,12000.0,1.22,11,28,1,50,0,0,0,0
1407.77,1500.0,0.94,18,23,0,29,0,0,0,0
5699.73,8000.0,0.71,20,2,0,14,0,0,0,0
4460.9,2000.0,2.23,2,4,0,14,0,0,0,0
5034.36,8000.0,0.63,13,9,0,17,0,0,0,0
8820.31,4500.0,1.96,19,2,1,8,0,0,0,0
1826.48,2000.0,0.91,13,16,0,14,0,0,0,0
3514.18,4500.0,0.78,7,19,0,46,0,0,1,0
19034.34,12000.0,1.59,15,19,0,21,0,0,1,0
3539.9,3000.0,1.18,10,22,0,45,0,0,1,0
2375.93,2500.0,0.95,21,21,0,30,0,0,0,0
1876.24,2000.0,0.94,22,21,0,17,0,0,0,0
3735.69,2000.0,1.87,14,12,0,37,0,0,2,0
11606.18,3000.0,3.87,16,10,3,24,1,1,1,0
6630.94,3000.0,2.21,12,21,0,39,0,0,0,0
102037.31,3000.0,34.01,6,4,5,48,1,1,2,1
4977.74,8000.0,0.62,15,18,0,39,0,0,0,0
1049.67,1500.0,0.7,21,20,0,11,0,1,0,0
4232.26,3000.0,1.41,18,19,0,14,0,0,0,0
954.46,2000.0,0.48,7,5,0,5,0,0,0,0
1682.75,2500.0,0.67,16,5,0,45,0,0,0,0
3321.8,4500.0,0.74,15,12,0,41,0,0,0,0
2554.08,3000.0,0.85,14,14,1,14,0,0,0,0
2461.06,2500.0,0.98,9,13,1,28,0,0,0,0
5889.28,6000.0,0.98,0,6,0,46,1,0,0,0
2856.82,3000.0,0.95,18,5,0,50,0,0,0,0
7001.61,2000.0,3.5,20,9,5,39,1,0,1,0
1046.45,1500.0,0.7,11,12,0,8,0,0,0,0
2217.2,3000.0,0.74,11,12,0,5,0,0,0,0
6836.24,8000.0,0.85,9,24,0,24,0,0,0,0
904.37,1500.0,0.6,18,6,0,34,0,0,1,0
10581.21,12000.0,0.88,18,3,0,9,0,0,1,0
4977.56,3000.0,1.66,19,3,0,39,0,1,0,0
4846.14,6000.0,0.81,11,27,0,7,0,0,0,0
5677.71,6000.0,0.95,18,14,0,18,0,0,0,0
9212.81,8000.0,1.15,16,17,0,44,0,0,0,0
2098.64,2000.0,1.05,0,13,0,44,0,0,2,0
14655.61,12000.0,1.22,15,6,0,10,0,0,1,0
2406.42,2000.0,1.2,14,17,1,50,0,0,1,0
1945.19,2000.0,0.97,20,10,0,23,0,0,0,0
4333.53,4500.0,0.96,20,3,0,46,0,0,0,0
11337.49,6000.0,1.89,14,27,0,24,0,0,1,0
2936.82,3000.0,0.98,13,1,0,35,0,0,0,0
4685.82,6000.0,0.78,11,18,0,5,0,0,0,0
5922.97,12000.0,0.49,19,21,1,48,0,0,0,0
9837.4,8000.0,1.23,14,22,0,17,0,0,0,0
7527.05,12000.0,0.63,12,22,0,49,0,0,1,0
2333.99,2500.0,0.93,9,15,0,32,0,0,0,0
4147.98,6000.0,0.69,8,23,0,39,0,0,0,0
18479.05,12000.0,1.54,7,25,0,38,0,0,0,0
4550.49,12000.0,0.38,5,3,0,20,0,0,0,0
3240.39,2500.0,1.3,17,12,0,8,0,0,0,0
1404.73,1500.0,0.94,12,25,0,16,0,0,1,0
1769.79,2500.0,0.71,17,23,0,10,0,0,0,0
7043.95,6000.0,1.17,19,27,1,16,0,0,0,0
5050.48,3000.0,1.68,18,9,0,34,0,0,0,0
2115.71,2000.0,1.06,9,22,0,47,1,0,0,0
9672.62,6000.0,1.61,19,23,0,50,0,0,0,0
6099.89,8000.0,0.76,6,2,0,7,0,0,0,0
3235.12,3000.0,1.08,10,25,0,33,0,0,1,0
1004.78,2000.0,0.5,15,27,0,47,0,0,0,0
1493.94,1500.0,1.0,18,18,0,43,0,0,0,0
2398.51,2500.0,0.96,12,28,0,34,0,0,0,0
7031.6,6000.0,1.17,16,3,0,19,0,0,1,0
5486.51,6000.0,0.91,20,23,0,43,0,0,0,0
12336.77,3000.0,4.11,9,24,3,12,1,0,2,0
77548.91,3000.0,25.85,16,7,4,50,1,0,1,1
912.25,1500.0,0.61,12,26,0,27,0,0,0,0
2086.44,1500.0,1.39,17,11,1,10,0,0,0,0
13738.66,12000.0,1.14,8,5,1,40,0,0,0,0
6299.51,4500.0,1.4,22,19,0,8,0,0,0,0
1824.71,4500.0,0.41,17,14,1,19,0,0,0,0
31174.3,8000.0,3.9,14,14,3,21,0,1,1,0
38948.48,3000.0,12.98,3,17,6,24,1,1,2,1
3280.01,2000.0,1.64,16,12,0,25,0,0,0,0
15497.89,2500.0,6.2,19,11,5,44,0,0,1,1
2644.34,2500.0,1.06,18,26,0,22,0,0,0,0
2454.33,1500.0,1.64,13,16,0,31,0,0,0,0
8787.66,12000.0,0.73,12,17,0,45,0,0,0,0
4113.24,2000.0,2.06,7,27,0,10,0,0,0,0
5703.36,8000.0,0.71,13,20,0,14,0,0,0,0
4550.16,4500.0,1.01,16,13,0,22,0,0,1,0
2088.94,2000.0,1.04,10,16,0,7,0,0,1,0
2213.42,2500.0,0.89,12,15,0,48,0,0,0,0
1926.05,3000.0,0.64,16,26,0,11,0,0,0,0
14438.97,8000.0,1.8,14,19,0,30,0,0,1,0
6544.12,4500.0,1.45,19,24,0,21,0,0,0,0
66901.43,12000.0,5.58,14,9,5,12,0,0,1,0
1074.89,3000.0,0.36,13,15,0,45,0,0,0,0
2634.98,2000.0,1.32,16,5,0,38,0,0,0,0
2059.83,2000.0,1.03,10,3,0,37,0,0,0,0
10443.34,2000.0,5.22,18,26,5,37,1,0,2,1
13978.95,6000.0,2.33,15,19,1,43,1,0,0,0
2797.76,1500.0,1.87,10,7,1,38,0,0,0,0
14045.47,12000.0,1.17,17,4,0,38,0,0,0,0
10053.67,4500.0,2.23,20,18,0,13,0,0,0,0
2547.76,2500.0,1.02,15,11,1,12,0,0,1,0
3662.9,3000.0,1.22,17,19,1,37,0,0,0,0
1981.65,1500.0,1.32,18,16,0,24,0,0,1,0
2251.46,2500.0,0.9,14,7,0,45,0,0,0,0
2784.72,6000.0,0.46,0,22,0,49,0,0,0,0
8573.03,12000.0,0.71,9,4,2,26,0,0,0,0
1591.52,2000.0,0.8,15,3,0,42,0,0,0,0
5005.18,8000.0,0.63,9,20,0,34,0,0,0,0
3570.5,3000.0,1.19,11,4,0,43,0,0,0,0
2747.98,2000.0,1.37,17,20,1,30,0,0,1,0
17731.91,12000.0,1.48,1,9,0,47,0,0,0,0
2022.92,3000.0,0.67,10,11,0,50,0,0,0,0
23537.03,12000.0,1.96,11,20,0,14,0,0,0,0
2833.43,2000.0,1.42,10,3,1,30,0,0,0,0
11689.76,12000.0,0.97,18,16,0,16,0,0,0,0
13491.94,12000.0,1.12,20,1,0,37,0,0,0,0
10371.21,12000.0,0.86,12,11,0,28,1,0,0,0
2330.14,2500.0,0.93,7,8,0,49,0,0,0,0
3076.74,2500.0,1.23,20,1,0,48,0,0,0,0
10746.47,8000.0,1.34,22,9,0,27,0,0,0,0
11975.36,3000.0,3.99,12,20,8,9,0,0,1,1
1061.24,1500.0,0.71,9,27,0,16,0,0,0,0
9354.16,8000.0,1.17,19,26,1,38,0,0,0,0
21448.63,6000.0,3.57,20,10,3,19,1,1,1,0
6162.18,8000.0,0.77,14,4,1,31,0,0,0,0
10525.93,12000.0,0.88,10,27,0,28,0,0,0,0
7411.88,6000.0,1.24,12,14,0,50,0,0,0,0
1421.16,2000.0,0.71,18,16,0,5,0,0,0,0
19366.75,12000.0,1.61,19,21,1,6,0,0,0,0
1309.39,1500.0,0.87,13,26,0,35,0,0,0,0
2365.84,1500.0,1.58,7,13,0,45,0,0,0,0
3614.44,6000.0,0.6,10,13,0,35,0,0,0,0
1516.16,1500.0,1.01,13,27,2,43,0,0,0,0
2335.68,3000.0,0.78,12,4,0,11,0,0,1,0
2492.89,4500.0,0.55,6,19,0,23,0,0,0,0
1127.18,2000.0,0.56,13,7,0,42,0,0,1,0
2789.03,2500.0,1.12,18,11,0,25,0,0,1,0
7830.21,6000.0,1.31,13,28,0,38,0,0,0,0
6817.23,6000.0,1.14,12,26,0,18,1,0,0,0
8232.78,1500.0,5.49,13,4,4,30,1,1,1,0
9688.05,12000.0,0.81,12,9,0,47,0,0,0,0
92377.96,4000.0,23.09,0,13,6,17,1,1,1,1
1684.91,2500.0,0.67,7,24,0,43,0,0,0,0
5208.46,6000.0,0.87,14,2,0,25,0,0,0,0
2044.57,3000.0,0.68,13,12,0,21,0,0,0,0
4555.82,2000.0,2.28,13,14,0,46,0,0,0,0
3006.48,3000.0,1.0,8,19,0,11,0,0,0,0
1461.87,1500.0,0.97,20,3,2,44,0,0,0,0
91941.52,2500.0,36.78,8,25,6,26,1,1,1,1
30455.08,4000.0,7.61,8,20,6,6,1,1,1,1
10790.55,2000.0,5.4,16,4,4,40,0,0,0,0
1274.75,2500.0,0.51,10,20,0,12,0,0,0,0
4872.25,3000.0,1.62,16,2,0,21,0,0,0,0
18409.17,4000.0,4.6,11,12,4,35,1,0,1,1
5279.25,8000.0,0.66,4,20,0,43,0,0,1,0
24660.84,4500.0,5.48,16,11,3,7,1,0,2,0
11687.11,12000.0,0.97,10,15,0,47,0,0,0,0
7540.49,12000.0,0.63,7,4,0,13,0,0,1,0
6184.07,3000.0,2.06,14,15,0,19,0,0,0,0
2987.4,6000.0,0.5,10,24,0,14,0,0,0,0
2952.69,4500.0,0.66,18,8,0,16,0,0,0,0
6397.32,8000.0,0.8,14,27,0,49,0,0,0,0
3618.01,2000.0,1.81,14,7,0,29,0,0,0,0
3852.07,4500.0,0.86,10,5,0,29,0,0,1,0
5891.4,8000.0,0.74,6,16,0,35,0,0,0,0
753.05,1500.0,0.5,10,14,0,20,0,0,0,0
34621.89,8000.0,4.33,15,14,3,49,0,0,0,0
8482.1,2500.0,3.39,22,5,6,18,1,0,2,1
9836.21,8000.0,1.23,15,4,0,30,0,0,0,0
1293.6,1500.0,0.86,9,10,0,30,0,0,1,0
1362.91,2000.0,0.68,11,12,0,35,0,0,0,0
3184.23,3000.0,1.06,7,26,0,48,0,0,1,0
1387.32,1500.0,0.92,11,26,0,23,0,0,0,0
3299.88,2000.0,1.65,21,25,0,22,0,0,0,0
3370.22,8000.0,0.42,7,16,0,14,0,0,0,0
2469.03,3000.0,0.82,20,16,1,38,0,0,0,0
774.73,1500.0,0.52,14,24,0,45,0,0,0,0
4510.25,4500.0,1.0,15,26,0,41,0,0,0,0
2901.97,3000.0,0.97,13,11,0,27,0,0,1,0
3554.05,2500.0,1.42,16,26,0,42,0,0,0,0
6665.15,6000.0,1.11,13,2,0,20,0,0,1,0
8518.12,8000.0,1.06,18,15,0,28,0,0,0,0
7163.78,3000.0,2.39,7,4,0,34,0,0,0,0
33526.2,2500.0,13.41,14,1,2,15,1,0,2,1
2467.58,2500.0,0.99,12,11,0,6,0,0,0,0
7172.84,6000.0,1.2,9,18,0,31,0,0,0,0
15461.47,12000.0,1.29,17,11,0,15,0,0,0,0
4447.39,2500.0,1.78,10,17,0,23,0,0,1,0
6114.17,4500.0,1.36,16,14,1,39,1,0,0,0
3007.25,4500.0,0.67,8,23,2,12,0,0,1,0
2597.67,3000.0,0.87,13,26,0,30,1,0,0,0
3152.63,2500.0,1.26,20,22,0,24,0,0,2,0
4917.54,8000.0,0.61,11,8,0,19,0,0,0,0
2854.23,3000.0,0.95,18,13,0,47,0,0,0,0
5204.78,4500.0,1.16,12,18,1,15,0,0,0,0
3207.27,4500.0,0.71,12,15,0,8,0,0,0,0
9205.79,6000.0,1.53,11,20,0,17,0,0,2,0
1265.3,1500.0,0.84,7,24,0,47,0,0,0,0
3537.46,3000.0,1.18,6,12,1,29,0,0,0,0
2773.64,6000.0,0.46,9,23,0,9,0,0,0,0
7188.81,12000.0,0.6,10,25,0,49,0,0,1,0
3300.89,3000.0,1.1,12,6,0,16,0,0,1,0
10782.87,3000.0,3.59,19,17,3,43,0,1,1,0
61945.61,12000.0,5.16,18,25,5,28,1,1,1,0
8647.78,4500.0,1.92,20,19,1,22,0,0,0,0
2694.23,2000.0,1.35,17,13,0,33,0,0,0,0
7292.5,6000.0,1.22,8,18,0,33,0,0,0,0
1936.67,3000.0,0.65,9,17,0,23,0,0,0,0
10336.01,12000.0,0.86,7,23,0,13,0,0,0,0
6642.19,6000.0,1.11,16,10,0,48,0,0,1,0
30895.57,6000.0,5.15,17,3,5,20,1,0,2,0
1681.52,2000.0,0.84,12,28,0,38,0,0,0,0
6280.29,8000.0,0.79,0,16,0,5,0,0,0,0
17544.42,3000.0,5.85,10,13,5,32,0,0,0,0
3873.65,4500.0,0.86,19,10,0,36,0,0,0,0
2822.63,2500.0,1.13,18,26,0,36,0,0,0,0
8536.29,8000.0,1.07,6,1,0,49,0,0,0,0
6061.9,6000.0,1.01,13,20,0,25,0,1,0,0
2177.66,2500.0,0.87,9,3,0,14,0,0,0,0
1357.05,2500.0,0.54,11,7,0,39,0,0,0,0
24402.8,2500.0,9.76,1,27,7,6,1,1,2,1
2515.31,2000.0,1.26,11,16,0,43,0,0,0,0
11561.33,12000.0,0.96,15,26,0,18,0,0,0,0
16459.47,8000.0,2.06,15,14,0,30,0,0,0,0
2460.75,8000.0,0.31,10,25,0,13,0,0,0,0
1901.65,2500.0,0.76,10,7,0,17,0,0,0,0
10017.37,8000.0,1.25,12,7,0,27,0,0,1,0
19581.09,2500.0,7.83,2,16,8,37,1,1,1,1
2854.17,2500.0,1.14,11,18,0,6,0,0,0,0
5366.09,4500.0,1.19,18,27,0,47,0,0,0,0
67776.95,2000.0,33.89,3,28,4,47,1,1,2,1
19681.42,12000.0,1.64,11,12,0,16,0,0,0,0
9543.58,8000.0,1.19,17,28,0,20,0,0,0,0
2433.21,2500.0,0.97,13,8,0,50,0,0,0,0
1783.68,2000.0,0.89,7,25,1,31,0,0,0,0
995.34,1500.0,0.66,13,22,0,35,0,0,0,0
3376.0,3000.0,1.13,10,22,0,28,0,0,0,0
1473.08,2000.0,0.74,11,27,0,36,0,0,1,0
10029.56,12000.0,0.84,19,6,0,42,0,0,0,0
4544.46,6000.0,0.76,6,23,0,17,0,0,0,0
22720.24,6000.0,3.79,13,11,3,47,1,0,2,0
1587.66,2000.0,0.79,12,26,0,40,0,0,0,0
9661.71,12000.0,0.81,16,26,0,17,0,0,0,0
4163.79,4500.0,0.93,12,16,0,43,0,0,1,0
1293.85,1500.0,0.86,12,1,0,43,0,0,0,0
28004.74,12000.0,2.33,10,22,0,27,0,0,0,0
15023.64,12000.0,1.25,20,20,0,49,0,0,0,0
817.91,1500.0,0.55,18,15,0,44,0,0,1,0
2349.7,2500.0,0.94,17,8,0,28,0,0,1,0
8157.2,2000.0,4.08,13,25,3,49,0,1,2,0
11636.15,12000.0,0.97,9,9,0,19,0,0,1,0
4109.32,4500.0,0.91,7,7,0,8,0,0,0,0
4867.39,8000.0,0.61,11,3,1,45,0,0,0,0
2275.83,2500.0,0.91,21,25,0,30,0,0,0,0
3898.84,3000.0,1.3,11,14,1,42,0,0,0,0
32906.52,3000.0,10.97,0,24,7,28,1,1,2,1
1893.5,2500.0,0.76,8,13,1,8,0,0,0,0
5041.59,6000.0,0.84,8,11,0,48,0,0,0,0
9922.76,2000.0,4.96,14,4,4,40,1,0,0,0
7676.93,1500.0,5.12,16,13,5,5,1,0,1,0
5467.94,6000.0,0.91,19,21,0,17,0,0,0,0
9699.28,2500.0,3.88,13,27,5,48,1,0,2,0
2714.07,3000.0,0.9,17,14,0,34,0,0,0,0
13132.92,3000.0,4.38,15,8,4,47,1,0,1,0
3331.97,4500.0,0.74,10,26,0,8,0,0,0,0
34200.11,2000.0,17.1,0,16,6,49,1,1,2,1
1040.0,1500.0,0.69,8,16,0,49,0,0,0,0
21669.66,4500.0,4.82,12,11,5,35,1,1,1,0
3535.32,3000.0,1.18,16,5,0,43,0,0,0,0
2941.56,4500.0,0.65,16,15,1,39,0,0,0,0
6282.46,6000.0,1.05,18,8,0,41,0,0,0,0
6186.47,8000.0,0.77,1,24,0,9,0,0,0,0
2715.18,3000.0,0.91,19,21,0,32,0,0,0,0
4282.35,2500.0,1.71,5,13,0,27,0,0,0,0
5207.04,12000.0,0.43,10,22,0,19,0,0,0,0
3427.48,3000.0,1.14,22,1,0,23,0,0,0,0
86573.88,4000.0,21.64,1,25,4,46,1,1,2,1
2693.48,2500.0,1.08,19,12,0,15,0,0,0,0
10413.15,6000.0,1.74,12,21,0,41,0,0,0,0
7873.74,12000.0,0.66,22,4,0,43,0,0,0,0
4437.85,2500.0,1.78,18,7,0,20,0,0,0,0
3309.17,3000.0,1.1,13,5,0,40,0,1,0,0
1672.27,2000.0,0.84,8,2,0,45,0,0,0,0
5652.02,3000.0,1.88,13,16,0,22,0,0,0,0
4859.61,6000.0,0.81,13,25,0,46,0,0,0,0
6240.83,1500.0,4.16,9,24,4,48,1,1,1,0
2772.0,2500.0,1.11,17,9,0,48,0,0,1,0
17475.88,3000.0,5.83,20,25,5,10,0,0,2,0
9069.76,8000.0,1.13,15,5,0,35,0,0,0,0
1430.36,1500.0,0.95,15,22,0,36,0,0,0,0
15553.1,3000.0,5.18,20,9,3,8,1,1,1,1
5097.74,4500.0,1.13,19,8,0,28,0,0,0,0
693.5,1500.0,0.46,16,4,0,11,0,0,0,0
6490.33,8000.0,0.81,10,14,0,10,0,0,0,0
6455.42,4500.0,1.43,12,7,0,34,0,0,0,0
7410.76,12000.0,0.62,21,13,0,28,0,0,0,0
5934.85,3000.0,1.98,18,12,0,30,0,0,0,0
1880.31,2500.0,0.75,19,28,0,11,0,0,0,0
2629.92,3000.0,0.88,21,17,0,31,0,0,1,0
3186.62,4500.0,0.71,11,13,0,13,0,0,0,0
7142.3,8000.0,0.89,7,4,0,15,0,0,0,0
1516.4,2000.0,0.76,14,14,0,27,0,0,0,0
10645.75,12000.0,0.89,13,2,0,43,0,0,0,0
7778.1,4500.0,1.73,16,21,0,36,0,0,1,0
2145.26,2000.0,1.07,11,19,0,40,0,0,0,0
10767.52,2000.0,5.38,9,9,4,27,1,0,1,1
1843.07,2500.0,0.74,17,10,0,18,0,0,0,0
946.74,1500.0,0.63,10,20,0,22,0,0,0,0
1830.6,2500.0,0.73,22,3,0,11,0,0,0,0
15860.34,4500.0,3.52,16,18,3,27,1,0,2,0
3334.22,2000.0,1.67,17,5,0,37,0,0,0,0
11530.66,2000.0,5.77,16,26,3,24,0,0,1,0
2533.43,2500.0,1.01,15,8,0,23,0,0,0,0
7607.81,8000.0,0.95,16,13,0,26,0,0,1,0
16474.94,12000.0,1.37,11,22,0,41,0,0,0,0
37984.41,8000.0,4.75,7,26,5,45,1,0,1,0
22019.28,6000.0,3.67,13,4,4,38,0,0,1,0
3154.06,6000.0,0.53,5,14,0,31,0,0,0,0
3736.27,4500.0,0.83,0,21,0,45,0,0,0,0
1414.87,1500.0,0.94,7,12,0,8,0,0,0,0
3778.69,3000.0,1.26,20,16,0,11,0,0,0,0
17301.92,4500.0,3.84,18,24,5,6,1,0,1,0
27818.68,6000.0,4.64,3,5,5,35,0,1,1,0
2373.53,2000.0,1.19,13,6,0,11,0,0,0,0
5670.86,4500.0,1.26,10,3,0,50,0,0,0,0
12345.29,2500.0,4.94,12,3,11,35,1,1,2,1
20070.14,12000.0,1.67,9,6,1,15,0,0,0,0
5661.91,3000.0,1.89,10,8,0,26,0,0,0,0
3117.01,4500.0,0.69,17,20,0,14,0,0,0,0
7390.96,8000.0,0.92,17,5,0,16,0,0,0,0
2411.02,1500.0,1.61,11,20,0,11,0,0,0,0
1823.17,2000.0,0.91,15,13,0,43,0,0,0,0
10913.83,2000.0,5.46,19,9,4,24,0,1,1,0
1535.03,2000.0,0.77,6,1,0,44,0,0,0,0
8060.44,8000.0,1.01,17,26,0,22,0,0,0,0
4203.57,4500.0,0.93,8,18,1,22,0,0,0,0
1643.72,3000.0,0.55,18,23,0,24,0,0,2,0
3026.25,3000.0,1.01,17,20,0,28,0,1,0,0
1170.9,2000.0,0.59,13,28,0,46,1,0,0,0
29583.66,6000.0,4.93,7,25,3,6,1,0,1,0
8251.93,8000.0,1.03,10,1,0,9,0,0,0,0
1812.78,1500.0,1.21,16,7,0,5,0,0,0,0
2966.74,3000.0,0.99,9,1,0,15,0,0,0,0
1998.86,2000.0,1.0,13,21,0,30,0,0,0,0
2494.96,2500.0,1.0,13,23,0,23,0,0,1,0
7371.0,8000.0,0.92,20,24,0,11,0,0,0,0
3833.94,6000.0,0.64,12,21,0,16,0,0,1,0
5344.63,6000.0,0.89,20,22,1,40,0,0,1,0
14259.17,12000.0,1.19,15,11,0,16,0,1,0,0
9633.29,6000.0,1.61,7,15,0,42,0,0,0,0
5762.79,4500.0,1.28,1,26,0,12,0,0,0,0
19144.86,4500.0,4.25,16,6,3,32,1,0,1,0
1039.11,3000.0,0.35,19,19,0,14,0,0,0,0
13365.01,12000.0,1.11,15,7,0,18,0,0,1,0
20704.45,4500.0,4.6,11,2,4,35,0,0,1,0
2059.38,2000.0,1.03,12,5,0,8,0,0,0,0
3016.21,4500.0,0.67,7,15,0,10,1,0,0,0
11682.58,12000.0,0.97,15,17,0,41,0,0,0,0
5354.52,12000.0,0.45,11,27,0,38,0,0,2,0
2745.35,4500.0,0.61,13,15,1,5,0,0,0,0
10736.24,12000.0,0.89,19,24,0,6,0,0,0,0
11460.03,1500.0,7.64,22,4,5,18,0,1,1,1
2843.92,4500.0,0.63,18,19,0,39,0,0,0,0
2827.0,2500.0,1.13,15,17,0,21,0,0,0,0
2757.18,3000.0,0.92,10,1,0,41,0,0,0,0
6098.34,1500.0,4.07,13,24,3,47,1,0,1,0
2356.05,2500.0,0.94,16,15,0,48,0,0,0,0
10987.84,2000.0,5.49,10,14,3,34,1,0,2,1
1998.21,1500.0,1.33,9,17,0,23,0,0,1,0
4722.91,3000.0,1.57,10,5,2,34,0,0,0,0
7286.03,2000.0,3.64,17,24,4,28,0,1,2,0
24668.76,1500.0,16.45,1,12,9,16,1,1,2,1
27816.45,6000.0,4.64,19,28,5,24,0,0,1,0
20810.1,4500.0,4.62,11,3,4,39,1,0,1,0
12673.56,8000.0,1.58,10,4,0,14,0,0,0,0
19510.74,4000.0,4.88,15,16,3,41,1,1,1,1
10268.31,2000.0,5.13,8,3,5,28,1,1,1,0
7197.38,4500.0,1.6,16,24,0,35,0,0,0,0
4551.21,2500.0,1.82,10,27,1,50,0,0,1,0
6625.06,4500.0,1.47,22,3,0,19,0,1,0,0
1223.87,1500.0,0.82,9,22,2,40,0,0,0,0
2122.29,2500.0,0.85,17,1,0,34,0,0,0,0
67923.08,4000.0,16.98,2,16,6,39,1,1,2,1
3711.96,2000.0,1.86,8,4,0,45,0,0,1,0
7192.71,8000.0,0.9,10,15,0,11,0,0,0,0
6563.86,4500.0,1.46,13,8,0,33,0,0,0,0
2962.31,3000.0,0.99,16,7,0,12,0,0,0,0
2727.01,2500.0,1.09,17,7,0,25,0,0,0,0
6314.53,6000.0,1.05,0,23,2,40,0,0,0,0
24267.0,12000.0,2.02,10,20,0,32,0,0,1,0
8090.37,4500.0,1.8,8,27,0,49,0,0,0,0
11501.24,8000.0,1.44,13,2,0,17,0,0,0,0
5575.14,6000.0,0.93,10,25,0,45,0,0,0,0
5710.12,8000.0,0.71,16,25,1,14,0,0,0,0
3928.04,3000.0,1.31,8,11,0,43,0,0,0,0
3599.07,3000.0,1.2,8,3,0,37,0,0,0,0
1822.22,2500.0,0.73,17,18,0,46,0,0,0,0
7183.16,8000.0,0.9,15,12,0,12,0,0,0,0
2947.55,3000.0,0.98,22,5,1,6,0,0,0,0
1603.79,2500.0,0.64,12,21,0,32,0,0,0,0
12415.46,12000.0,1.03,18,16,0,40,0,0,0,0
7180.91,6000.0,1.2,15,24,1,49,0,0,0,0
12438.87,2500.0,4.98,11,27,4,23,1,0,1,1
5694.5,4500.0,1.27,17,6,0,18,0,0,0,0
9727.76,8000.0,1.22,11,18,0,27,0,1,0,0
5739.86,6000.0,0.96,17,10,1,22,0,0,1,0
5260.18,4500.0,1.17,11,3,0,28,0,0,1,0
9013.34,6000.0,1.5,18,10,0,21,0,0,0,0
12856.24,2500.0,5.14,12,14,3,29,1,0,1,1
4733.45,1500.0,3.16,9,2,8,16,1,1,2,1
7938.83,1500.0,5.29,22,19,4,24,1,0,1,1
3548.32,6000.0,0.59,9,20,0,32,0,0,0,0
6477.87,8000.0,0.81,18,11,0,34,0,0,1,0
4760.28,2500.0,1.9,18,22,0,40,0,0,0,0
11862.03,2500.0,4.74,17,10,3,48,1,0,1,0
2991.19,2000.0,1.5,20,3,0,9,0,0,0,0
2542.25,3000.0,0.85,16,11,0,42,0,0,0,0
2172.63,2500.0,0.87,14,6,1,30,0,0,1,0
7451.79,1500.0,4.97,19,22,5,24,0,0,1,0
6804.53,8000.0,0.85,19,23,0,7,0,0,0,0
4310.69,4500.0,0.96,17,17,1,6,0,0,0,0
35706.17,8000.0,4.46,16,6,3,32,1,1,1,0
2457.85,1500.0,1.64,19,20,0,41,0,0,0,0
11723.73,4000.0,2.93,4,16,5,18,1,1,1,1
4868.5,8000.0,0.61,13,20,0,25,0,0,0,0
15892.17,8000.0,1.99,9,27,0,30,0,0,0,0
8349.61,12000.0,0.7,11,16,1,22,0,0,1,0
91669.5,4000.0,22.92,3,5,3,9,1,1,2,1
2575.72,2000.0,1.29,15,7,0,44,0,0,0,0
3282.32,3000.0,1.09,18,14,0,45,0,0,0,0
4650.38,6000.0,0.78,22,28,0,19,0,0,0,0
11582.75,8000.0,1.45,16,24,1,14,0,0,0,0
3058.88,2500.0,1.22,10,13,0,32,0,0,0,0
1211.15,1500.0,0.81,9,28,0,14,0,0,1,0
3186.68,2000.0,1.59,7,1,0,28,0,0,0,0
12127.39,8000.0,1.52,23,11,1,39,0,0,0,0
2375.26,2500.0,0.95,12,3,0,26,0,0,1,0
10322.15,12000.0,0.86,13,5,0,35,0,0,0,0
10037.02,6000.0,1.67,18,4,1,40,0,0,0,0
1378.67,1500.0,0.92,10,1,0,12,0,0,0,0
1555.6,1500.0,1.04,15,3,0,41,0,0,0,0
14673.36,6000.0,2.45,11,19,0,41,0,0,0,0
4956.99,4500.0,1.1,7,23,0,34,0,0,1,0
1667.91,2000.0,0.83,9,7,0,46,0,0,0,0
16294.32,8000.0,2.04,12,14,0,28,0,0,0,0
4945.05,3000.0,1.65,19,14,0,20,0,0,0,0
5860.49,6000.0,0.98,18,22,0,7,0,0,0,0
1833.11,2500.0,0.73,12,23,0,22,0,0,0,0
1376.78,1500.0,0.92,0,22,0,16,0,0,0,0
9353.0,2000.0,4.68,9,6,4,11,1,0,1,1
5559.46,2500.0,2.22,10,5,1,6,0,0,0,0
1702.92,1500.0,1.14,18,18,1,26,0,0,0,0
2978.33,3000.0,0.99,21,1,0,25,0,0,0,0
3291.17,3000.0,1.1,16,8,0,16,0,0,0,0
7806.55,8000.0,0.98,11,3,1,31,0,0,0,0
6520.63,6000.0,1.09,19,11,0,31,0,0,0,0
73675.59,4000.0,18.42,5,9,5,13,1,1,2,1
3252.7,2500.0,1.3,23,28,0,47,0,0,0,0
784.69,1500.0,0.52,16,1,0,36,0,0,0,0
18972.26,8000.0,2.37,20,14,1,40,0,0,0,0
4051.05,6000.0,0.68,15,12,2,7,0,0,0,0
4544.58,4500.0,1.01,12,10,0,47,0,0,1,0
2718.65,1500.0,1.81,8,25,0,37,0,0,0,0
2742.43,4500.0,0.61,9,22,0,45,0,0,0,0
6854.32,8000.0,0.86,17,13,1,33,0,0,0,0
3792.76,2500.0,1.52,13,7,0,22,0,0,0,0
2220.23,1500.0,1.48,9,21,0,37,0,0,0,0
1831.58,3000.0,0.61,15,4,0,5,0,0,0,0
2828.78,2500.0,1.13,17,8,0,47,0,0,0,0
7966.04,1500.0,5.31,7,21,5,11,0,1,1,0
3677.27,4500.0,0.82,6,28,0,46,0,0,0,0
10529.39,12000.0,0.88,7,22,0,37,0,0,0,0
769.5,1500.0,0.51,22,3,1,8,0,0,0,0
1119.7,3000.0,0.37,19,6,0,33,0,0,0,0
2863.79,2000.0,1.43,10,23,0,46,0,0,0,0
1874.98,3000.0,0.62,16,12,0,30,0,0,0,0
3058.06,4500.0,0.68,12,9,2,32,0,0,0,0
8752.42,8000.0,1.09,17,28,0,24,0,1,0,0
17982.05,2500.0,7.19,7,22,9,39,1,1,2,1
2116.2,3000.0,0.71,18,26,0,45,0,0,0,0
945.08,1500.0,0.63,17,15,0,39,0,0,0,0
1153.72,1500.0,0.77,11,26,1,8,0,0,0,0
11136.22,6000.0,1.86,19,8,0,29,0,0,0,0
2061.51,1500.0,1.37,16,16,0,20,0,0,0,0
16985.99,3000.0,5.66,13,27,5,14,1,0,1,0
1317.41,1500.0,0.88,11,2,1,25,0,0,0,0
6333.72,4500.0,1.41,18,20,0,50,0,0,0,0
3033.83,2000.0,1.52,8,4,0,14,0,0,0,0
5500.55,6000.0,0.92,16,18,0,10,0,0,0,0
3160.78,2000.0,1.58,16,8,0,21,0,0,1,0
1818.95,2500.0,0.73,21,22,0,25,0,0,0,0
692.64,2000.0,0.35,19,26,0,16,0,0,0,0
132678.86,4000.0,33.17,10,4,5,49,1,1,0,1
11672.02,12000.0,0.97,16,20,0,47,0,0,0,0
53322.75,12000.0,4.44,11,10,3,34,1,0,2,0
2028.14,2000.0,1.01,10,9,0,31,1,0,0,0
1976.9,1500.0,1.32,9,6,0,15,0,0,0,0
2141.31,2500.0,0.86,18,20,1,21,0,0,0,0
8606.57,6000.0,1.43,7,26,0,30,0,0,0,0
3861.49,2500.0,1.54,13,28,0,26,0,0,1,0
13516.27,8000.0,1.69,16,9,0,12,0,0,0,0
2217.94,1500.0,1.48,0,23,0,38,0,0,0,0
2817.26,2500.0,1.13,9,20,0,37,0,0,0,0
2136.96,2000.0,1.07,11,17,1,27,0,0,0,0
20049.83,12000.0,1.67,22,20,0,44,0,0,0,0
18486.65,3000.0,6.16,20,1,12,5,1,0,1,1
4272.7,6000.0,0.71,15,17,0,45,0,0,0,0
12558.36,12000.0,1.05,14,19,0,43,0,0,0,0
5183.25,4500.0,1.15,13,17,0,27,0,0,1,0
3303.56,2000.0,1.65,5,20,0,32,0,0,0,0
1156.88,2500.0,0.46,17,24,0,28,0,0,0,0
2762.08,3000.0,0.92,17,22,0,6,0,0,0,0
2826.2,2500.0,1.13,11,5,0,17,0,0,1,0
4874.72,12000.0,0.41,18,16,0,17,0,0,0,0
7295.61,6000.0,1.22,6,6,0,32,0,0,0,0
11189.0,12000.0,0.93,6,20,0,46,0,0,0,0
24503.6,6000.0,4.08,0,1,3,33,0,0,1,0
5813.46,12000.0,0.48,21,16,0,39,0,0,1,0
1319.42,2000.0,0.66,8,20,0,10,0,0,0,0
42359.33,12000.0,3.53,16,1,5,11,0,0,1,0
2282.12,2000.0,1.14,9,19,0,30,0,0,0,0
16286.92,3000.0,5.43,15,18,3,49,1,1,0,0
12165.94,12000.0,1.01,14,2,0,19,0,0,0,0
9483.35,6000.0,1.58,12,26,0,22,0,0,0,0
2902.36,2500.0,1.16,15,1,0,47,0,0,0,0
35711.17,6000.0,5.95,18,9,3,50,1,0,1,0
14191.53,12000.0,1.18,17,13,0,35,0,0,0,0
5527.5,12000.0,0.46,9,2,0,17,0,0,1,0
9301.58,6000.0,1.55,12,19,0,22,0,0,0,0
97296.26,2500.0,38.92,8,1,3,37,1,1,0,1
3652.08,6000.0,0.61,19,5,0,49,1,0,0,0
8800.46,12000.0,0.73,9,18,0,8,0,0,0,0
3539.59,2000.0,1.77,13,3,0,30,0,0,0,0
3727.24,3000.0,1.24,15,7,0,35,0,0,2,0
14852.3,2500.0,5.94,10,23,3,49,1,0,0,0
12261.34,8000.0,1.53,13,27,0,43,0,0,0,0
7628.51,4500.0,1.7,14,24,0,13,0,0,0,0
2168.98,1500.0,1.45,19,23,1,30,0,0,0,0
19003.67,12000.0,1.58,16,28,1,46,0,0,0,0
5069.47,4500.0,1.13,19,22,0,19,0,1,0,0
6970.66,8000.0,0.87,9,1,1,17,0,0,0,0
19713.83,12000.0,1.64,10,15,2,23,0,0,0,0
35738.51,6000.0,5.96,21,22,4,44,1,0,1,0
19921.49,12000.0,1.66,9,26,0,17,0,0,0,0
3747.78,4500.0,0.83,11,4,0,43,0,0,0,0
4651.49,3000.0,1.55,21,9,1,23,0,0,0,0
1693.5,2500.0,0.68,11,16,0,18,0,0,0,0
2790.15,3000.0,0.93,18,18,1,25,0,0,0,0
1173.74,2500.0,0.47,10,22,0,46,0,0,0,0
1298.58,2000.0,0.65,17,20,0,19,0,0,0,0
8894.54,4500.0,1.98,12,14,0,31,0,0,1,0
1837.01,2000.0,0.92,14,17,0,28,0,0,1,0
7248.3,12000.0,0.6,11,3,0,19,0,0,0,0
3461.19,6000.0,0.58,18,13,0,29,0,0,2,0
10404.24,2500.0,4.16,14,12,4,41,1,1,2,0
12600.55,12000.0,1.05,11,10,0,30,0,0,0,0
7144.79,6000.0,1.19,7,10,0,37,0,0,0,0
4412.25,6000.0,0.74,18,9,0,5,0,0,0,0
1780.87,2000.0,0.89,12,13,0,16,0,0,0,0
5572.32,3000.0,1.86,7,24,0,9,0,0,0,0
4381.76,6000.0,0.73,17,17,0,7,0,0,0,0
6366.8,12000.0,0.53,11,15,0,7,0,0,0,0
5547.72,8000.0,0.69,21,19,0,7,0,0,0,0
5186.89,4500.0,1.15,20,1,0,22,0,0,0,0
11183.76,6000.0,1.86,12,27,1,44,0,0,0,0
1526.74,2000.0,0.76,15,3,0,21,0,0,0,0
5374.04,4500.0,1.19,9,27,0,21,0,0,0,0
2624.21,3000.0,0.87,10,2,1,40,0,0,0,0
3824.0,8000.0,0.48,17,26,0,38,0,0,0,0
7640.67,1500.0,5.09,6,17,4,48,1,0,1,0
4027.16,3000.0,1.34,14,27,0,45,0,0,0,0
3165.45,3000.0,1.06,7,18,0,21,0,0,0,0
1865.66,2000.0,0.93,14,14,0,46,0,0,1,0
17713.2,12000.0,1.48,18,13,0,36,0,0,0,0
12078.53,8000.0,1.51,12,14,0,28,0,0,0,0
20104.78,12000.0,1.68,9,19,0,5,0,1,0,0
4378.64,4500.0,0.97,18,3,0,42,0,0,0,0
11158.26,8000.0,1.39,20,19,0,12,0,0,0,0
7547.88,6000.0,1.26,19,10,0,32,0,0,1,0
3357.32,3000.0,1.12,17,12,0,13,0,0,1,0
1229.82,1500.0,0.82,8,7,0,11,0,0,0,0
2603.74,2500.0,1.04,16,1,0,45,0,0,0,0
1258.82,3000.0,0.42,19,3,0,41,0,0,0,0
4283.12,3000.0,1.43,10,22,0,9,0,0,0,0
10418.37,4500.0,2.32,9,25,1,11,0,0,0,0
2376.92,2500.0,0.95,8,17,0,42,0,0,0,0
4371.24,8000.0,0.55,9,18,0,18,0,0,0,0
7156.97,8000.0,0.89,16,3,0,24,0,0,0,0
9335.5,12000.0,0.78,8,21,0,31,1,1,0,0
8404.4,12000.0,0.7,12,2,0,15,0,0,0,0
10818.05,2000.0,5.41,13,27,5,5,1,1,1,0
1719.76,2000.0,0.86,10,7,0,23,0,0,0,0
1879.94,4500.0,0.42,13,11,0,27,0,0,0,0
9208.74,12000.0,0.77,15,15,0,16,0,0,0,0
2885.0,4500.0,0.64,11,1,0,41,0,0,1,0
2223.23,1500.0,1.48,6,22,0,24,0,0,0,0
11540.19,8000.0,1.44,15,6,0,38,0,0,0,0
1911.84,1500.0,1.27,19,17,0,13,0,0,1,0
4514.34,4500.0,1.0,12,28,0,10,0,0,1,0
1901.31,1500.0,1.27,15,12,0,10,0,0,0,0
13019.29,12000.0,1.08,15,4,0,13,0,0,0,0
3619.74,2000.0,1.81,11,8,0,49,0,0,1,0
2090.84,2500.0,0.84,11,9,0,37,0,0,0,0
5417.48,8000.0,0.68,19,5,0,24,0,0,0,0
11356.74,2000.0,5.68,20,4,4,20,0,1,1,0
1501.56,3000.0,0.5,14,8,0,34,0,0,0,0
6470.29,6000.0,1.08,15,16,1,8,0,0,0,0
15595.83,8000.0,1.95,21,19,0,10,1,0,0,0
5070.34,6000.0,0.85,12,24,0,10,0,0,0,0
1304.86,2000.0,0.65,19,27,0,40,0,0,0,0
2791.44,2000.0,1.4,15,12,0,32,1,0,0,0
2630.88,2500.0,1.05,12,22,0,47,0,0,0,0
15724.32,3000.0,5.24,17,20,4,7,1,0,2,1
1831.38,2500.0,0.73,20,25,1,41,0,0,0,0
3978.35,6000.0,0.66,1,12,1,34,0,0,0,0
1034.71,1500.0,0.69,7,22,0,12,0,0,0,0
4806.81,3000.0,1.6,10,21,0,48,0,0,0,0
3826.19,6000.0,0.64,11,28,0,12,0,0,1,0
13012.36,2500.0,5.2,21,19,4,32,1,0,0,0
6082.72,3000.0,2.03,17,9,0,34,0,0,1,0
1765.87,2000.0,0.88,18,15,0,50,0,0,2,0
4051.23,4500.0,0.9,15,12,0,50,0,0,0,0
7208.38,12000.0,0.6,21,25,0,33,0,0,0,0
2794.19,3000.0,0.93,12,20,0,42,0,0,0,0
7717.89,6000.0,1.29,11,27,1,17,0,0,1,0
5658.89,4500.0,1.26,11,26,0,20,0,0,0,0
3946.87,4500.0,0.88,9,2,0,19,0,0,0,0
2037.9,2000.0,1.02,6,3,1,17,0,0,0,0
24570.07,6000.0,4.1,14,16,5,18,1,1,2,0
9826.27,8000.0,1.23,9,3,0,14,0,0,0,0
4216.04,8000.0,0.53,8,28,0,13,0,1,0,0
5262.16,6000.0,0.88,10,8,0,7,0,0,0,0
12956.2,12000.0,1.08,13,6,0,36,0,0,0,0
2207.85,2000.0,1.1,18,1,0,25,0,0,0,0
4515.98,6000.0,0.75,13,15,0,10,0,0,0,0
5230.73,8000.0,0.65,17,13,0,26,0,0,0,0
7098.38,6000.0,1.18,22,5,0,8,0,0,0,0
11961.3,12000.0,1.0,18,20,0,11,0,0,0,0
3183.88,3000.0,1.06,12,23,1,35,0,0,0,0
4339.06,2000.0,2.17,10,8,0,40,0,0,0,0
3864.51,3000.0,1.29,17,10,0,45,0,0,0,0
7563.39,6000.0,1.26,11,12,0,33,0,0,0,0
23210.31,6000.0,3.87,0,25,5,50,1,1,1,0
4062.31,4500.0,0.9,8,3,0,36,0,0,0,0
16124.42,12000.0,1.34,15,26,0,28,0,1,0,0
1403.75,1500.0,0.94,13,1,0,15,0,0,0,0
9179.9,4500.0,2.04,10,23,0,41,0,0,0,0
4965.69,8000.0,0.62,12,3,0,11,0,1,0,0
1392.53,2500.0,0.56,13,28,0,27,0,0,0,0
11401.89,2500.0,4.56,10,6,4,29,0,0,1,0
842.33,1500.0,0.56,19,22,0,8,0,0,0,0
3038.98,3000.0,1.01,8,13,0,22,0,0,0,0
4789.68,6000.0,0.8,12,8,0,32,0,0,0,0
8634.53,1500.0,5.76,18,18,5,17,0,1,2,0
21629.83,12000.0,1.8,19,12,0,19,0,0,0,0
17702.87,12000.0,1.48,14,2,0,46,0,0,0,0
19937.64,3000.0,6.65,22,5,7,17,1,1,1,1
10595.97,8000.0,1.32,8,17,1,34,0,0,0,0
26601.92,4500.0,5.91,22,4,3,10,1,0,1,0
4679.85,4500.0,1.04,16,20,0,26,0,0,0,0
11599.37,12000.0,0.97,9,5,0,48,0,0,0,0
7914.89,4500.0,1.76,19,28,1,42,0,0,1,0
16719.89,4500.0,3.72,9,4,4,34,0,1,1,0
7816.52,8000.0,0.98,7,20,0,5,0,0,0,0
1814.5,1500.0,1.21,8,28,0,6,0,0,0,0
2240.65,2000.0,1.12,15,3,2,40,0,0,1,0
2205.69,2000.0,1.1,13,15,0,35,0,0,0,0
1831.69,3000.0,0.61,17,4,0,37,0,0,0,0
2385.39,1500.0,1.59,14,14,0,47,0,0,0,0
2403.69,4500.0,0.53,9,20,0,24,0,0,0,0
3468.0,3000.0,1.16,19,24,0,14,0,0,1,0
3164.58,6000.0,0.53,9,2,0,45,1,0,0,0
6390.81,6000.0,1.07,18,23,0,41,0,0,0,0
2530.25,2500.0,1.01,18,21,1,5,0,0,0,0
6330.22,4500.0,1.41,9,13,0,21,0,0,0,0
10398.09,2500.0,4.16,18,28,3,37,0,0,1,0
14489.32,2500.0,5.8,22,8,4,29,1,1,2,0
3171.17,2000.0,1.59,13,14,0,32,0,0,0,0
1106.04,1500.0,0.74,8,21,0,8,0,0,0,0
2534.55,2500.0,1.01,18,19,0,21,1,0,0,0
7979.85,1500.0,5.32,10,27,5,50,1,0,1,1
1993.61,2000.0,1.0,9,27,0,9,0,1,0,0
56730.5,2500.0,22.69,2,3,4,38,1,1,2,1
2886.15,4500.0,0.64,18,23,0,23,0,0,1,0
4604.17,3000.0,1.53,15,25,0,42,0,0,0,0
2931.22,4500.0,0.65,18,7,0,45,0,0,0,0
32727.64,8000.0,4.09,8,24,4,6,1,1,1,0
4884.47,4500.0,1.09,11,15,0,8,0,0,0,0
54811.8,3000.0,18.27,4,3,6,31,1,1,2,1
1927.71,3000.0,0.64,16,10,1,19,0,0,0,0
5706.72,6000.0,0.95,5,26,0,5,0,0,0,0
16410.88,3000.0,5.47,22,7,3,5,1,1,0,0
1136.81,1500.0,0.76,19,15,1,32,0,0,0,0
1508.05,2000.0,0.75,8,24,0,43,0,0,1,0
4103.22,3000.0,1.37,17,7,0,38,0,0,0,0
3540.08,4500.0,0.79,21,12,1,18,0,0,0,0
3210.82,2500.0,1.28,14,20,0,22,0,0,0,0
6422.09,6000.0,1.07,17,6,0,23,0,0,0,0
9995.85,4500.0,2.22,19,26,0,22,0,0,0,0
5988.22,3000.0,2.0,18,14,0,22,0,0,0,0
9967.42,12000.0,0.83,17,13,0,11,0,0,0,0
1800.86,2000.0,0.9,18,10,0,28,0,0,0,0
1840.49,2000.0,0.92,13,13,0,42,0,0,1,0
3484.36,3000.0,1.16,17,13,0,17,0,0,0,0
2814.93,3000.0,0.94,16,13,0,17,0,0,0,0
2534.08,2500.0,1.01,11,15,0,30,0,0,0,0
4232.14,4500.0,0.94,14,6,0,20,0,0,0,0
22527.6,12000.0,1.88,9,7,0,8,0,0,0,0
1684.07,2000.0,0.84,17,27,1,20,0,0,0,0
8681.71,8000.0,1.09,13,14,0,9,0,0,0,0
7631.26,8000.0,0.95,12,6,1,47,0,0,1,0
3030.61,3000.0,1.01,11,6,2,14,0,0,0,0
7912.6,8000.0,0.99,17,6,0,31,0,0,0,0
12958.2,12000.0,1.08,20,20,0,41,0,0,0,0
5516.5,4500.0,1.23,11,1,0,33,0,0,0,0
5071.95,3000.0,1.69,12,20,0,38,0,0,0,0
2467.88,2500.0,0.99,15,12,0,28,0,0,0,0
64140.83,3000.0,21.38,23,4,8,42,1,1,1,1
6067.99,8000.0,0.76,18,11,0,33,0,0,0,0
2307.51,6000.0,0.38,12,20,0,39,0,0,0,0
6374.9,8000.0,0.8,8,25,0,20,0,0,1,0
2879.55,2500.0,1.15,17,15,0,13,0,0,0,0
4041.33,6000.0,0.67,16,12,0,36,0,0,0,0
1557.68,1500.0,1.04,15,4,0,18,0,0,0,0
1146.95,1500.0,0.76,7,9,0,40,0,0,1,0
16685.13,12000.0,1.39,13,6,0,49,0,0,0,0
7038.93,2000.0,3.52,10,21,3,24,1,1,1,0
5763.38,8000.0,0.72,16,26,0,45,0,0,0,0
9831.36,12000.0,0.82,17,6,0,10,0,0,0,0
1409.1,3000.0,0.47,13,23,0,7,0,0,0,0
9863.9,4500.0,2.19,9,25,0,33,0,0,0,0
1763.38,3000.0,0.59,20,1,0,19,0,0,0,0
5901.57,4500.0,1.31,20,28,0,38,0,0,0,0
2384.11,1500.0,1.59,19,25,0,22,0,0,1,0
1921.5,1500.0,1.28,11,23,0,45,0,0,0,0
3373.66,2000.0,1.69,15,1,0,33,0,0,0,0
49734.83,12000.0,4.14,7,6,4,24,1,1,1,0
3583.53,2500.0,1.43,3,12,1,43,0,0,0,0
3431.21,6000.0,0.57,15,12,1,32,0,0,0,0
3902.49,3000.0,1.3,8,5,0,10,0,0,0,0
9017.42,6000.0,1.5,5,2,1,21,0,0,0,0
3137.8,2500.0,1.26,11,5,0,44,0,0,0,0
39530.23,8000.0,4.94,16,3,4,9,1,0,1,0
1655.05,3000.0,0.55,17,19,0,13,0,0,0,0
3541.69,4500.0,0.79,11,4,0,19,0,0,1,0
5810.16,6000.0,0.97,11,10,1,9,0,0,0,0
3298.39,2500.0,1.32,19,3,0,18,0,0,0,0
9597.87,12000.0,0.8,17,22,0,22,0,0,0,0
2794.44,2500.0,1.12,18,23,0,14,0,0,0,0
5495.8,4500.0,1.22,17,26,0,33,0,0,0,0
1216.07,1500.0,0.81,18,24,0,13,0,0,0,0
7059.78,8000.0,0.88,10,23,0,33,0,0,0,0
2252.05,3000.0,0.75,7,13,0,11,0,0,0,0
4991.9,6000.0,0.83,11,2,0,47,0,0,0,0
8224.48,6000.0,1.37,17,1,0,19,0,0,0,0
2681.64,2000.0,1.34,9,1,1,26,0,0,0,0
4631.87,4500.0,1.03,17,11,0,38,0,0,0,0
8048.8,1500.0,5.37,16,2,4,33,1,0,1,0
3995.6,6000.0,0.67,0,14,2,46,0,0,0,0
3418.33,4500.0,0.76,15,26,0,33,0,0,1,0
8394.17,8000.0,1.05,16,12,0,50,0,0,0,0
3212.15,4500.0,0.71,14,23,1,27,0,0,1,0
3252.25,4500.0,0.72,12,27,1,7,0,0,0,0
7809.13,12000.0,0.65,22,19,0,9,0,0,0,0
1858.21,2500.0,0.74,12,13,0,14,0,0,0,0
14207.04,2500.0,5.68,11,24,4,45,1,1,2,0
5730.12,8000.0,0.72,19,22,0,26,0,0,0,0
3212.45,2500.0,1.28,6,22,0,50,0,0,0,0
2561.4,2500.0,1.02,19,1,0,24,0,0,0,0
965.51,1500.0,0.64,11,12,0,48,0,1,0,0
9134.71,8000.0,1.14,19,2,1,49,0,0,0,0
7278.66,8000.0,0.91,11,5,0,14,0,0,0,0
1590.43,2000.0,0.8,10,5,1,48,0,0,0,0
6082.64,8000.0,0.76,17,4,1,6,0,0,1,0
7945.3,2000.0,3.97,13,28,3,19,0,1,0,0
7276.91,8000.0,0.91,19,28,0,21,0,0,0,0
2156.78,2000.0,1.08,15,9,1,11,0,1,0,0
2159.15,2500.0,0.86,20,7,0,18,0,0,0,0
4882.72,8000.0,0.61,18,9,0,11,0,0,1,0
7483.91,6000.0,1.25,9,17,0,25,0,0,0,0
9361.79,12000.0,0.78,15,14,0,6,0,0,0,0
10395.85,8000.0,1.3,5,28,0,43,0,0,1,0
10007.71,2000.0,5.0,18,26,3,34,1,0,1,0
3237.68,2500.0,1.3,12,7,0,30,0,0,0,0
6625.36,2000.0,3.31,4,15,5,28,1,0,1,1
5968.25,6000.0,0.99,20,16,2,29,0,0,0,0
6356.69,8000.0,0.79,17,28,0,31,0,0,0,0
12551.89,8000.0,1.57,10,13,0,8,0,0,0,0
873.95,1500.0,0.58,15,6,0,41,0,0,0,0
9671.87,8000.0,1.21,7,3,0,39,0,0,0,0
3459.36,6000.0,0.58,12,1,0,47,0,0,0,0
4279.32,6000.0,0.71,20,12,0,13,0,0,0,0
2219.91,1500.0,1.48,17,1,0,49,0,0,0,0
7700.18,1500.0,5.13,7,14,3,39,1,0,0,0
14781.23,12000.0,1.23,14,11,1,8,0,0,1,0
5935.75,8000.0,0.74,16,14,0,31,0,0,0,0
2377.66,1500.0,1.59,16,8,0,28,0,0,0,0
1285.97,2000.0,0.64,20,18,0,14,0,0,0,0
6555.92,8000.0,0.82,11,16,0,36,0,0,0,0
2770.6,2000.0,1.39,7,14,0,7,0,0,0,0
2536.95,3000.0,0.85,10,22,0,10,0,0,0,0
1737.12,3000.0,0.58,7,17,0,47,0,0,0,0
9176.77,12000.0,0.76,13,2,0,30,0,0,0,0
2951.99,3000.0,0.98,7,16,0,14,0,0,0,0
7948.41,1500.0,5.3,8,22,5,8,0,1,2,0
1449.56,1500.0,0.97,4,1,0,13,0,0,0,0
7457.87,8000.0,0.93,12,9,0,35,0,0,0,0
8402.5,12000.0,0.7,14,3,0,40,0,0,0,0
2273.59,4500.0,0.51,10,2,0,13,0,0,0,0
2024.62,1500.0,1.35,16,27,0,22,0,0,0,0
9045.9,8000.0,1.13,19,28,1,44,0,0,0,0
12643.25,8000.0,1.58,12,23,0,13,0,0,0,0
4164.0,2500.0,1.67,15,19,0,18,0,0,0,0
1627.96,1500.0,1.09,11,23,0,35,0,0,0,0
1783.27,1500.0,1.19,17,19,0,47,1,0,0,0
3053.35,4500.0,0.68,18,25,0,18,0,0,0,0
12440.87,6000.0,2.07,17,9,0,31,0,0,0,0
15370.77,12000.0,1.28,10,19,1,7,0,0,0,0
14908.95,2500.0,5.96,9,17,3,13,0,0,0,0
1992.25,2500.0,0.8,17,20,0,31,0,0,0,0
4597.23,2000.0,2.3,9,8,0,20,0,0,0,0
8999.04,12000.0,0.75,17,13,0,21,0,0,0,0
10231.59,8000.0,1.28,15,9,0,25,0,0,0,0
5894.03,6000.0,0.98,10,19,0,40,0,0,0,0
16082.12,4500.0,3.57,12,6,5,19,1,0,0,0
445.67,1500.0,0.3,17,26,0,34,0,0,0,0
2085.38,2000.0,1.04,16,8,0,20,0,0,0,0
16138.83,3000.0,5.38,15,14,3,15,1,0,1,1
4812.22,6000.0,0.8,23,26,0,40,0,0,1,0
7886.68,4500.0,1.75,16,16,1,47,0,0,0,0
1806.77,2500.0,0.72,11,3,0,30,0,0,0,0
2388.53,3000.0,0.8,18,21,0,44,0,0,0,0
23260.28,3000.0,7.75,13,14,9,10,1,1,2,1
4437.15,4500.0,0.99,22,10,0,42,0,0,0,0
1435.25,1500.0,0.96,4,7,0,19,1,0,0,0
11719.1,12000.0,0.98,17,21,0,8,0,0,1,0
4787.42,6000.0,0.8,20,1,0,10,0,0,0,0
2187.29,2000.0,1.09,11,1,0,16,0,0,0,0
8894.83,8000.0,1.11,8,8,0,5,0,0,1,0
3626.09,4500.0,0.81,23,1,0,8,1,0,0,0
6224.43,8000.0,0.78,17,26,0,17,0,0,0,0
2251.76,2000.0,1.13,15,7,0,36,0,0,0,0
6469.78,4500.0,1.44,16,17,0,21,0,0,0,0
5981.59,4500.0,1.33,15,7,0,6,0,0,0,0
3904.46,6000.0,0.65,17,9,0,11,0,0,1,0
3427.94,4500.0,0.76,8,28,2,41,0,0,0,0
4995.66,3000.0,1.67,8,23,0,16,0,0,1,0
4541.87,3000.0,1.51,17,21,0,39,0,0,0,0
17342.74,12000.0,1.45,19,17,0,43,0,0,0,0
4360.06,4500.0,0.97,15,21,0,39,0,0,0,0
5101.03,6000.0,0.85,12,10,0,29,0,0,0,0
1351.77,1500.0,0.9,11,23,1,32,0,0,0,0
1030.68,2000.0,0.52,16,26,0,43,0,0,0,0
2074.33,3000.0,0.69,10,1,0,33,0,0,0,0
4582.96,4500.0,1.02,11,3,1,10,0,0,0,0
6004.03,6000.0,1.0,6,24,0,38,0,0,0,0
14213.09,2500.0,5.69,9,21,4,44,1,0,1,1
6316.97,6000.0,1.05,18,27,0,27,0,0,0,0
46640.39,2500.0,18.66,16,23,6,45,1,1,2,1
2910.91,2500.0,1.16,11,8,0,5,0,0,0,0
6603.05,8000.0,0.83,15,7,0,48,0,0,1,0
13543.65,8000.0,1.69,15,10,1,32,0,1,1,0
27230.92,6000.0,4.54,9,28,4,23,1,1,2,0
3284.66,2500.0,1.31,10,18,0,20,0,0,0,0
21915.78,12000.0,1.83,8,6,0,5,0,0,0,0
12361.64,3000.0,4.12,17,13,4,37,1,0,1,0
44570.96,8000.0,5.57,19,11,3,38,0,0,1,0
7202.67,4500.0,1.6,7,9,1,6,0,0,0,0
11369.01,8000.0,1.42,9,1,0,8,0,0,0,0
11187.4,12000.0,0.93,8,24,1,33,1,0,0,0
921.37,1500.0,0.61,11,5,0,35,0,0,0,0
1917.24,1500.0,1.28,15,7,0,23,0,0,0,0
8146.69,8000.0,1.02,17,23,0,28,0,0,1,0
7630.98,6000.0,1.27,14,25,0,16,0,0,2,0
4558.88,3000.0,1.52,18,5,0,23,0,0,0,0
3723.96,3000.0,1.24,8,25,0,25,0,0,0,0
10669.44,8000.0,1.33,14,4,0,44,0,0,0,0
20478.86,2000.0,10.24,4,28,4,17,1,1,2,1
1636.14,4500.0,0.36,16,22,0,16,0,0,0,0
7836.02,1500.0,5.22,7,5,3,5,0,0,1,0
3607.36,4500.0,0.8,17,14,0,26,0,0,0,0
3589.67,4500.0,0.8,1,25,0,32,0,0,0,0
7974.29,4500.0,1.77,11,16,0,24,0,0,0,0
9510.94,12000.0,0.79,18,19,0,24,0,0,1,0
21566.01,2500.0,8.63,1,19,9,49,1,1,1,1
6034.25,8000.0,0.75,18,25,1,14,0,0,1,0
9501.87,4500.0,2.11,16,13,1,16,0,0,0,0
16586.42,4500.0,3.69,11,18,4,41,1,1,1,0
3383.87,8000.0,0.42,14,24,0,13,0,0,0,0
2203.54,2500.0,0.88,16,19,1,19,0,0,0,0
12986.57,12000.0,1.08,17,4,0,43,0,0,0,0
37677.2,3000.0,12.56,19,3,4,34,1,1,1,1
6093.68,6000.0,1.02,14,10,0,22,0,0,0,0
1092.94,2000.0,0.55,7,13,0,7,0,0,0,0
2074.8,2500.0,0.83,11,24,0,12,0,0,0,0
6292.97,4500.0,1.4,22,5,0,40,0,0,0,0
9714.0,8000.0,1.21,16,11,0,31,0,0,0,0
1045.45,1500.0,0.7,18,15,0,43,0,0,0,0
41459.49,8000.0,5.18,21,18,5,14,1,0,2,0
6034.57,4500.0,1.34,19,28,0,41,0,0,0,0
914.51,3000.0,0.3,16,26,0,36,0,0,0,0
2217.87,2500.0,0.89,13,9,0,8,0,0,1,0
1118.52,1500.0,0.75,12,12,1,33,0,0,0,0
4083.07,6000.0,0.68,19,12,0,40,0,0,0,0
3237.48,3000.0,1.08,15,16,0,32,0,0,0,0
1608.8,2000.0,0.8,12,16,0,17,0,0,0,0
7165.5,8000.0,0.9,9,21,0,19,0,0,0,0
7380.13,3000.0,2.46,15,22,0,42,0,0,0,0
11292.03,2000.0,5.65,19,5,3,39,0,0,1,0
1134.33,1500.0,0.76,21,18,0,25,0,1,0,0
16530.26,12000.0,1.38,11,17,0,35,0,0,0,0
3430.1,6000.0,0.57,14,26,0,43,0,0,0,0
1421.19,1500.0,0.95,0,14,0,32,0,0,2,0
17429.68,4500.0,3.87,18,11,3,29,0,0,0,0
4767.97,2500.0,1.91,19,6,0,33,0,0,0,0
13350.1,12000.0,1.11,18,22,0,45,0,0,1,0
3073.86,2000.0,1.54,13,22,0,40,0,0,1,0
4595.23,2000.0,2.3,23,26,0,36,0,0,1,0
20539.11,4500.0,4.56,20,8,4,42,1,1,1,0
11684.31,6000.0,1.95,12,5,0,9,0,0,0,0
8906.29,6000.0,1.48,18,9,0,23,1,0,0,0
7857.54,8000.0,0.98,16,8,0,37,0,0,0,0
5332.75,4500.0,1.19,18,17,0,20,0,0,1,0
1330.17,1500.0,0.89,20,5,0,6,0,0,0,0
10539.69,12000.0,0.88,18,1,0,39,0,0,0,0
29349.75,6000.0,4.89,15,25,4,24,1,0,1,0
2012.52,2000.0,1.01,11,4,0,41,0,0,1,0
6308.4,8000.0,0.79,12,16,0,42,0,0,0,0
45552.75,8000.0,5.69,13,4,4,29,1,0,2,0
8028.99,4500.0,1.78,8,5,0,45,0,0,0,0
2691.65,2000.0,1.35,18,6,0,12,0,0,1,0
16065.06,12000.0,1.34,16,12,0,9,0,0,0,0
2274.74,2500.0,0.91,23,10,0,46,0,0,0,0
1540.71,2000.0,0.77,21,20,0,15,0,1,0,0
13701.01,8000.0,1.71,12,28,0,48,0,0,0,0
664.8,1500.0,0.44,12,16,0,35,0,0,0,0
1129.71,1500.0,0.75,14,15,0,28,0,0,0,0
6105.26,6000.0,1.02,18,7,0,23,0,0,0,0
42250.26,12000.0,3.52,18,25,3,16,1,1,2,0
19523.33,12000.0,1.63,12,12,0,6,0,0,0,0
6432.84,6000.0,1.07,17,22,0,18,0,0,0,0
5277.69,8000.0,0.66,13,16,1,15,0,0,1,0
1910.54,3000.0,0.64,10,11,0,5,0,0,0,0
2092.27,1500.0,1.39,11,28,0,25,0,0,0,0
5779.24,6000.0,0.96,13,24,0,29,0,0,0,0
704.54,1500.0,0.47,16,18,0,34,0,0,0,0
10950.08,12000.0,0.91,12,9,0,36,0,0,0,0
23908.61,12000.0,1.99,19,15,0,8,0,0,0,0
808.25,1500.0,0.54,15,12,0,34,0,0,1,0
8409.1,1500.0,5.61,8,18,3,46,1,0,1,1
8709.37,6000.0,1.45,9,1,0,32,0,0,0,0
8706.85,1500.0,5.8,15,15,5,24,1,0,1,1
7383.88,8000.0,0.92,17,20,1,40,1,0,0,0
1342.48,2500.0,0.54,18,15,0,25,0,0,1,0
6254.81,12000.0,0.52,8,20,0,21,1,0,0,0
45360.41,8000.0,5.67,17,14,5,22,1,0,0,0
744.27,2000.0,0.37,13,4,0,49,0,0,0,0
2229.51,4500.0,0.5,8,20,1,50,0,0,0,0
8973.67,8000.0,1.12,18,8,0,27,0,0,0,0
4053.36,3000.0,1.35,14,20,2,5,0,0,1,0
2535.11,2000.0,1.27,9,21,0,48,0,0,1,0
7816.64,1500.0,5.21,15,22,3,26,0,1,1,0
14613.96,12000.0,1.22,13,2,0,41,0,0,0,0
3526.87,3000.0,1.18,21,22,0,41,0,0,0,0
2769.63,2000.0,1.38,9,21,0,39,0,0,0,0
3286.33,2500.0,1.31,15,16,0,33,0,0,0,0
6964.27,8000.0,0.87,13,2,0,27,0,0,0,0
6158.86,4500.0,1.37,16,22,0,9,0,0,0,0
1779.71,2000.0,0.89,19,28,0,36,0,0,1,0
1827.31,3000.0,0.61,16,14,2,11,0,0,0,0
33091.21,6000.0,5.52,18,18,4,46,0,0,0,0
1364.09,1500.0,0.91,7,13,1,49,0,0,1,0
10845.13,2500.0,4.34,19,13,3,31,1,1,0,0
7314.39,6000.0,1.22,10,24,0,24,0,0,0,0
2446.0,2500.0,0.98,20,12,0,38,0,0,0,0
4858.16,4500.0,1.08,9,26,1,28,0,0,0,0
10394.4,12000.0,0.87,11,7,0,28,0,0,0,0
9829.08,2500.0,3.93,11,13,5,10,0,1,1,0
13579.51,12000.0,1.13,11,11,2,9,0,0,0,0
3037.25,2000.0,1.52,17,10,0,40,0,0,0,0
3666.44,2500.0,1.47,9,9,0,29,0,0,1,0
45436.7,2000.0,22.72,0,12,8,47,1,1,2,1
1886.41,3000.0,0.63,9,28,0,34,0,0,0,0
16864.86,1500.0,11.24,3,23,8,48,1,1,2,1
6810.75,12000.0,0.57,12,18,0,5,0,0,0,0
4320.3,6000.0,0.72,21,1,1,24,0,0,0,0
13626.2,12000.0,1.14,13,21,0,33,0,0,0,0
1956.45,3000.0,0.65,11,20,0,38,0,0,0,0
10580.92,12000.0,0.88,14,16,0,28,0,0,0,0
1058.67,1500.0,0.71,7,20,1,10,0,0,0,0
9277.31,12000.0,0.77,15,6,0,44,0,0,0,0
71847.44,12000.0,5.99,12,23,4,13,0,0,0,0
3141.48,4500.0,0.7,12,8,0,22,0,0,0,0
8883.19,6000.0,1.48,6,21,1,36,0,0,0,0
32081.54,8000.0,4.01,11,21,4,28,1,0,2,0
3795.55,2500.0,1.52,8,8,0,40,0,0,0,0
6676.51,8000.0,0.83,16,24,0,15,0,0,0,0
2706.05,2500.0,1.08,17,7,1,48,0,0,0,0
41211.64,8000.0,5.15,19,15,5,38,1,1,2,0
7401.4,6000.0,1.23,11,9,1,10,0,0,0,0
5437.25,8000.0,0.68,14,28,0,46,0,0,2,0
4600.65,4500.0,1.02,13,18,0,40,0,0,0,0
4946.75,6000.0,0.82,20,9,0,26,0,0,1,0
10536.32,8000.0,1.32,8,25,0,23,0,0,0,0
3328.64,6000.0,0.55,7,17,0,33,0,0,0,0
5153.84,8000.0,0.64,15,24,0,15,0,0,0,0
29467.69,8000.0,3.68,0,2,4,47,1,0,1,0
33358.48,8000.0,4.17,7,28,3,31,1,0,1,0
29386.67,6000.0,4.9,23,8,5,29,1,0,0,0
2465.3,6000.0,0.41,20,25,0,8,0,0,0,0
2668.17,3000.0,0.89,19,26,0,39,0,0,0,0
11383.45,12000.0,0.95,8,9,0,19,0,0,1,0
1831.3,2500.0,0.73,9,11,0,18,1,0,0,0
12434.63,8000.0,1.55,15,14,0,34,0,0,0,0
1669.65,2000.0,0.83,11,21,0,42,0,1,1,0
942.29,1500.0,0.63,16,13,0,42,0,0,0,0
15879.28,12000.0,1.32,11,15,1,8,0,0,0,0
10278.03,2500.0,4.11,19,12,3,19,0,1,1,0
953.86,1500.0,0.64,15,11,0,28,0,0,0,0
6431.3,12000.0,0.54,11,18,0,25,0,0,0,0
8223.52,6000.0,1.37,17,27,1,41,0,0,0,0
9368.89,8000.0,1.17,18,1,0,23,0,0,1,0
17970.09,3000.0,5.99,10,19,5,26,0,1,2,0
6552.28,6000.0,1.09,6,10,1,41,0,0,0,0
2487.32,2000.0,1.24,17,13,0,6,0,0,0,0
11754.42,2000.0,5.88,17,17,4,14,0,0,1,0
3062.92,3000.0,1.02,16,18,0,43,0,0,0,0
1569.54,1500.0,1.05,3,19,0,22,0,0,0,0
5918.66,6000.0,0.99,13,14,1,48,0,0,0,0
8630.41,4500.0,1.92,18,1,0,16,0,0,0,0
995.06,1500.0,0.66,16,24,0,8,0,0,0,0
3245.02,2000.0,1.62,17,26,1,18,0,0,0,0
8154.56,8000.0,1.02,10,1,0,13,0,0,0,0
10931.11,12000.0,0.91,7,16,0,34,0,0,0,0
6286.51,4500.0,1.4,8,20,0,38,0,0,0,0
847.41,1500.0,0.56,12,8,1,44,0,0,0,0
11251.74,8000.0,1.41,12,20,0,16,0,0,0,0
7199.12,1500.0,4.8,10,17,5,27,0,1,1,0
1265.45,1500.0,0.84,10,23,2,28,0,0,0,0
2559.94,1500.0,1.71,2,17,1,12,0,0,0,0
4301.78,4500.0,0.96,11,5,0,31,0,0,0,0
7176.83,12000.0,0.6,20,18,0,42,0,0,0,0
2883.86,2000.0,1.44,9,6,0,11,0,0,0,0
2746.87,4500.0,0.61,16,11,0,49,0,0,0,0
9450.73,12000.0,0.79,17,12,0,50,0,0,0,0
9207.81,4500.0,2.05,14,5,0,25,0,0,0,0
1903.88,2000.0,0.95,11,22,0,13,0,0,0,0
2950.11,2000.0,1.48,17,4,1,24,0,0,1,0
10780.54,12000.0,0.9,12,6,0,42,0,0,0,0
11135.28,12000.0,0.93,19,23,0,13,0,0,0,0
3190.11,3000.0,1.06,15,13,0,16,0,0,1,0
3850.63,2500.0,1.54,22,22,0,10,0,0,0,0
6075.86,6000.0,1.01,17,22,0,27,0,0,0,0
9476.51,8000.0,1.18,8,13,1,6,1,0,0,0
12360.74,8000.0,1.55,9,14,0,22,0,0,0,0
3490.89,3000.0,1.16,7,21,1,18,0,0,0,0
10986.37,12000.0,0.92,17,18,0,40,0,0,0,0
3031.07,2000.0,1.52,10,27,0,25,0,0,0,0
5018.7,3000.0,1.67,15,2,1,43,0,0,0,0
1899.13,1500.0,1.27,0,27,0,11,0,0,1,0
3401.01,3000.0,1.13,19,20,0,22,0,0,1,0
3528.02,4500.0,0.78,11,25,0,29,0,0,0,0
4819.73,12000.0,0.4,15,19,0,9,0,0,1,0
863.46,2000.0,0.43,13,25,0,35,0,0,0,0
16583.67,12000.0,1.38,18,9,0,29,1,0,0,0
1851.51,2000.0,0.93,14,15,0,20,0,0,0,0
20131.99,4500.0,4.47,18,10,5,37,1,1,1,0
61336.86,3000.0,20.45,4,2,7,40,1,1,2,1
7351.92,4500.0,1.63,21,24,0,41,0,0,0,0
12190.49,2500.0,4.88,8,3,3,36,1,0,1,0
7771.1,2000.0,3.89,17,26,5,45,1,0,1,0
2041.07,2500.0,0.82,15,24,0,12,0,1,0,0
2972.57,4500.0,0.66,17,1,0,24,0,0,0,0
8306.38,4500.0,1.85,19,13,0,14,0,0,0,0
3272.4,8000.0,0.41,15,19,0,43,0,0,0,0
24943.2,6000.0,4.16,13,11,4,11,0,0,0,0
1227.18,1500.0,0.82,20,23,0,50,0,0,0,0
1982.35,2000.0,0.99,6,8,2,47,0,0,0,0
1550.39,2500.0,0.62,13,6,0,33,0,0,0,0
5061.69,8000.0,0.63,12,7,0,6,0,0,0,0
8781.17,8000.0,1.1,14,6,0,41,0,0,0,0
6574.31,4500.0,1.46,19,27,1,33,0,0,0,0
8683.27,6000.0,1.45,15,5,0,37,0,0,1,0
6553.73,12000.0,0.55,9,12,0,49,0,0,1,0
2409.54,3000.0,0.8,15,10,0,44,0,0,0,0
2872.39,2500.0,1.15,18,27,0,38,0,0,0,0
3280.11,2500.0,1.31,19,13,0,6,0,0,0,0
496.58,1500.0,0.33,18,5,1,45,0,0,0,0
2829.52,3000.0,0.94,11,28,0,27,0,0,0,0
9640.36,6000.0,1.61,13,9,0,20,0,0,0,0
16743.78,3000.0,5.58,10,12,3,18,1,0,2,0
1286.64,2000.0,0.64,15,3,0,12,0,0,0,0
1869.21,3000.0,0.62,19,2,0,41,0,1,0,0
9423.05,12000.0,0.79,12,22,0,10,0,0,0,0
5937.59,4500.0,1.32,19,8,1,47,0,0,2,0
14394.11,6000.0,2.4,9,8,0,31,0,0,0,0
6362.22,6000.0,1.06,12,3,0,45,0,0,0,0
1424.9,1500.0,0.95,13,18,0,45,0,0,0,0
3943.39,4500.0,0.88,19,25,0,33,0,0,0,0
8220.98,8000.0,1.03,9,22,0,47,1,0,0,0
14855.0,8000.0,1.86,3,5,0,19,0,0,0,0
17130.13,12000.0,1.43,14,22,0,35,0,0,0,0
1295.46,1500.0,0.86,14,1,0,21,0,0,1,0
1473.85,1500.0,0.98,9,17,0,10,0,0,2,0
60241.32,2000.0,30.12,22,20,3,35,1,1,1,1
71376.37,12000.0,5.95,14,13,4,17,1,0,1,0
5273.42,6000.0,0.88,9,1,0,37,0,0,0,0
1334.26,2500.0,0.53,20,21,0,34,0,0,0,0
3280.81,2000.0,1.64,11,2,0,11,0,0,0,0
4453.22,4500.0,0.99,15,2,0,17,0,0,1,0
879.67,1500.0,0.59,11,7,0,17,1,0,0,0
1699.07,2000.0,0.85,18,11,0,44,0,0,0,0
3177.76,4500.0,0.71,12,27,0,38,0,0,2,0
2729.16,1500.0,1.82,17,22,0,13,0,0,0,0
13916.07,12000.0,1.16,7,4,0,30,0,0,0,0
1767.85,3000.0,0.59,7,7,0,21,0,0,0,0
56237.56,12000.0,4.69,17,13,5,35,0,0,0,0
1888.68,3000.0,0.63,11,18,0,16,0,0,0,0
8020.33,4500.0,1.78,15,14,0,27,0,0,1,0
25223.66,4500.0,5.61,18,21,3,22,1,0,1,0
33520.45,8000.0,4.19,19,7,3,24,1,1,1,0
1357.03,1500.0,0.9,15,20,0,29,0,0,0,0
3392.93,2500.0,1.36,14,18,0,19,0,0,0,0
2678.74,2000.0,1.34,14,8,0,13,0,0,0,0
2360.45,2000.0,1.18,3,27,0,21,0,0,0,0
1340.23,1500.0,0.89,10,12,1,35,0,0,0,0
1909.26,3000.0,0.64,15,26,0,48,0,0,0,0
2843.58,2000.0,1.42,9,27,0,44,0,0,1,0
5893.02,8000.0,0.74,18,18,0,46,1,0,0,0
23874.25,6000.0,3.98,22,19,3,46,1,0,0,0
10104.51,8000.0,1.26,19,2,0,19,0,0,0,0
1105.18,1500.0,0.74,7,24,0,7,1,0,0,0
2234.36,2000.0,1.12,19,7,0,43,0,0,0,0
8361.78,2000.0,4.18,18,4,4,22,1,1,2,0
45296.79,8000.0,5.66,15,8,5,17,1,0,1,0
6008.3,6000.0,1.0,19,4,0,34,0,0,0,0
1124.0,1500.0,0.75,16,24,0,20,0,0,1,0
8669.76,1500.0,5.78,14,17,3,25,1,0,1,0
5605.78,8000.0,0.7,19,2,0,48,0,0,0,0
3006.42,2500.0,1.2,13,1,0,22,0,0,1,0
2449.11,3000.0,0.82,9,21,0,7,0,0,0,0
10329.23,12000.0,0.86,11,23,0,33,0,0,0,0
1778.59,2500.0,0.71,11,26,0,43,0,0,0,0
1860.59,2500.0,0.74,10,21,0,13,0,0,0,0
2509.15,2000.0,1.25,13,5,0,22,0,0,0,0
14741.31,2500.0,5.9,15,5,3,49,0,0,1,0
691.86,1500.0,0.46,8,24,0,30,0,0,0,0
1993.96,1500.0,1.33,8,28,0,28,0,0,0,0
8762.9,8000.0,1.1,15,22,0,17,0,0,0,0
6053.93,12000.0,0.5,11,22,0,37,0,0,0,0
7161.21,4500.0,1.59,22,6,0,14,0,0,0,0
35362.15,6000.0,5.89,23,24,4,34,1,0,2,0
2670.61,1500.0,1.78,20,24,0,48,0,0,0,0
24006.65,4500.0,5.33,5,9,5,36,0,1,0,0
2308.86,3000.0,0.77,17,27,0,34,0,0,0,0
35077.19,8000.0,4.38,18,13,4,44,1,0,1,0
1689.22,2000.0,0.84,8,15,0,6,0,0,0,0
4625.36,8000.0,0.58,20,26,0,37,0,0,0,0
2563.33,4500.0,0.57,1,11,0,27,0,0,0,0
1475.19,1500.0,0.98,18,2,0,31,0,0,0,0
8274.1,8000.0,1.03,6,6,1,15,0,0,0,0
2611.89,2500.0,1.04,17,11,0,32,0,0,0,0
4143.13,2500.0,1.66,16,2,0,10,0,0,0,0
9809.21,2000.0,4.9,13,5,4,23,1,0,1,0
1213.92,2500.0,0.49,21,10,0,49,0,0,0,0
13733.29,12000.0,1.14,10,6,1,6,0,0,0,0
4858.49,4500.0,1.08,13,9,0,11,0,0,0,0
33207.27,6000.0,5.53,13,27,4,45,1,0,1,0
9742.54,2500.0,3.9,16,26,5,20,1,1,2,0
8693.9,4500.0,1.93,16,20,0,9,0,0,0,0
8845.95,12000.0,0.74,18,18,0,27,0,0,0,0
1236.61,1500.0,0.82,8,9,0,9,0,0,0,0
1830.99,2500.0,0.73,10,17,0,30,0,0,0,0
5493.36,6000.0,0.92,22,6,0,5,0,0,1,0
2410.78,3000.0,0.8,16,11,0,30,0,0,0,0
3763.4,2000.0,1.88,2,2,0,33,0,0,0,0
8520.46,12000.0,0.71,18,2,1,44,0,0,0,0
11938.89,12000.0,0.99,19,2,0,43,0,0,0,0
2038.64,3000.0,0.68,21,19,0,21,0,0,0,0
9350.54,2500.0,3.74,11,28,5,22,0,0,1,0
3335.51,3000.0,1.11,17,7,0,45,0,0,0,0
2548.67,1500.0,1.7,19,28,0,13,0,0,0,0
28700.88,6000.0,4.78,23,17,5,14,1,0,1,0
3444.75,4500.0,0.77,11,7,0,48,0,0,1,0
1881.87,2000.0,0.94,19,22,0,35,0,0,0,0
1078.72,1500.0,0.72,23,15,0,26,0,0,0,0
48421.83,1500.0,32.28,1,3,5,41,1,1,2,1
2142.0,1500.0,1.43,16,20,0,38,1,0,0,0
6103.19,2500.0,2.44,18,12,0,38,0,0,0,0
11924.75,8000.0,1.49,10,24,0,26,0,0,0,0
2887.64,2500.0,1.16,12,17,0,9,0,0,0,0
2909.54,4500.0,0.65,21,7,0,8,0,0,0,0
4974.03,3000.0,1.66,2,21,0,26,0,0,0,0
5077.64,2500.0,2.03,3,22,0,20,0,0,0,0
6781.55,8000.0,0.85,19,18,0,18,0,0,1,0
9174.97,6000.0,1.53,7,27,0,21,0,0,1,0
2164.49,3000.0,0.72,14,21,0,41,0,0,0,0
1131.7,1500.0,0.75,15,15,0,10,0,0,1,0
9622.46,12000.0,0.8,13,17,0,26,0,0,0,0
21581.61,6000.0,3.6,9,26,5,12,1,0,1,0
7318.56,8000.0,0.91,19,2,0,14,0,0,0,0
15456.91,12000.0,1.29,8,12,0,43,0,0,1,0
17054.48,3000.0,5.68,17,23,5,20,1,0,1,0
3002.0,2500.0,1.2,2,9,0,41,0,0,1,0
14871.59,3000.0,4.96,13,9,5,5,1,0,0,0
8014.65,12000.0,0.67,15,18,0,22,0,0,1,0
1942.05,3000.0,0.65,13,13,0,50,0,0,0,0
1924.84,2000.0,0.96,19,2,0,16,0,0,0,0
10688.14,12000.0,0.89,11,10,0,8,0,0,0,0
4384.48,4500.0,0.97,2,9,0,9,0,0,0,0
11889.74,8000.0,1.49,17,21,0,37,0,0,0,0
14704.7,12000.0,1.23,19,25,0,44,0,0,0,0
971.47,1500.0,0.65,17,10,0,5,0,0,0,0
1399.61,1500.0,0.93,18,14,0,7,0,0,0,0
37827.9,8000.0,4.73,12,9,4,41,1,1,1,0
906.17,2500.0,0.36,14,15,0,22,0,0,0,0
2080.77,2500.0,0.83,18,27,0,31,0,0,0,0
2272.75,2000.0,1.14,17,23,0,45,1,0,0,0
6838.57,6000.0,1.14,18,6,0,28,0,0,0,0
10377.1,12000.0,0.86,10,25,0,29,0,0,0,0
2506.2,4500.0,0.56,0,7,0,50,0,0,0,0
7161.8,8000.0,0.9,18,25,0,39,0,0,1,0
10765.08,8000.0,1.35,9,18,1,8,0,0,0,0
3575.14,3000.0,1.19,17,17,0,24,0,0,0,0
5208.43,8000.0,0.65,16,20,1,32,1,0,0,0
1319.63,1500.0,0.88,7,14,0,28,0,0,0,0
9511.28,8000.0,1.19,0,23,0,21,0,0,0,0
6658.3,4500.0,1.48,14,24,0,27,0,0,0,0
1728.24,2500.0,0.69,20,11,0,35,0,0,0,0
5255.45,12000.0,0.44,16,12,0,29,0,0,0,0
2888.1,3000.0,0.96,11,1,1,42,0,0,0,0
4048.55,3000.0,1.35,3,20,0,29,0,0,1,0
18065.94,8000.0,2.26,15,2,0,34,0,0,1,0
7185.61,6000.0,1.2,8,22,0,8,0,0,0,0
6836.44,6000.0,1.14,10,21,1,21,0,0,1,0
4868.61,8000.0,0.61,19,23,1,42,0,0,0,0
1264.96,2500.0,0.51,14,16,0,25,0,0,0,0
3401.29,3000.0,1.13,17,20,0,46,0,0,0,0
2827.53,3000.0,0.94,13,5,0,42,0,0,0,0
1530.99,2000.0,0.77,12,5,0,12,0,0,0,0
2480.49,1500.0,1.65,17,18,0,39,0,0,0,0
1114.46,1500.0,0.74,10,9,0,47,0,0,0,0
31248.62,6000.0,5.21,1,8,3,40,0,0,0,0
3153.79,1500.0,2.1,18,28,0,38,0,0,0,0
7388.82,6000.0,1.23,12,7,0,45,0,0,0,0
8275.82,2000.0,4.14,17,25,3,30,1,1,0,0
6944.5,8000.0,0.87,19,25,0,12,0,0,0,0
3871.09,3000.0,1.29,16,21,1,5,0,0,0,0
22223.72,6000.0,3.7,19,22,4,32,1,0,0,0
11481.31,3000.0,3.83,19,24,4,15,1,1,1,0
910.02,1500.0,0.61,18,13,0,32,0,0,0,0
5250.52,4500.0,1.17,13,25,0,22,0,0,0,0
4315.44,2500.0,1.73,20,19,0,27,0,0,0,0
6134.81,8000.0,0.77,13,4,0,19,0,0,0,0
8608.86,8000.0,1.08,15,24,0,20,0,0,0,0
2329.45,2500.0,0.93,8,5,0,19,0,0,0,0
1351.67,1500.0,0.9,14,17,2,42,0,0,0,0
2555.65,6000.0,0.43,12,22,1,14,0,0,0,0
5992.52,4500.0,1.33,19,8,1,28,0,0,0,0
11197.19,12000.0,0.93,15,14,0,9,1,0,0,0
1692.36,3000.0,0.56,11,28,0,38,0,0,1,0
7094.38,8000.0,0.89,11,26,0,9,0,0,0,0
2602.94,2000.0,1.3,13,5,0,36,0,0,1,0
34749.9,3000.0,11.58,1,7,7,36,1,1,2,1
6427.15,6000.0,1.07,11,11,0,29,0,0,0,0
8244.7,2000.0,4.12,6,16,10,11,1,0,1,1
1155.49,1500.0,0.77,19,24,1,24,0,0,0,0
11948.87,2000.0,5.97,15,15,5,50,1,0,0,0
3168.51,1500.0,2.11,14,15,0,5,0,0,1,0
1548.74,2000.0,0.77,15,1,0,34,0,0,0,0
3653.41,3000.0,1.22,11,9,0,26,0,0,0,0
4062.98,3000.0,1.35,12,4,0,19,0,0,0,0
3896.3,3000.0,1.3,9,27,0,9,0,0,0,0
90833.96,4000.0,22.71,3,26,8,21,1,1,2,1
2407.04,2000.0,1.2,18,11,0,36,0,0,0,0
619.32,1500.0,0.41,8,15,0,10,0,0,0,0
8949.44,2500.0,3.58,13,15,3,50,0,0,1,0
1575.0,2500.0,0.63,15,8,0,41,0,0,0,0
1965.06,2000.0,0.98,12,11,1,17,0,0,0,0
1636.73,2000.0,0.82,19,5,0,40,0,0,0,0
4560.2,4500.0,1.01,16,26,0,14,0,0,0,0
1965.1,2500.0,0.79,10,18,0,47,0,0,0,0
23363.62,12000.0,1.95,18,23,0,42,0,0,0,0
48375.5,12000.0,4.03,11,11,4,21,1,1,1,0
1050.69,1500.0,0.7,21,5,2,38,0,0,0,0
6257.17,6000.0,1.04,8,1,0,11,0,0,0,0
2561.22,4500.0,0.57,13,21,0,37,0,0,1,0
20258.73,4500.0,4.5,15,4,3,31,1,1,1,0
6047.95,3000.0,2.02,9,26,0,40,0,0,0,0
33829.75,8000.0,4.23,16,23,5,36,1,0,1,0
34988.87,6000.0,5.83,9,13,5,8,1,1,1,0
24060.63,6000.0,4.01,8,12,5,48,0,0,1,0
34026.38,2000.0,17.01,0,3,4,42,1,1,2,1
1826.83,2000.0,0.91,12,11,1,33,0,0,0,0
2345.24,3000.0,0.78,11,24,0,41,0,0,0,0
2423.39,2500.0,0.97,12,23,1,47,0,0,0,0
3233.72,2000.0,1.62,17,22,0,11,0,0,0,0
5702.88,1500.0,3.8,17,22,4,29,1,1,1,0
4597.94,8000.0,0.57,13,16,0,25,0,0,1,0
3744.36,4500.0,0.83,15,15,0,12,0,0,0,0
3325.29,4500.0,0.74,5,28,0,18,0,0,2,0
1904.17,3000.0,0.63,19,2,0,45,0,0,0,0
12488.8,8000.0,1.56,12,24,0,30,0,0,0,0
1290.99,1500.0,0.86,17,6,0,41,0,0,0,0
8858.65,6000.0,1.48,14,5,1,5,0,0,0,0
15532.47,12000.0,1.29,12,26,0,26,0,0,0,0
1311.78,1500.0,0.87,22,20,0,13,0,0,0,0
1354.72,2000.0,0.68,8,28,0,47,0,0,0,0
5360.69,4500.0,1.19,10,1,0,24,0,0,0,0
2433.71,2000.0,1.22,10,21,0,19,0,0,0,0
6107.8,8000.0,0.76,19,22,0,41,1,0,1,0
6610.08,4500.0,1.47,15,17,0,32,0,0,0,0
1134.63,1500.0,0.76,12,26,0,37,0,0,0,0
40870.99,8000.0,5.11,21,21,5,20,1,0,1,0
2031.32,4500.0,0.45,17,14,1,39,0,0,0,0
1070.58,1500.0,0.71,16,9,0,12,0,0,0,0
1440.19,2500.0,0.58,8,28,0,29,0,0,0,0
7590.51,6000.0,1.27,19,25,0,27,0,0,0,0
1616.91,3000.0,0.54,10,11,0,48,0,0,0,0
2837.29,2500.0,1.13,0,16,0,47,0,0,0,0
6573.22,2000.0,3.29,23,20,12,41,1,1,1,1
1526.61,2500.0,0.61,10,10,0,50,0,0,0,0
2090.16,2000.0,1.05,8,26,0,11,0,0,0,0
47245.66,2000.0,23.62,19,24,4,11,1,0,1,1
3040.76,4500.0,0.68,14,18,0,31,0,0,0,0
2079.02,2000.0,1.04,10,1,0,47,0,0,0,0
7009.49,3000.0,2.34,21,5,0,40,0,0,1,0
23174.9,4500.0,5.15,11,25,3,29,1,1,1,0
5087.11,3000.0,1.7,16,23,0,24,0,0,0,0
7798.06,4500.0,1.73,19,1,0,28,0,0,0,0
1250.47,1500.0,0.83,10,16,0,27,0,0,0,0
5137.02,6000.0,0.86,22,13,0,5,0,0,0,0
3097.5,4500.0,0.69,13,20,0,10,0,0,1,0
6221.03,4500.0,1.38,18,21,0,7,0,0,0,0
4842.17,4500.0,1.08,16,17,0,44,0,0,0,0
15704.61,12000.0,1.31,9,16,0,41,0,0,0,0
1720.27,2000.0,0.86,18,24,0,35,0,0,0,0
12219.25,8000.0,1.53,8,21,0,49,0,0,0,0
1920.3,2500.0,0.77,23,27,1,45,0,0,0,0
2752.51,6000.0,0.46,19,21,0,27,0,0,0,0
20983.36,12000.0,1.75,15,28,0,13,0,0,2,0
859.88,1500.0,0.57,11,1,0,25,0,0,0,0
4415.82,4500.0,0.98,6,20,0,11,0,0,0,0
1477.33,1500.0,0.98,11,3,2,27,0,0,0,0
3901.68,3000.0,1.3,12,25,1,21,0,0,1,0
5637.49,4500.0,1.25,16,11,1,15,0,0,1,0
63921.39,12000.0,5.33,10,17,3,26,0,0,1,0
6043.29,4500.0,1.34,3,15,0,17,0,0,1,0
4006.73,4500.0,0.89,19,14,0,31,0,0,0,0
4012.35,6000.0,0.67,18,12,0,47,0,0,0,0
3391.06,2500.0,1.36,18,12,0,14,0,0,0,0
57681.34,12000.0,4.81,10,22,5,31,1,0,1,0
2624.65,1500.0,1.75,9,8,0,49,0,0,0,0
1489.26,4500.0,0.33,8,20,0,43,0,0,0,0
1909.52,2000.0,0.95,17,28,0,40,0,0,0,0
17384.63,12000.0,1.45,8,2,0,39,0,0,1,0
18682.2,4500.0,4.15,17,7,4,43,0,0,1,0
2492.75,4500.0,0.55,16,7,0,17,0,0,0,0
1040.48,1500.0,0.69,18,9,1,24,1,0,0,0
3207.06,3000.0,1.07,6,10,0,45,0,0,0,0
41177.37,8000.0,5.15,10,5,5,43,1,0,1,0
3668.36,4500.0,0.82,9,13,0,44,0,0,0,0
2242.64,1500.0,1.5,7,28,0,26,0,0,0,0
903.69,1500.0,0.6,13,22,0,39,0,0,1,0
8883.59,12000.0,0.74,9,14,0,34,0,0,0,0
1850.26,1500.0,1.23,19,28,1,14,0,0,0,0
1771.96,3000.0,0.59,23,12,0,7,0,0,1,0
909.8,1500.0,0.61,17,1,2,31,0,0,0,0
3812.95,2500.0,1.53,18,8,1,47,0,0,1,0
14469.37,12000.0,1.21,14,24,0,48,0,0,1,0
1120.0,1500.0,0.75,10,4,0,40,0,0,0,0
2201.77,3000.0,0.73,5,21,0,35,0,0,0,0
3103.55,3000.0,1.03,10,28,0,6,0,0,1,0
69623.25,12000.0,5.8,2,28,4,48,1,1,2,0
5821.98,4500.0,1.29,19,12,0,23,0,0,0,0
7106.74,4500.0,1.58,10,6,0,48,0,0,1,0
738.42,1500.0,0.49,4,24,0,6,0,0,0,0
8138.49,8000.0,1.02,9,1,0,14,0,0,1,0
11668.02,8000.0,1.46,12,23,0,17,0,0,0,0
8957.18,8000.0,1.12,21,2,0,38,0,0,0,0
4232.41,4500.0,0.94,15,12,0,31,0,0,0,0
5498.78,4500.0,1.22,14,19,1,44,0,0,0,0
3171.9,2000.0,1.59,9,21,1,14,0,0,0,0
4719.37,6000.0,0.79,14,25,0,23,0,0,1,0
1640.38,1500.0,1.09,17,25,0,34,0,0,0,0
8037.12,12000.0,0.67,18,6,0,26,0,0,0,0
4861.3,6000.0,0.81,17,20,0,40,0,0,0,0
3393.34,4500.0,0.75,18,10,0,7,0,0,1,0
9488.09,12000.0,0.79,14,15,0,42,0,0,0,0
9872.89,12000.0,0.82,17,9,1,42,0,0,0,0
10327.15,4500.0,2.29,6,12,0,15,1,0,0,0
5286.75,3000.0,1.76,11,22,1,10,0,0,0,0
1713.4,1500.0,1.14,17,16,0,23,0,0,0,0
33846.32,2000.0,16.92,0,6,2,36,1,1,0,1
1104.74,1500.0,0.74,8,14,0,15,0,0,0,0
2212.66,2500.0,0.89,17,26,1,16,0,0,0,0
22085.79,6000.0,3.68,16,11,4,12,1,1,1,0
3331.46,2500.0,1.33,15,1,0,16,0,0,0,0
16490.0,3000.0,5.5,21,28,5,36,1,0,2,0
10471.64,2500.0,4.19,13,12,4,40,0,0,1,0
7216.21,8000.0,0.9,14,23,0,41,0,0,0,0
4167.03,2500.0,1.67,17,2,0,26,0,0,0,0
1573.19,1500.0,1.05,15,27,1,49,0,0,0,0
3617.14,2500.0,1.45,17,27,0,46,0,0,0,0
4083.79,4500.0,0.91,17,23,1,41,0,0,0,0
9158.47,6000.0,1.53,11,6,0,35,0,0,0,0
12362.62,12000.0,1.03,10,15,0,16,0,0,1,0
4995.68,6000.0,0.83,18,19,0,24,0,0,0,0
14529.13,2500.0,5.81,18,17,4,11,0,1,2,0
12625.86,8000.0,1.58,0,25,0,40,0,0,0,0
2090.61,1500.0,1.39,12,1,0,12,0,0,1,0
6287.15,4500.0,1.4,19,10,0,31,0,0,1,0
66574.18,12000.0,5.55,9,15,3,47,1,1,0,0
5860.31,4500.0,1.3,20,22,0,49,0,0,1,0
56781.34,2000.0,28.39,13,22,4,11,1,1,2,1
2164.41,3000.0,0.72,16,18,0,34,0,0,0,0
3880.89,3000.0,1.29,15,13,0,12,0,0,0,0
1319.81,1500.0,0.88,9,27,0,50,0,0,0,0
6785.63,1500.0,4.52,0,19,8,44,1,1,2,1
6487.24,6000.0,1.08,13,15,0,14,0,0,0,0
12396.3,12000.0,1.03,18,12,0,44,0,0,0,0
4090.73,4500.0,0.91,13,2,0,22,0,0,0,0
4841.41,6000.0,0.81,18,14,0,6,0,0,0,0
4493.27,6000.0,0.75,15,14,0,22,0,0,0,0
2112.68,1500.0,1.41,10,10,0,19,0,0,0,0
890.46,1500.0,0.59,9,24,0,45,0,0,0,0
1880.27,2000.0,0.94,13,26,0,34,0,0,0,0
7836.91,12000.0,0.65,15,28,0,47,0,0,0,0
4226.9,4500.0,0.94,15,17,0,5,0,0,0,0
1105.04,2000.0,0.55,11,3,0,21,0,0,0,0
4697.73,2500.0,1.88,16,2,1,17,0,0,1,0
20726.58,12000.0,1.73,17,14,0,16,0,0,0,0
9026.11,8000.0,1.13,13,23,0,24,0,0,0,0
1539.12,1500.0,1.03,18,14,0,14,0,0,0,0
1908.11,1500.0,1.27,23,14,1,47,0,0,0,0
1842.77,3000.0,0.61,16,19,0,16,0,0,0,0
9340.44,6000.0,1.56,15,28,0,39,0,0,0,0
1532.92,1500.0,1.02,8,11,0,38,0,0,0,0
3744.3,3000.0,1.25,7,9,0,17,0,0,0,0
3451.57,6000.0,0.58,20,27,0,42,0,0,0,0
8233.72,2000.0,4.12,17,25,5,17,0,0,1,0
3459.52,2500.0,1.38,14,14,0,19,0,0,0,0
9908.78,6000.0,1.65,10,8,0,21,0,0,0,0
18043.99,4500.0,4.01,20,2,3,41,1,1,1,0
1802.72,1500.0,1.2,17,23,0,44,0,0,0,0
2254.66,1500.0,1.5,10,11,0,16,0,0,0,0
1383.64,3000.0,0.46,22,11,0,50,0,0,0,0
2105.21,2500.0,0.84,17,7,0,42,0,0,0,0
14797.36,3000.0,4.93,12,16,5,22,0,0,1,0
926.65,1500.0,0.62,17,4,0,6,0,0,0,0
1474.01,2000.0,0.74,19,20,0,11,0,0,0,0
1807.15,2000.0,0.9,15,14,0,26,0,0,0,0
18856.69,4500.0,4.19,15,10,4,47,1,1,1,0
3019.11,2000.0,1.51,10,25,0,21,0,0,0,0
29425.82,8000.0,3.68,9,12,4,21,1,1,2,0
16890.71,12000.0,1.41,12,6,0,37,0,0,2,0
3314.64,2000.0,1.66,8,28,0,39,0,0,0,0
9549.05,2000.0,4.77,9,27,5,48,0,1,1,0
1412.85,1500.0,0.94,11,7,1,40,0,0,0,0
566.44,1500.0,0.38,14,25,0,43,0,0,0,0
13467.94,8000.0,1.68,17,14,0,25,0,0,0,0
24644.59,4500.0,5.48,6,27,4,21,1,0,1,0
2791.98,3000.0,0.93,16,25,0,27,0,0,0,0
1883.47,2000.0,0.94,11,22,0,16,0,0,0,0
3023.91,2500.0,1.21,10,14,0,35,0,0,0,0
2662.12,1500.0,1.77,15,23,0,42,0,0,0,0
2548.83,2500.0,1.02,17,1,0,23,0,0,0,0
3259.13,2500.0,1.3,13,18,0,5,0,0,0,0
2545.65,3000.0,0.85,19,8,0,23,0,0,0,0
699.38,1500.0,0.47,17,17,0,23,0,0,0,0
70673.56,12000.0,5.89,13,11,5,29,1,1,1,0
22589.65,4000.0,5.65,17,6,4,33,1,0,1,1
2809.9,2000.0,1.4,23,12,0,45,0,0,0,0
1260.93,2000.0,0.63,10,2,0,46,0,0,1,0
2611.2,3000.0,0.87,8,28,0,47,0,0,1,0
810.86,1500.0,0.54,16,14,0,43,0,0,0,0
3145.24,2000.0,1.57,11,14,0,37,0,0,0,0
1574.8,1500.0,1.05,8,21,0,7,0,0,0,0
8986.12,6000.0,1.5,9,23,0,42,0,0,0,0
2670.78,2000.0,1.34,15,17,0,33,0,0,0,0
1186.22,1500.0,0.79,6,26,0,21,0,0,0,0
5234.57,6000.0,0.87,7,4,0,45,0,0,0,0
27188.71,6000.0,4.53,8,18,5,43,1,0,1,0
1856.0,2000.0,0.93,9,11,0,33,0,0,0,0
1755.17,3000.0,0.59,12,20,0,9,0,0,1,0
4834.04,4500.0,1.07,16,13,0,30,0,0,0,0
1564.18,2500.0,0.63,8,15,0,11,0,0,0,0
1203.62,2000.0,0.6,20,27,2,49,0,0,0,0
6717.63,8000.0,0.84,16,3,0,32,0,0,0,0
3923.37,8000.0,0.49,8,11,0,12,0,0,0,0
1992.47,1500.0,1.33,12,2,1,46,0,0,0,0
2009.61,3000.0,0.67,7,5,0,41,0,0,0,0
8460.36,12000.0,0.71,8,20,0,13,0,0,0,0
7742.18,1500.0,5.16,7,21,4,26,1,0,2,0
10422.15,8000.0,1.3,11,11,0,31,0,0,0,0
7538.44,8000.0,0.94,13,26,1,9,0,0,0,0
58343.36,3000.0,19.45,20,9,2,32,1,1,2,1
3854.59,3000.0,1.28,8,22,0,12,0,0,0,0
1958.03,2500.0,0.78,7,17,0,16,0,0,0,0
6918.53,8000.0,0.86,15,22,1,10,0,0,0,0
6400.51,8000.0,0.8,10,22,0,18,0,0,0,0
6922.02,8000.0,0.87,10,16,1,14,0,0,0,0
48214.74,12000.0,4.02,16,25,3,50,1,0,2,0
4144.3,4500.0,0.92,10,10,0,29,0,0,0,0
6694.84,8000.0,0.84,13,9,0,22,0,0,0,0
3318.74,3000.0,1.11,21,5,0,39,0,0,0,0
4954.0,6000.0,0.83,1,23,1,47,0,0,0,0
1920.29,2500.0,0.77,11,8,0,38,0,0,0,0
11514.15,3000.0,3.84,8,16,3,36,1,1,1,0
2300.63,4500.0,0.51,18,26,0,33,0,0,0,0
3174.14,2500.0,1.27,15,26,0,30,1,0,0,0
1485.99,2000.0,0.74,10,3,0,20,0,0,0,0
2124.3,4500.0,0.47,10,9,0,29,0,0,0,0
1408.99,1500.0,0.94,9,4,0,18,0,0,1,0
6030.45,4500.0,1.34,13,11,0,40,0,0,1,0
10502.04,8000.0,1.31,17,27,0,8,0,0,0,0
4711.21,6000.0,0.79,14,4,0,23,0,0,0,0
32981.56,8000.0,4.12,9,26,3,5,1,0,0,0
2425.27,4500.0,0.54,12,28,0,48,0,0,1,0
4193.16,2500.0,1.68,10,14,1,45,0,0,0,0
3332.61,4500.0,0.74,12,6,0,28,0,0,0,0
7363.97,8000.0,0.92,11,21,1,21,0,0,1,0
4412.12,6000.0,0.74,13,14,0,22,0,0,0,0
6286.98,8000.0,0.79,10,16,0,34,0,0,2,0
4748.91,6000.0,0.79,19,23,0,48,0,0,0,0
21923.43,4000.0,5.48,20,1,3,21,1,0,1,1
15048.7,12000.0,1.25,21,28,0,16,0,0,0,0
66179.74,12000.0,5.51,21,19,3,36,1,0,0,0
4233.17,6000.0,0.71,9,15,1,46,0,0,2,0
1860.9,1500.0,1.24,17,25,1,38,0,0,0,0
15228.79,12000.0,1.27,10,6,0,30,0,0,0,0
1942.92,2500.0,0.78,14,23,0,14,0,0,0,0
8258.95,12000.0,0.69,8,4,1,44,1,0,1,0
15959.49,12000.0,1.33,17,14,0,47,0,0,0,0
1936.02,2000.0,0.97,17,26,0,49,0,0,0,0
3262.77,6000.0,0.54,18,11,0,34,1,0,0,0
4168.1,3000.0,1.39,15,5,0,12,0,0,0,0
2260.54,2000.0,1.13,9,28,0,14,0,0,0,0
4107.27,8000.0,0.51,15,17,0,44,0,0,0,0
6831.03,4500.0,1.52,19,22,0,8,0,0,0,0
9725.4,8000.0,1.22,15,11,0,19,0,0,0,0
11322.11,6000.0,1.89,17,11,0,15,0,0,0,0
8318.95,8000.0,1.04,12,6,0,7,0,0,0,0
5579.23,4500.0,1.24,23,18,2,38,0,0,1,0
56287.3,12000.0,4.69,12,5,4,25,0,1,1,0
3176.32,3000.0,1.06,7,26,1,20,0,0,0,0
1691.1,2000.0,0.85,15,7,0,12,0,0,0,0
4921.42,4500.0,1.09,5,23,0,43,0,0,0,0
3643.21,4500.0,0.81,17,17,0,7,0,0,0,0
11777.4,3000.0,3.93,22,7,4,49,1,0,1,0
3798.82,4500.0,0.84,11,12,0,41,0,0,0,0
5257.82,6000.0,0.88,8,10,0,14,0,0,0,0
12142.76,3000.0,4.05,13,7,3,5,0,1,1,0
2683.09,2000.0,1.34,17,19,0,11,0,0,0,0
4525.92,3000.0,1.51,11,19,0,15,0,0,0,0
2155.49,4500.0,0.48,19,16,0,5,0,0,0,0
13690.38,6000.0,2.28,17,5,1,25,0,0,0,0
633.37,1500.0,0.42,7,1,1,19,0,0,0,0
8702.98,8000.0,1.09,17,23,0,36,0,0,0,0
10768.84,6000.0,1.79,18,4,0,22,0,0,0,0
1469.73,2000.0,0.73,15,8,0,8,0,0,0,0
15658.99,2000.0,7.83,2,11,5,15,1,1,1,1
5483.04,3000.0,1.83,10,7,1,27,0,0,0,0
2661.46,4500.0,0.59,19,12,1,30,0,0,0,0
19642.76,8000.0,2.46,23,13,0,19,0,0,0,0
3622.26,6000.0,0.6,18,24,1,40,0,0,0,0
17228.94,3000.0,5.74,9,6,5,19,1,1,1,0
2182.01,1500.0,1.45,16,3,0,47,0,0,0,0
1620.18,1500.0,1.08,8,9,2,32,0,0,0,0
5566.2,4500.0,1.24,21,12,0,18,0,0,1,0
11926.63,12000.0,0.99,17,18,1,29,0,0,0,0
6801.23,8000.0,0.85,13,26,0,33,0,0,0,0
6949.25,8000.0,0.87,11,28,0,24,1,0,0,0
17411.76,4500.0,3.87,11,5,5,12,0,0,1,0
34522.14,6000.0,5.75,20,27,4,37,1,1,2,0
4859.88,8000.0,0.61,6,12,0,29,0,0,0,0
17534.66,8000.0,2.19,15,5,0,17,0,0,0,0
10014.68,8000.0,1.25,17,22,0,31,0,0,0,0
1926.58,2500.0,0.77,9,14,0,25,0,0,0,0
6817.68,6000.0,1.14,12,25,0,48,0,0,0,0
2657.41,2000.0,1.33,18,2,0,37,0,0,0,0
1558.52,2500.0,0.62,6,27,0,25,0,0,0,0
7365.43,4500.0,1.64,13,12,0,41,0,0,0,0
10097.7,12000.0,0.84,18,24,0,6,0,0,0,0
22515.48,6000.0,3.75,8,20,3,49,1,1,0,0
51598.06,12000.0,4.3,8,12,5,24,1,0,2,0
2148.53,1500.0,1.43,12,23,0,20,0,0,0,0
1479.58,2000.0,0.74,17,26,0,27,0,0,0,0
13718.08,12000.0,1.14,19,5,0,40,0,0,0,0
8382.02,12000.0,0.7,18,5,0,48,0,0,0,0
3066.63,2500.0,1.23,12,6,0,15,0,0,0,0
6188.18,8000.0,0.77,12,25,1,50,0,0,0,0
3117.62,2500.0,1.25,16,23,0,7,0,0,0,0
9127.53,8000.0,1.14,8,9,1,38,1,0,0,0
11287.99,8000.0,1.41,11,27,0,17,0,0,0,0
1095.97,2500.0,0.44,10,18,0,18,0,0,0,0
113344.26,4000.0,28.34,15,22,5,24,1,1,2,1
1400.6,1500.0,0.93,18,6,0,26,0,0,2,0
6947.91,1500.0,4.63,14,15,5,41,1,0,1,0
5302.02,1500.0,3.53,21,24,5,35,0,1,1,0
2782.21,4500.0,0.62,16,24,0,32,0,0,0,0
18517.32,4500.0,4.11,11,13,3,8,1,0,1,0
18017.07,12000.0,1.5,17,24,0,8,0,0,0,0
1931.2,1500.0,1.29,13,23,1,39,0,0,0,0
1607.66,1500.0,1.07,20,17,0,36,0,0,0,0
2009.63,1500.0,1.34,7,9,0,38,0,0,0,0
2380.5,3000.0,0.79,11,3,0,41,1,0,0,0
1737.83,2000.0,0.87,13,1,1,5,0,0,0,0
10935.42,2500.0,4.37,12,8,5,23,1,1,1,0
9902.36,2500.0,3.96,8,25,3,20,1,1,2,0
3624.49,3000.0,1.21,12,19,0,33,0,0,0,0
6973.33,6000.0,1.16,11,15,0,30,0,0,1,0
23026.71,12000.0,1.92,21,19,0,46,0,0,0,0
20015.66,12000.0,1.67,15,11,0,39,0,0,1,0
3961.75,3000.0,1.32,18,6,0,7,0,0,0,0
1266.9,2000.0,0.63,11,23,0,49,0,0,0,0
12788.45,6000.0,2.13,9,18,0,8,0,0,0,0
8932.58,12000.0,0.74,10,28,0,8,0,0,0,0
56831.13,2500.0,22.73,3,9,6,45,1,1,2,1
9996.9,12000.0,0.83,20,12,0,9,0,0,0,0
31865.55,8000.0,3.98,7,14,3,17,1,1,1,0
3935.12,2500.0,1.57,16,11,0,47,0,0,0,0
901.66,1500.0,0.6,13,11,0,12,0,0,0,0
21698.57,4500.0,4.82,12,24,3,35,1,0,1,0
13412.0,3000.0,4.47,18,17,5,36,1,0,0,0
2272.7,3000.0,0.76,22,27,0,44,0,0,0,0
1391.44,2000.0,0.7,10,25,0,40,0,0,1,0
7515.98,6000.0,1.25,9,9,0,48,0,0,1,0
1167.6,1500.0,0.78,12,12,0,48,0,0,0,0
2508.82,1500.0,1.67,10,5,0,35,0,0,0,0
9152.7,12000.0,0.76,15,7,0,31,0,0,0,0
7726.3,12000.0,0.64,16,15,0,20,0,0,0,0
14803.16,12000.0,1.23,9,1,0,48,0,0,0,0
890.99,1500.0,0.59,19,2,0,40,0,0,1,0
1231.96,3000.0,0.41,11,3,0,40,0,0,0,0
23241.32,3000.0,7.75,6,3,5,38,1,1,2,1
1846.01,2500.0,0.74,15,27,0,38,0,0,0,0
11845.43,2500.0,4.74,14,20,4,23,0,0,1,0
1422.22,1500.0,0.95,16,22,0,28,0,0,0,0
2698.85,2000.0,1.35,14,6,0,49,0,0,0,0
1426.84,1500.0,0.95,10,26,0,43,0,0,0,0
1348.19,2500.0,0.54,12,21,0,9,0,0,2,0
924.34,1500.0,0.62,7,28,0,43,0,0,0,0
8137.49,12000.0,0.68,10,12,0,27,0,0,0,0
5698.0,8000.0,0.71,22,23,0,8,0,1,0,0
2996.78,2500.0,1.2,17,5,0,26,0,0,0,0
1351.5,2500.0,0.54,12,2,0,17,0,0,0,0
3060.2,3000.0,1.02,22,28,0,8,0,0,0,0
5723.46,1500.0,3.82,15,7,3,15,0,0,0,0
2147.12,2000.0,1.07,19,4,0,39,0,0,0,0
1777.96,1500.0,1.19,14,24,0,47,0,0,0,0
2303.71,1500.0,1.54,11,2,0,33,0,0,1,0
3480.87,3000.0,1.16,17,22,0,44,0,0,0,0
19374.64,4000.0,4.84,11,5,3,22,1,1,2,1
30962.79,8000.0,3.87,14,5,4,22,1,1,1,0
5848.96,8000.0,0.73,9,28,0,40,0,0,0,0
2242.44,2500.0,0.9,19,12,0,33,0,0,0,0
2650.48,2000.0,1.33,15,14,0,42,0,0,0,0
6191.43,4500.0,1.38,11,1,0,39,0,0,0,0
2160.19,2500.0,0.86,14,25,0,29,0,0,1,0
1585.71,2500.0,0.63,9,21,0,16,0,0,0,0
1301.53,2500.0,0.52,15,16,0,14,0,0,0,0
16536.38,12000.0,1.38,11,16,0,47,0,0,0,0
2087.64,1500.0,1.39,11,12,0,35,0,0,0,0
1721.03,2000.0,0.86,0,8,1,7,0,0,0,0
4579.74,6000.0,0.76,15,13,0,48,0,0,1,0
5381.67,3000.0,1.79,17,6,0,29,0,0,0,0
4326.2,3000.0,1.44,11,21,0,46,0,0,0,0
12073.53,3000.0,4.02,18,15,3,13,1,0,0,0
4550.85,2500.0,1.82,21,27,0,23,0,0,0,0
1959.27,3000.0,0.65,17,28,0,36,0,0,0,0
20076.91,12000.0,1.67,16,20,0,32,0,0,0,0
9882.46,12000.0,0.82,5,18,0,5,0,0,0,0
6337.84,4500.0,1.41,13,11,0,46,0,0,0,0
5641.19,1500.0,3.76,16,16,5,44,0,1,1,0
28559.52,1500.0,19.04,3,11,8,34,1,1,2,1
2757.76,2000.0,1.38,12,15,0,40,0,0,0,0
5015.99,3000.0,1.67,12,3,1,24,0,0,0,0
4088.3,6000.0,0.68,19,8,0,20,0,0,1,0
3814.16,2500.0,1.53,0,22,0,28,0,0,0,0
4441.8,3000.0,1.48,11,18,1,35,0,0,0,0
3211.14,2500.0,1.28,10,16,0,41,0,0,0,0
14478.54,2500.0,5.79,17,18,5,36,1,0,1,1
1917.39,1500.0,1.28,23,25,1,19,0,0,0,0
1475.11,3000.0,0.49,11,10,0,14,0,0,1,0
1701.13,2000.0,0.85,20,4,0,31,0,0,0,0
4936.52,3000.0,1.65,12,26,1,35,0,0,0,0
22922.0,12000.0,1.91,12,28,0,17,0,0,0,0
7975.1,6000.0,1.33,13,14,0,16,0,0,0,0
11614.01,2500.0,4.65,15,5,3,40,1,1,1,1
2998.44,4500.0,0.67,11,19,0,6,0,0,0,0
57152.02,3000.0,19.05,2,14,4,13,1,1,2,1
25326.23,4500.0,5.63,9,3,5,42,0,0,1,0
4174.54,6000.0,0.7,16,16,0,41,0,0,0,0
43685.04,12000.0,3.64,21,8,5,6,1,0,1,0
9357.69,12000.0,0.78,12,3,0,45,0,0,0,0
1986.82,1500.0,1.32,9,2,0,25,0,0,0,0
3023.22,2500.0,1.21,9,11,0,34,0,0,0,0
1853.21,2000.0,0.93,1,12,0,37,0,0,0,0
3912.99,6000.0,0.65,1,16,0,44,0,0,0,0
2390.67,2500.0,0.96,18,10,0,6,0,0,0,0
14447.72,12000.0,1.2,14,2,0,16,0,0,1,0
7914.69,12000.0,0.66,21,9,0,19,0,0,1,0
2531.74,6000.0,0.42,12,15,0,29,0,0,0,0
5937.97,4500.0,1.32,15,14,0,10,0,0,1,0
1036.73,1500.0,0.69,19,7,0,49,0,0,0,0
4146.18,4500.0,0.92,8,12,0,24,0,0,0,0
2147.63,2500.0,0.86,2,3,0,12,0,0,0,0
3867.22,3000.0,1.29,17,26,0,39,0,0,0,0
6004.05,6000.0,1.0,15,23,1,8,0,0,0,0
8507.05,1500.0,5.67,10,26,5,45,0,0,0,0
1699.99,2500.0,0.68,18,24,0,11,0,0,0,0
2991.54,2500.0,1.2,7,25,0,8,0,0,0,0
10780.02,12000.0,0.9,12,3,0,49,0,0,0,0
7757.33,4500.0,1.72,16,26,0,42,0,0,0,0
3468.22,3000.0,1.16,14,26,0,37,0,0,1,0
2790.42,2500.0,1.12,9,7,0,18,0,0,1,0
1076.96,2000.0,0.54,22,2,0,15,0,0,1,0
8043.9,4500.0,1.79,16,13,0,5,0,0,1,0
3214.92,2500.0,1.29,17,27,0,30,0,0,0,0
19091.93,12000.0,1.59,9,9,0,34,0,0,0,0
2469.05,3000.0,0.82,0,21,2,38,0,0,0,0
8243.31,2000.0,4.12,12,15,4,23,0,0,1,0
58036.61,12000.0,4.84,10,10,4,39,1,0,2,0
40749.56,8000.0,5.09,10,11,3,11,1,0,0,0
3939.33,4500.0,0.88,8,25,0,8,0,0,0,0
3878.9,2500.0,1.55,15,16,1,11,0,0,0,0
4877.42,4500.0,1.08,15,19,1,13,0,0,0,0
7289.45,8000.0,0.91,13,28,0,30,0,0,0,0
2614.56,1500.0,1.74,10,10,0,17,0,0,0,0
6363.11,1500.0,4.24,10,16,4,42,1,0,2,0
6778.89,4500.0,1.51,13,12,0,26,0,0,0,0
940.8,1500.0,0.63,14,4,0,19,0,0,0,0
2507.31,3000.0,0.84,8,13,0,50,0,0,0,0
9477.68,12000.0,0.79,9,11,0,47,0,0,0,0
29468.4,6000.0,4.91,12,25,5,36,1,0,1,0
22063.99,1500.0,14.71,0,27,4,12,1,1,2,1
3290.09,3000.0,1.1,12,11,0,19,0,0,0,0
2818.12,2000.0,1.41,10,7,0,8,0,0,0,0
9976.05,8000.0,1.25,15,11,0,5,0,0,0,0
1490.67,2000.0,0.75,13,28,0,39,0,0,0,0
5398.36,12000.0,0.45,11,27,0,6,0,0,0,0
7067.24,2000.0,3.53,8,28,4,44,1,1,1,0
2358.66,3000.0,0.79,20,1,0,13,0,0,0,0
8364.02,8000.0,1.05,13,24,0,31,0,0,0,0
10882.84,12000.0,0.91,11,22,0,30,0,0,0,0
11710.41,8000.0,1.46,6,13,1,19,0,0,1,0
2206.45,2000.0,1.1,8,4,0,32,0,0,0,0
7900.77,12000.0,0.66,14,9,0,36,0,0,0,0
2095.89,2000.0,1.05,10,18,0,18,0,0,0,0
42266.81,12000.0,3.52,15,12,5,22,1,0,1,0
8466.62,4500.0,1.88,11,22,0,40,0,0,1,0
3844.34,2500.0,1.54,15,26,0,25,0,0,1,0
1398.64,1500.0,0.93,17,23,1,32,0,0,0,0
10383.47,8000.0,1.3,15,1,0,36,0,0,0,0
3667.14,4500.0,0.81,9,8,1,30,0,0,0,0
1947.68,1500.0,1.3,11,9,0,26,0,0,0,0
5114.57,6000.0,0.85,16,24,0,5,0,0,0,0
1980.17,1500.0,1.32,19,10,0,35,0,0,0,0
1748.41,1500.0,1.17,15,21,0,13,0,1,0,0
1673.44,1500.0,1.12,15,11,1,40,0,0,0,0
6073.58,6000.0,1.01,16,13,0,41,0,0,0,0
31548.39,8000.0,3.94,8,2,4,20,1,0,1,0
3148.46,2500.0,1.26,14,3,0,43,0,0,0,0
8486.4,1500.0,5.66,17,12,4,36,0,0,0,0
11364.5,1500.0,7.58,2,20,10,31,0,0,1,1
1367.92,2500.0,0.55,10,23,0,28,0,0,0,0
3186.89,2500.0,1.27,8,17,0,30,0,0,0,0
2180.92,2500.0,0.87,22,8,1,9,0,0,0,0
3310.03,2500.0,1.32,15,24,0,26,1,0,0,0
5701.68,8000.0,0.71,12,7,0,10,1,0,0,0
9992.34,6000.0,1.67,12,15,0,19,0,0,0,0
5784.29,8000.0,0.72,19,16,2,45,0,0,0,0
2642.57,3000.0,0.88,0,16,1,50,0,0,0,0
6931.37,12000.0,0.58,10,25,0,29,0,0,1,0
3114.75,3000.0,1.04,8,25,0,27,0,0,0,0
12905.41,12000.0,1.08,11,18,0,8,0,0,0,0
8767.82,12000.0,0.73,14,16,0,38,0,0,0,0
1532.35,3000.0,0.51,18,21,0,9,0,0,1,0
13972.25,12000.0,1.16,17,27,0,48,0,0,0,0
6810.04,12000.0,0.57,8,25,0,50,0,0,0,0
1784.54,3000.0,0.59,18,16,0,9,0,0,0,0
2135.52,1500.0,1.42,18,17,0,13,0,0,0,0
6547.2,1500.0,4.36,11,9,4,31,1,0,1,0
5067.34,3000.0,1.69,9,23,0,6,0,0,1,0
2076.25,2000.0,1.04,18,2,1,40,0,0,0,0
59801.1,12000.0,4.98,18,27,5,38,1,0,0,0
17607.21,4000.0,4.4,8,15,4,22,1,1,1,1
1374.03,1500.0,0.92,11,9,1,35,0,0,0,0
1704.85,1500.0,1.14,15,20,0,5,0,0,0,0
4462.4,3000.0,1.49,13,28,1,31,0,0,0,0
9844.79,12000.0,0.82,17,6,0,44,0,0,0,0
37055.67,8000.0,4.63,6,27,5,14,1,0,0,0
5042.66,3000.0,1.68,12,15,0,49,0,0,0,0
2584.89,2500.0,1.03,18,13,0,25,0,0,0,0
1562.96,2500.0,0.63,7,16,0,47,0,0,0,0
1282.6,1500.0,0.86,14,26,0,10,0,0,0,0
4832.05,4500.0,1.07,16,16,0,47,0,0,0,0
2571.34,2500.0,1.03,13,9,0,45,0,0,0,0
1530.14,1500.0,1.02,14,3,0,38,0,0,0,0
1446.55,2000.0,0.72,8,2,1,26,0,0,0,0
1121.94,1500.0,0.75,13,9,0,40,0,0,1,0
3969.65,3000.0,1.32,13,1,0,48,0,0,0,0
16545.83,8000.0,2.07,16,3,0,30,0,0,0,0
1563.79,1500.0,1.04,10,27,0,7,0,0,0,0
4206.81,4500.0,0.93,7,3,0,27,0,0,0,0
6067.23,4500.0,1.35,12,12,1,13,0,0,1,0
2751.05,3000.0,0.92,17,18,0,21,0,0,0,0
14382.56,6000.0,2.4,10,3,0,11,0,0,0,0
6253.49,6000.0,1.04,19,16,0,48,0,0,1,0
9233.82,12000.0,0.77,16,28,0,35,0,0,0,0
3671.85,4500.0,0.82,16,2,0,41,0,1,0,0
6036.49,6000.0,1.01,8,5,0,33,0,0,0,0
3722.1,2500.0,1.49,7,10,1,8,0,0,0,0
2603.54,2000.0,1.3,9,12,0,34,0,1,0,0
14367.66,3000.0,4.79,19,5,3,31,1,0,1,1
7502.39,4500.0,1.67,16,25,0,15,0,0,0,0
9320.44,8000.0,1.17,12,6,0,29,0,0,0,0
9803.89,12000.0,0.82,11,22,0,15,0,0,0,0
5490.05,8000.0,0.69,12,8,0,25,0,0,0,0
2349.76,6000.0,0.39,9,11,0,22,0,0,0,0
2031.06,2500.0,0.81,11,9,0,13,0,0,0,0
5051.34,8000.0,0.63,18,12,1,22,0,0,0,0
6451.35,6000.0,1.08,19,10,0,24,0,0,1,0
1340.05,1500.0,0.89,8,24,1,8,0,0,0,0
6575.48,6000.0,1.1,13,7,0,14,0,0,0,0
2999.62,2000.0,1.5,10,25,1,43,0,0,0,0
991.41,1500.0,0.66,12,2,0,8,0,0,0,0
25771.97,12000.0,2.15,17,27,0,26,0,0,0,0
3223.46,2500.0,1.29,13,18,1,38,0,0,0,0
3681.52,3000.0,1.23,17,4,0,20,0,0,0,0
10497.06,2000.0,5.25,10,1,4,20,0,1,1,0
1100.95,2000.0,0.55,8,26,0,21,0,0,0,0
10936.12,2000.0,5.47,9,27,3,49,0,1,1,0
8509.54,6000.0,1.42,15,16,0,16,0,0,0,0
7284.23,1500.0,4.86,11,6,4,43,1,0,1,0
12469.6,12000.0,1.04,16,10,0,35,0,0,0,0
2444.28,2500.0,0.98,18,15,0,11,0,0,0,0
1964.59,2500.0,0.79,6,28,1,9,0,0,0,0
14558.41,12000.0,1.21,11,2,1,36,0,0,0,0
5540.36,4500.0,1.23,3,11,0,43,0,0,0,0
28614.65,12000.0,2.38,9,28,0,12,0,0,0,0
2231.66,2000.0,1.12,13,27,0,42,0,0,0,0
1867.59,1500.0,1.25,21,25,1,13,0,0,0,0
21940.92,4500.0,4.88,12,14,4,18,1,0,2,0
1914.02,2500.0,0.77,18,2,0,11,0,0,0,0
4652.18,6000.0,0.78,13,8,0,31,0,0,0,0
14334.91,6000.0,2.39,15,17,0,47,0,0,0,0
2201.24,2000.0,1.1,20,3,0,12,0,0,0,0
4759.15,8000.0,0.59,13,5,1,25,0,0,0,0
3980.02,4500.0,0.88,10,12,0,45,0,0,0,0
36380.87,8000.0,4.55,17,25,5,47,1,1,1,0
5421.75,8000.0,0.68,14,9,0,43,0,0,0,0
4793.06,4500.0,1.07,0,18,0,8,0,0,0,0
1504.32,1500.0,1.0,5,5,0,49,1,0,0,0
2105.73,1500.0,1.4,11,23,0,15,0,0,0,0
6499.32,6000.0,1.08,13,21,0,43,0,0,0,0
1402.01,2000.0,0.7,22,15,0,48,0,0,0,0
4220.73,4500.0,0.94,16,23,0,11,0,0,0,0
10943.03,3000.0,3.65,16,11,5,39,0,0,2,0
2033.81,2500.0,0.81,14,16,0,23,0,0,0,0
2973.24,2000.0,1.49,7,22,0,47,1,0,0,0
6285.95,6000.0,1.05,15,8,0,19,0,0,0,0
5319.88,6000.0,0.89,14,19,0,31,0,0,0,0
1971.64,2500.0,0.79,11,25,2,9,0,0,0,0
12966.46,12000.0,1.08,19,14,1,34,0,0,0,0
3589.11,3000.0,1.2,7,6,0,15,0,0,0,0
1684.54,2000.0,0.84,20,13,0,40,0,0,1,0
2295.41,2500.0,0.92,17,8,0,9,0,0,0,0
22345.33,12000.0,1.86,13,8,1,44,0,0,0,0
3343.96,3000.0,1.11,1,3,1,40,0,0,1,0
7987.0,4500.0,1.77,21,26,0,6,0,0,0,0
10949.03,12000.0,0.91,18,28,0,21,0,0,0,0
2719.19,2500.0,1.09,11,2,0,31,0,0,0,0
2358.09,3000.0,0.79,11,5,0,44,0,0,0,0
2160.51,3000.0,0.72,15,28,0,5,0,0,1,0
1827.66,2000.0,0.91,18,28,0,46,1,0,0,0
152120.79,4000.0,38.03,14,5,3,9,1,0,2,1
16450.87,8000.0,2.06,20,17,0,24,0,0,0,0
5061.04,12000.0,0.42,8,4,0,47,0,0,0,0
7226.09,8000.0,0.9,23,18,0,17,0,0,0,0
2992.72,2500.0,1.2,1,7,0,45,0,0,0,0
3391.79,4500.0,0.75,20,27,0,34,0,0,0,0
3854.86,2000.0,1.93,8,2,0,32,0,0,0,0
5571.64,6000.0,0.93,10,6,0,37,0,1,0,0
20970.12,4500.0,4.66,15,4,3,27,1,0,1,0
5173.35,8000.0,0.65,13,24,0,14,0,0,0,0
9643.16,2000.0,4.82,13,26,3,18,0,0,0,0
1603.16,1500.0,1.07,15,23,0,25,0,0,0,0
1470.85,2500.0,0.59,22,24,1,50,0,0,0,0
3802.96,4500.0,0.85,11,4,0,32,0,0,0,0
4309.46,4500.0,0.96,17,10,0,38,0,0,1,0
3055.95,2500.0,1.22,16,4,0,47,0,0,0,0
4544.05,4500.0,1.01,5,2,0,40,0,0,0,0
6689.7,8000.0,0.84,9,17,0,27,0,0,0,0
2337.46,2500.0,0.93,9,19,1,39,0,0,0,0
12519.91,12000.0,1.04,10,17,0,15,0,0,0,0
10804.76,3000.0,3.6,17,18,4,21,1,0,1,0
4580.17,4500.0,1.02,14,27,1,29,0,0,0,0
5981.11,8000.0,0.75,11,8,0,17,0,0,1,0
3516.87,4500.0,0.78,16,13,0,28,0,1,0,0
2639.36,2000.0,1.32,11,10,0,18,0,0,0,0
9490.54,8000.0,1.19,12,20,0,46,0,0,0,0
5626.75,4500.0,1.25,17,7,0,21,0,0,0,0
2777.82,3000.0,0.93,16,20,0,45,0,1,0,0
3243.38,2000.0,1.62,13,16,1,24,0,0,0,0
3075.89,3000.0,1.03,10,8,0,20,0,0,0,0
2656.92,2500.0,1.06,14,23,0,40,1,0,0,0
3479.43,2000.0,1.74,15,6,0,23,0,0,1,0
1836.42,2500.0,0.73,10,8,0,50,0,0,0,0
2115.35,3000.0,0.71,11,27,0,48,1,0,0,0
1360.91,2000.0,0.68,12,4,0,18,0,0,0,0
11494.99,3000.0,3.83,18,12,4,50,1,0,1,0
2958.51,2500.0,1.18,7,5,0,46,0,0,0,0
4285.67,3000.0,1.43,12,27,0,19,0,0,0,0
6958.23,4500.0,1.55,6,22,0,38,0,0,0,0
2263.05,1500.0,1.51,14,17,0,34,0,0,0,0
8451.78,6000.0,1.41,12,12,0,49,0,0,0,0
9463.93,12000.0,0.79,13,4,0,46,0,0,0,0
7165.48,6000.0,1.19,11,16,0,5,0,0,0,0
5846.71,4500.0,1.3,8,8,0,38,0,0,0,0
9283.08,12000.0,0.77,13,23,0,36,0,0,0,0
2922.79,3000.0,0.97,19,7,0,41,0,0,0,0
8433.02,12000.0,0.7,23,7,1,50,0,0,0,0
2483.41,2500.0,0.99,21,13,0,17,0,0,0,0
2208.53,2500.0,0.88,13,25,0,38,0,0,0,0
6938.97,6000.0,1.16,15,28,0,38,0,0,0,0
14965.88,8000.0,1.87,18,17,0,31,0,0,0,0
70340.52,12000.0,5.86,8,24,3,49,0,0,1,0
6684.55,8000.0,0.84,19,12,1,28,0,0,0,0
7065.64,2000.0,3.53,12,15,3,29,1,0,1,0
11106.11,12000.0,0.93,18,13,0,47,0,0,0,0
2586.43,3000.0,0.86,14,8,2,28,0,0,0,0
3322.76,2500.0,1.33,17,5,0,27,0,0,0,0
3805.49,4500.0,0.85,12,21,0,41,0,0,0,0
16611.69,12000.0,1.38,17,22,0,10,0,0,0,0
8591.02,8000.0,1.07,11,15,1,10,0,0,0,0
2497.32,2500.0,1.0,15,10,0,29,0,0,0,0
7638.59,4500.0,1.7,23,18,0,34,0,0,0,0
2894.64,3000.0,0.96,20,3,0,17,0,0,0,0
4517.19,8000.0,0.56,13,8,0,29,0,0,0,0
4181.29,8000.0,0.52,9,6,0,32,0,0,1,0
2267.67,3000.0,0.76,10,19,0,44,0,0,0,0
2498.43,3000.0,0.83,11,23,0,16,0,0,0,0
6879.63,8000.0,0.86,20,16,0,12,0,0,1,0
10276.97,6000.0,1.71,12,21,0,33,0,0,0,0
7597.33,6000.0,1.27,15,19,0,47,0,0,1,0
7153.02,8000.0,0.89,17,5,0,6,0,0,1,0
2605.24,1500.0,1.74,10,8,0,15,0,0,1,0
6842.25,12000.0,0.57,16,14,0,31,0,0,0,0
1119.6,1500.0,0.75,21,21,0,47,0,0,1,0
5223.11,6000.0,0.87,7,25,0,28,0,0,0,0
2534.25,3000.0,0.84,17,9,0,49,0,0,0,0
3563.32,6000.0,0.59,9,24,2,7,0,1,0,0
3591.34,6000.0,0.6,14,7,0,34,0,0,0,0
6276.65,4500.0,1.39,16,13,0,7,0,0,0,0
5031.18,4500.0,1.12,16,24,0,23,0,0,0,0
2078.1,1500.0,1.39,12,13,0,7,0,0,0,0
16327.94,12000.0,1.36,20,11,0,11,0,0,0,0
5049.67,3000.0,1.68,7,21,0,35,0,0,0,0
5667.34,8000.0,0.71,16,22,0,31,0,0,0,0
9051.86,2000.0,4.53,13,28,5,19,0,0,1,0
41288.09,8000.0,5.16,10,19,4,40,0,0,1,0
8183.15,6000.0,1.36,10,26,0,7,0,0,0,0
1520.01,1500.0,1.01,20,18,0,30,0,1,0,0
2208.9,1500.0,1.47,9,5,0,42,0,0,0,0
2176.64,2500.0,0.87,11,2,0,25,0,0,0,0
23635.03,12000.0,1.97,17,26,1,48,0,0,0,0
2258.52,1500.0,1.51,20,10,1,10,0,0,0,0
7961.57,1500.0,5.31,17,16,5,20,1,0,1,0
10277.77,6000.0,1.71,10,25,0,22,0,0,0,0
2991.78,2000.0,1.5,19,25,0,17,1,0,0,0
6681.76,6000.0,1.11,9,8,0,45,0,0,0,0
2758.92,3000.0,0.92,0,27,0,41,1,0,0,0
2491.8,2000.0,1.25,17,10,1,32,0,0,0,0
2122.54,1500.0,1.42,11,4,0,23,0,0,0,0
1745.7,2500.0,0.7,15,1,2,44,0,0,0,0
7912.79,8000.0,0.99,16,15,0,32,0,0,0,0
2651.45,3000.0,0.88,7,23,1,37,0,0,0,0
2511.35,3000.0,0.84,11,1,0,22,0,0,0,0
3660.4,2000.0,1.83,22,28,0,18,0,0,0,0
14858.46,2500.0,5.94,10,3,5,38,1,0,1,0
18328.02,12000.0,1.53,20,5,1,32,0,0,0,0
1175.16,2000.0,0.59,8,6,0,46,0,0,0,0
1517.98,1500.0,1.01,14,24,0,9,0,0,0,0
12443.35,8000.0,1.56,5,26,0,26,0,0,0,0
6657.6,4500.0,1.48,19,21,0,37,0,0,0,0
2966.18,2000.0,1.48,9,9,0,37,0,0,0,0
4041.91,8000.0,0.51,15,6,0,7,0,0,0,0
909.26,1500.0,0.61,8,4,0,5,0,0,0,0
4696.03,3000.0,1.57,11,3,0,34,0,0,0,0
2422.51,1500.0,1.62,9,16,0,44,0,0,0,0
12171.72,2500.0,4.87,14,2,3,45,1,1,2,1
5583.26,8000.0,0.7,7,13,0,41,0,0,0,0
6761.77,6000.0,1.13,10,8,0,7,0,0,0,0
14560.0,8000.0,1.82,20,23,0,30,1,0,0,0
2898.11,3000.0,0.97,11,2,2,19,0,0,1,0
7618.92,8000.0,0.95,20,25,0,11,0,0,0,0
5350.19,6000.0,0.89,18,25,0,21,0,0,0,0
13525.59,3000.0,4.51,15,15,5,27,0,0,1,0
11255.22,12000.0,0.94,9,6,0,9,0,0,0,0
4821.74,4500.0,1.07,13,1,1,33,0,0,0,0
2031.66,2500.0,0.81,7,27,0,14,1,0,0,0
5297.57,4500.0,1.18,10,18,0,27,0,0,0,0
7986.11,6000.0,1.33,7,25,0,23,0,0,1,0
6345.66,12000.0,0.53,14,14,0,13,0,1,1,0
30890.89,6000.0,5.15,8,18,5,5,1,1,0,0
30883.23,6000.0,5.15,17,21,3,5,0,0,1,0
6999.41,6000.0,1.17,6,11,0,24,0,0,0,0
10459.23,2000.0,5.23,8,1,5,43,1,1,2,0
3220.15,4500.0,0.72,9,9,0,29,0,0,0,0
15238.79,8000.0,1.9,16,3,0,48,0,0,0,0
1782.47,2500.0,0.71,10,5,0,45,0,0,0,0
4759.3,4500.0,1.06,9,22,0,38,0,0,0,0
2593.12,2500.0,1.04,15,23,0,29,0,0,0,0
7819.45,8000.0,0.98,9,15,0,5,0,0,0,0
1780.34,2500.0,0.71,10,23,0,7,0,0,0,0
5937.6,6000.0,0.99,14,18,0,39,0,0,0,0
1369.5,2000.0,0.68,18,16,0,23,0,0,0,0
14766.07,8000.0,1.85,9,20,1,11,0,0,0,0
3311.3,3000.0,1.1,17,5,0,40,0,0,0,0
13830.01,8000.0,1.73,19,19,0,31,0,0,0,0
5821.51,1500.0,3.88,19,16,5,11,0,1,0,0
2413.56,2500.0,0.97,9,17,0,42,0,0,0,0
43861.1,8000.0,5.48,15,19,5,8,1,0,2,0
5698.79,4500.0,1.27,21,12,0,40,0,0,1,0
6220.7,8000.0,0.78,11,22,0,11,0,0,0,0
10933.06,12000.0,0.91,18,20,0,7,1,0,0,0
5495.87,3000.0,1.83,12,1,0,10,0,0,1,0
3577.63,6000.0,0.6,17,25,0,29,0,0,0,0
12139.13,12000.0,1.01,15,19,1,36,0,0,0,0
3136.14,2500.0,1.25,7,28,2,12,0,0,0,0
5714.55,6000.0,0.95,15,2,0,47,0,0,1,0
1560.47,2000.0,0.78,16,7,1,22,0,0,0,0
14257.09,2500.0,5.7,15,19,4,15,0,1,1,0
625.13,1500.0,0.42,15,1,0,46,0,0,0,0
6357.36,12000.0,0.53,13,22,0,28,0,0,0,0
11434.91,6000.0,1.91,8,10,0,6,0,0,0,0
30831.81,8000.0,3.85,17,1,5,35,0,0,2,0
2469.87,2500.0,0.99,15,8,0,32,0,0,0,0
1986.96,2000.0,0.99,8,19,0,46,0,0,0,0
2063.82,2000.0,1.03,10,28,0,47,0,0,0,0
26366.94,4500.0,5.86,16,27,5,45,1,0,1,0
2642.46,2000.0,1.32,19,26,0,19,0,0,0,0
10415.16,2000.0,5.21,10,17,5,15,1,0,1,0
24768.85,4500.0,5.5,18,7,3,38,1,1,2,0
2218.77,2000.0,1.11,12,7,0,44,0,0,0,0
7315.94,8000.0,0.91,18,18,1,7,1,0,0,0
3067.85,2500.0,1.23,14,14,0,43,0,0,0,0
7508.12,2000.0,3.75,22,6,4,49,1,0,1,0
4974.59,4500.0,1.11,19,26,0,24,0,0,1,0
1446.07,1500.0,0.96,9,18,0,24,1,0,0,0
3099.82,3000.0,1.03,18,19,0,38,0,0,0,0
1456.38,2000.0,0.73,16,20,0,44,0,0,0,0
6449.86,8000.0,0.81,12,13,0,28,0,0,0,0
1376.26,2000.0,0.69,4,25,0,25,0,0,0,0
4190.79,3000.0,1.4,11,12,0,23,0,0,0,0
2598.36,2500.0,1.04,15,12,1,28,0,0,0,0
10187.62,2500.0,4.08,10,1,3,9,0,0,1,0
1679.59,2500.0,0.67,13,20,1,7,0,0,0,0
1067.01,2000.0,0.53,13,8,0,26,0,0,0,0
2466.47,2500.0,0.99,8,7,0,31,0,0,0,0
1965.37,2000.0,0.98,12,27,0,35,0,0,0,0
7820.28,8000.0,0.98,21,19,0,8,0,0,0,0
2475.15,4500.0,0.55,16,22,0,21,0,0,0,0
9697.61,12000.0,0.81,12,9,0,37,0,0,0,0
1860.58,2000.0,0.93,14,21,0,13,0,0,0,0
5145.1,3000.0,1.72,18,15,0,7,0,0,2,0
8256.91,6000.0,1.38,8,26,0,16,0,0,0,0
4259.33,8000.0,0.53,12,26,0,38,0,0,0,0
7363.8,6000.0,1.23,13,15,0,8,0,0,0,0
12609.13,12000.0,1.05,12,13,1,46,0,0,0,0
1204.36,2000.0,0.6,11,10,0,40,0,0,0,0
4042.42,2500.0,1.62,9,3,1,31,0,0,0,0
1755.49,2500.0,0.7,19,5,0,45,1,0,0,0
7625.31,8000.0,0.95,16,2,0,8,0,0,0,0
13663.36,2500.0,5.47,10,2,3,37,1,1,1,0
6059.42,4500.0,1.35,18,10,0,28,0,1,0,0
11092.49,8000.0,1.39,9,18,0,8,0,0,1,0
32388.1,6000.0,5.4,20,18,3,19,0,0,1,0
2053.1,2500.0,0.82,17,17,0,25,0,0,0,0
12069.49,6000.0,2.01,17,8,0,32,0,0,0,0
2729.64,2000.0,1.36,17,25,0,33,0,0,0,0
4963.84,4500.0,1.1,15,6,0,11,0,0,0,0
3724.37,4500.0,0.83,10,9,1,47,0,0,0,0
8680.85,8000.0,1.09,11,3,0,34,1,0,1,0
2006.83,4500.0,0.45,15,9,0,42,0,0,0,0
2109.07,4500.0,0.47,14,26,0,24,0,0,0,0
7624.61,6000.0,1.27,9,25,0,46,0,0,0,0
4279.82,6000.0,0.71,10,4,0,24,0,0,0,0
3966.23,4500.0,0.88,7,24,0,34,0,0,0,0
14756.91,12000.0,1.23,14,14,0,33,0,0,0,0
2412.77,1500.0,1.61,20,26,1,41,0,0,0,0
4424.67,6000.0,0.74,10,25,0,28,0,0,0,0
4320.49,4500.0,0.96,14,14,1,50,0,0,2,0
1992.7,3000.0,0.66,22,5,0,14,0,0,0,0
5438.75,8000.0,0.68,12,18,0,44,0,0,0,0
20244.33,12000.0,1.69,19,26,0,14,0,1,0,0
4427.34,8000.0,0.55,19,17,0,34,0,0,0,0
2196.21,2000.0,1.1,16,26,0,10,0,0,0,0
14714.03,3000.0,4.9,22,11,3,12,1,0,2,1
9242.91,8000.0,1.16,19,6,0,41,0,0,0,0
15396.88,8000.0,1.92,23,18,0,43,0,0,1,0
4835.77,4500.0,1.07,2,22,1,24,0,1,0,0
3358.48,3000.0,1.12,9,5,0,50,0,0,0,0
13724.84,6000.0,2.29,18,26,0,38,0,0,1,0
2560.73,3000.0,0.85,13,7,1,42,0,0,0,0
2203.91,2000.0,1.1,20,16,0,23,0,0,0,0
2446.87,4500.0,0.54,0,26,1,36,0,0,0,0
1671.18,1500.0,1.11,17,19,2,30,0,0,1,0
1710.42,2500.0,0.68,11,5,0,35,0,0,0,0
3345.3,6000.0,0.56,8,9,0,43,0,0,0,0
1716.86,2500.0,0.69,11,23,1,46,0,0,0,0
48141.11,12000.0,4.01,10,7,3,31,1,1,0,0
4966.4,4500.0,1.1,13,9,0,9,0,0,0,0
8057.47,1500.0,5.37,17,4,4,13,0,0,1,0
2203.62,6000.0,0.37,8,20,0,24,0,0,0,0
1769.78,2000.0,0.88,15,27,2,25,0,0,0,0
649.11,1500.0,0.43,15,10,0,37,0,0,0,0
18897.92,12000.0,1.57,8,22,0,7,0,0,0,0
517.15,1500.0,0.34,17,11,2,27,0,0,1,0
5540.65,6000.0,0.92,15,28,2,28,0,0,1,0
4007.21,3000.0,1.34,19,16,0,32,0,0,0,0
3877.35,4500.0,0.86,9,27,0,5,0,0,0,0
5494.48,3000.0,1.83,16,8,0,40,0,0,0,0
4347.2,6000.0,0.72,9,22,0,7,0,0,0,0
3063.91,2500.0,1.23,18,24,0,23,0,0,0,0
20177.66,4000.0,5.04,16,10,3,38,1,0,1,1
3022.48,4500.0,0.67,6,19,0,31,0,0,0,0
2094.3,2500.0,0.84,11,4,0,9,0,0,0,0
5744.57,6000.0,0.96,19,13,0,21,0,0,0,0
1098.59,1500.0,0.73,13,13,0,5,0,0,0,0
7211.37,8000.0,0.9,15,18,0,6,0,0,0,0
1654.03,1500.0,1.1,23,7,0,25,0,1,1,0
19553.01,4500.0,4.35,20,7,4,26,1,0,0,0
9041.74,12000.0,0.75,21,18,1,43,0,0,0,0
33112.22,6000.0,5.52,8,15,5,8,1,0,0,0
11751.67,1500.0,7.83,23,12,9,44,1,1,2,1
6935.74,8000.0,0.87,9,8,0,47,0,0,0,0
2555.29,2000.0,1.28,15,15,0,6,0,0,0,0
11355.07,6000.0,1.89,8,12,0,35,0,0,0,0
2117.57,8000.0,0.26,18,23,0,21,1,0,0,0
6141.0,6000.0,1.02,18,6,0,40,0,0,0,0
5973.3,8000.0,0.75,17,16,0,7,0,0,0,0
11248.63,3000.0,3.75,19,25,5,34,1,0,2,0
3761.59,4500.0,0.84,11,26,0,26,0,0,1,0
10111.99,6000.0,1.69,11,13,0,5,0,0,0,0
972.68,2000.0,0.49,10,17,0,29,0,0,0,0
59410.01,12000.0,4.95,11,28,5,5,0,0,1,0
7545.7,4500.0,1.68,19,4,0,11,0,0,0,0
2636.41,2000.0,1.32,9,5,1,28,0,0,0,0
2965.27,2500.0,1.19,7,12,0,9,0,0,2,0
1303.36,6000.0,0.22,8,3,0,31,0,0,0,0
24598.7,4500.0,5.47,14,10,3,16,1,0,1,0
17535.74,3000.0,5.85,8,25,4,6,1,0,1,1
3519.14,8000.0,0.44,11,7,0,14,0,0,0,0
2124.38,2500.0,0.85,8,17,0,26,0,0,0,0
3958.59,2000.0,1.98,9,14,0,37,0,0,0,0
2902.51,3000.0,0.97,15,7,0,30,0,0,0,0
818.81,1500.0,0.55,17,16,1,8,0,0,0,0
1795.74,2000.0,0.9,14,19,1,31,0,0,0,0
66043.16,12000.0,5.5,18,19,4,28,0,0,0,0
1069.59,2000.0,0.53,11,11,0,28,0,0,0,0
3358.72,2000.0,1.68,15,6,0,15,0,0,0,0
3233.8,2500.0,1.29,12,28,0,17,0,0,0,0
13266.87,12000.0,1.11,14,5,0,8,0,0,0,0
1743.8,2000.0,0.87,17,20,0,42,0,0,0,0
10904.18,12000.0,0.91,19,25,0,12,0,0,0,0
2798.55,4500.0,0.62,16,5,1,14,0,0,0,0
1774.47,2000.0,0.89,19,11,0,32,0,0,1,0
3703.52,3000.0,1.23,7,13,0,35,0,0,0,0
8052.02,8000.0,1.01,8,2,0,12,0,0,0,0
868.54,1500.0,0.58,16,23,0,32,0,0,0,0
2767.74,6000.0,0.46,9,21,1,21,0,0,1,0
3539.95,3000.0,1.18,20,11,1,19,0,0,0,0
2672.27,3000.0,0.89,18,22,0,26,0,0,0,0
5109.46,8000.0,0.64,17,19,1,29,0,0,0,0
5786.61,8000.0,0.72,17,7,0,6,0,0,0,0
2856.19,4500.0,0.63,21,16,0,28,0,0,1,0
2527.31,4500.0,0.56,18,20,0,21,0,0,0,0
19514.87,1500.0,13.01,15,16,2,41,1,0,1,1
8344.03,6000.0,1.39,13,13,0,19,0,0,1,0
1574.96,2500.0,0.63,10,14,0,7,0,0,1,0
1524.57,2000.0,0.76,11,22,0,39,0,0,0,0
5232.58,6000.0,0.87,19,19,0,42,0,0,0,0
3771.51,4500.0,0.84,8,11,0,11,0,0,0,0
4866.41,3000.0,1.62,23,8,0,50,0,0,1,0
1458.17,2000.0,0.73,14,23,0,47,0,0,0,0
29061.5,6000.0,4.84,15,24,4,13,0,0,2,0
2120.51,4500.0,0.47,13,17,0,36,0,0,0,0
18208.72,12000.0,1.52,14,19,0,43,0,0,0,0
77863.28,4000.0,19.47,13,15,5,11,1,0,2,1
3573.24,4500.0,0.79,14,19,0,24,0,0,0,0
8360.61,8000.0,1.05,12,3,1,20,0,0,0,0
11967.62,2000.0,5.98,11,19,5,43,1,0,1,0
5144.68,3000.0,1.71,17,26,0,35,0,0,0,0
6681.11,6000.0,1.11,12,1,0,49,0,0,0,0
9068.01,2500.0,3.63,12,24,4,42,1,0,2,0
48187.63,12000.0,4.02,13,24,5,45,1,1,1,0
11913.61,2500.0,4.77,20,10,4,7,1,1,2,0
3213.5,3000.0,1.07,15,18,0,23,0,0,0,0
2064.74,2000.0,1.03,22,8,0,26,0,0,1,0
13750.65,12000.0,1.15,16,17,0,11,0,0,0,0
4891.92,6000.0,0.82,17,13,0,17,0,0,0,0
14795.39,3000.0,4.93,14,18,4,40,1,0,2,0
1530.13,3000.0,0.51,20,18,0,29,1,0,0,0
14079.35,2500.0,5.63,19,16,5,49,1,0,0,0
2450.69,2000.0,1.23,20,20,1,12,0,0,0,0
1570.99,1500.0,1.05,12,6,0,31,0,0,0,0
8168.41,8000.0,1.02,11,7,0,48,0,0,0,0
1940.32,2000.0,0.97,11,16,0,46,0,0,0,0
2355.74,2500.0,0.94,19,26,0,28,0,0,0,0
10687.55,12000.0,0.89,12,26,0,19,1,0,1,0
8860.87,12000.0,0.74,8,17,0,39,0,0,1,0
91971.57,3000.0,30.66,3,16,5,32,1,1,2,1
8453.51,12000.0,0.7,16,24,0,29,0,0,0,0
18425.77,12000.0,1.54,8,21,0,8,0,0,0,0
11917.58,8000.0,1.49,22,11,0,41,0,0,0,0
28239.78,2000.0,14.12,1,16,7,29,1,1,2,1
9237.03,12000.0,0.77,10,2,0,18,0,0,0,0
7156.05,8000.0,0.89,13,25,0,42,0,0,0,0
5149.67,8000.0,0.64,10,6,0,35,0,0,0,0
2818.35,2500.0,1.13,15,4,0,38,0,0,0,0
6552.71,4500.0,1.46,6,1,1,5,0,0,0,0
14362.95,2500.0,5.75,13,8,3,34,1,0,1,0
1630.55,1500.0,1.09,9,24,0,18,0,0,0,0
2432.5,2500.0,0.97,10,9,0,7,0,0,0,0
5567.07,8000.0,0.7,15,4,0,50,0,0,0,0
12598.0,12000.0,1.05,14,8,0,21,0,0,0,0
21711.79,6000.0,3.62,10,14,5,28,1,0,1,0
11134.87,8000.0,1.39,16,18,1,47,0,0,0,0
11263.21,3000.0,3.75,17,26,4,42,1,1,1,0
5193.42,6000.0,0.87,17,14,1,6,0,0,1,0
6986.52,6000.0,1.16,10,27,0,25,0,0,1,0
11918.8,2500.0,4.77,17,26,5,46,0,0,1,0
1801.22,2000.0,0.9,17,1,0,21,0,0,0,0
40523.59,8000.0,5.07,14,1,4,12,1,1,1,0
4501.06,4500.0,1.0,16,19,0,16,0,0,0,0
23175.47,6000.0,3.86,20,2,5,39,0,0,0,0
2062.3,2500.0,0.82,17,11,0,47,0,0,0,0
12226.11,8000.0,1.53,18,24,0,38,0,0,0,0
1363.28,1500.0,0.91,18,28,0,48,0,0,0,0
2962.82,2500.0,1.19,22,25,0,15,0,0,0,0
1925.24,2500.0,0.77,15,6,0,44,0,0,0,0
5787.67,6000.0,0.96,16,3,0,32,0,0,1,0
17586.68,3000.0,5.86,15,24,5,38,0,1,1,0
3650.72,4500.0,0.81,14,8,0,7,0,0,1,0
3086.47,3000.0,1.03,7,6,0,26,0,0,0,0
13429.74,12000.0,1.12,8,18,1,44,0,0,0,0
3367.85,2500.0,1.35,21,12,0,17,0,0,0,0
6179.62,12000.0,0.51,10,15,0,18,0,1,0,0
2984.04,3000.0,0.99,12,28,0,5,0,0,0,0
6589.23,8000.0,0.82,15,19,0,12,0,0,0,0
8926.88,2000.0,4.46,19,1,4,45,1,0,2,0
12576.07,12000.0,1.05,14,9,0,32,0,0,0,0
3916.04,2500.0,1.57,12,12,0,36,0,0,1,0
2483.45,2500.0,0.99,15,10,2,11,0,0,0,0
1123.47,1500.0,0.75,6,18,0,44,0,0,0,0
8343.29,8000.0,1.04,10,26,0,14,0,1,1,0
9167.12,6000.0,1.53,21,6,0,40,0,0,0,0
3241.15,3000.0,1.08,16,28,0,48,0,1,0,0
4476.59,8000.0,0.56,11,21,0,29,0,0,1,0
4206.45,3000.0,1.4,19,14,0,27,0,0,0,0
1147.34,2500.0,0.46,17,3,0,15,0,0,0,0
4420.44,4500.0,0.98,10,7,0,41,0,0,0,0
2994.4,3000.0,1.0,17,8,0,26,0,0,0,0
3363.65,2500.0,1.35,11,27,0,12,0,0,0,0
4308.07,6000.0,0.72,23,27,0,39,0,0,0,0
6461.54,6000.0,1.08,23,20,1,43,0,0,0,0
1757.04,1500.0,1.17,8,9,0,8,0,0,0,0
8304.31,2000.0,4.15,20,3,4,10,1,0,1,0
2999.92,2500.0,1.2,13,23,0,40,0,0,0,0
1096.9,1500.0,0.73,7,15,0,17,0,0,0,0
2948.07,3000.0,0.98,12,16,0,14,0,0,0,0
12160.84,12000.0,1.01,16,28,0,30,0,0,0,0
17458.21,12000.0,1.45,9,28,0,35,0,0,0,0
14101.58,12000.0,1.18,17,4,0,49,0,0,0,0
3624.72,3000.0,1.21,19,24,1,36,0,0,0,0
1645.71,1500.0,1.1,23,23,0,19,0,0,0,0
6132.45,6000.0,1.02,6,18,0,50,0,0,0,0
2758.3,2500.0,1.1,16,1,0,48,0,0,0,0
7673.95,12000.0,0.64,8,15,0,6,0,0,0,0
6466.27,4500.0,1.44,16,19,0,33,0,0,0,0
15010.1,12000.0,1.25,11,23,0,43,0,0,0,0
3893.17,4500.0,0.87,18,28,0,18,0,0,0,0
55200.49,12000.0,4.6,20,4,5,25,0,0,2,0
5847.24,4500.0,1.3,14,25,0,10,0,0,0,0
10271.08,6000.0,1.71,11,2,0,50,1,0,0,0
7624.65,1500.0,5.08,14,19,5,12,0,0,2,0
2547.82,2500.0,1.02,13,7,0,33,0,0,0,0
2704.45,1500.0,1.8,16,13,0,21,0,0,0,0
1236.43,1500.0,0.82,16,9,1,7,0,0,1,0
2282.19,2000.0,1.14,19,26,0,37,0,0,0,0
5750.98,12000.0,0.48,0,19,0,31,0,0,0,0
3773.11,8000.0,0.47,14,22,1,22,0,0,1,0
15440.46,3000.0,5.15,13,23,3,45,1,0,1,1
5385.35,6000.0,0.9,13,10,0,49,0,0,0,0
5143.44,6000.0,0.86,1,15,0,21,0,0,0,0
3316.71,4500.0,0.74,11,3,0,48,0,0,0,0
11726.8,6000.0,1.95,17,8,0,19,0,0,0,0
1423.33,1500.0,0.95,9,7,0,41,0,0,0,0
4110.9,4500.0,0.91,9,21,1,17,1,0,0,0
8347.34,12000.0,0.7,15,18,0,7,0,0,0,0
2025.61,2000.0,1.01,16,15,0,36,0,0,0,0
1121.25,1500.0,0.75,15,6,0,38,0,0,1,0
2195.37,2500.0,0.88,18,24,0,43,0,0,1,0
3771.19,6000.0,0.63,8,1,0,48,0,0,0,0
1639.19,2000.0,0.82,8,11,0,18,0,0,0,0
7095.96,12000.0,0.59,11,16,0,23,0,0,1,0
1577.29,2000.0,0.79,18,15,0,39,0,0,0,0
5664.1,8000.0,0.71,18,2,0,18,0,0,0,0
4959.93,2500.0,1.98,17,23,0,26,0,0,0,0
1963.33,2500.0,0.79,20,1,0,18,0,0,0,0
8663.1,1500.0,5.78,9,20,5,32,1,0,1,0
6617.12,6000.0,1.1,13,17,1,40,0,0,1,0
4350.38,4500.0,0.97,18,11,0,43,0,0,0,0
53234.94,2000.0,26.62,17,24,3,30,1,1,0,1
3990.02,3000.0,1.33,9,22,0,13,0,0,0,0
3280.79,2500.0,1.31,9,26,0,20,1,0,0,0
3140.16,3000.0,1.05,19,2,0,40,0,0,0,0
11861.37,12000.0,0.99,12,23,1,21,0,0,0,0
7882.76,4500.0,1.75,7,3,0,22,0,0,0,0
1358.39,2000.0,0.68,10,7,1,11,0,0,0,0
3422.91,3000.0,1.14,17,3,0,5,0,0,0,0
710.19,2000.0,0.36,11,25,0,20,0,0,0,0
9253.4,6000.0,1.54,2,15,0,26,0,0,0,0
2427.01,2000.0,1.21,9,13,0,8,0,0,0,0
17563.25,12000.0,1.46,17,5,1,27,0,0,1,0
46646.32,2500.0,18.66,4,8,7,10,1,1,2,1
2929.41,2500.0,1.17,15,19,0,14,0,0,0,0
8583.58,12000.0,0.72,14,10,0,28,0,0,0,0
1959.34,2500.0,0.78,10,22,0,9,0,0,0,0
2871.46,2000.0,1.44,14,28,0,23,0,0,0,0
2695.47,2500.0,1.08,16,26,0,12,0,0,0,0
1222.28,1500.0,0.81,16,19,0,49,0,0,0,0
4912.48,4500.0,1.09,9,9,0,48,0,0,0,0
12692.61,3000.0,4.23,20,10,3,11,1,0,1,1
2539.14,2000.0,1.27,12,17,0,24,0,0,1,0
3090.85,4500.0,0.69,10,12,0,14,0,0,0,0
9378.45,6000.0,1.56,10,18,0,13,0,0,0,0
2285.37,2500.0,0.91,18,10,0,24,0,0,0,0
2327.17,4500.0,0.52,14,3,0,39,0,0,0,0
1385.86,2000.0,0.69,20,24,1,49,0,0,0,0
4667.33,2000.0,2.33,13,10,0,45,0,0,0,0
3450.29,3000.0,1.15,6,13,0,11,0,0,0,0
35402.45,6000.0,5.9,19,15,5,22,1,1,1,0
2900.45,4500.0,0.64,14,1,0,34,0,0,0,0
8003.36,2000.0,4.0,11,26,5,24,1,1,0,0
14896.74,12000.0,1.24,12,13,0,24,0,0,0,0
1723.34,2000.0,0.86,16,28,0,29,0,0,0,0
5771.78,1500.0,3.85,12,8,4,13,1,0,1,0
29866.21,2000.0,14.93,1,9,8,34,1,1,2,1
4603.74,6000.0,0.77,10,2,0,29,0,0,0,0
7768.62,1500.0,5.18,9,27,3,41,0,0,1,0
985.78,1500.0,0.66,19,9,0,50,0,0,0,0
1353.49,2500.0,0.54,12,2,0,30,0,0,0,0
5584.09,8000.0,0.7,15,4,0,21,0,0,0,0
10603.28,8000.0,1.33,2,2,1,46,0,0,0,0
1756.5,3000.0,0.59,15,2,1,49,0,0,0,0
9252.54,4500.0,2.06,10,18,1,36,0,0,0,0
3104.65,3000.0,1.03,9,11,0,15,1,0,0,0
56457.87,12000.0,4.7,22,4,4,48,0,1,1,0
2860.69,2000.0,1.43,12,10,0,19,0,0,0,0
1592.76,1500.0,1.06,14,19,0,44,0,0,0,0
11571.9,12000.0,0.96,14,12,0,7,0,0,0,0
2031.94,2500.0,0.81,8,25,0,20,0,0,0,0
2508.31,2000.0,1.25,10,15,0,40,0,0,0,0
8350.71,4500.0,1.86,22,25,0,44,0,0,0,0
4405.89,3000.0,1.47,10,2,0,18,0,0,0,0
2240.4,3000.0,0.75,18,2,0,47,0,0,0,0
28740.1,8000.0,3.59,6,22,5,19,0,0,1,0
11350.48,8000.0,1.42,16,21,0,8,0,0,0,0
6514.87,1500.0,4.34,12,23,4,30,0,0,1,0
4371.67,3000.0,1.46,8,14,0,34,0,0,1,0
3560.39,2000.0,1.78,12,14,0,25,0,0,0,0
7514.16,4500.0,1.67,23,24,0,22,0,0,0,0
613.2,1500.0,0.41,16,13,0,26,0,0,0,0
2982.48,6000.0,0.5,7,9,0,23,0,1,0,0
5173.28,12000.0,0.43,16,3,0,27,0,0,0,0
17236.91,4000.0,4.31,10,4,4,5,1,0,1,1
3577.99,2500.0,1.43,14,24,0,9,0,0,0,0
1590.58,2500.0,0.64,18,10,0,36,0,0,0,0
1001.57,1500.0,0.67,19,10,0,21,0,0,0,0
11494.51,8000.0,1.44,18,5,0,34,0,0,0,0
1318.92,2000.0,0.66,19,23,0,36,0,0,0,0
7103.53,2000.0,3.55,9,24,8,35,1,1,2,1
11980.27,12000.0,1.0,12,19,0,17,0,0,1,0
2718.6,3000.0,0.91,17,22,0,12,0,0,1,0
7746.01,6000.0,1.29,15,4,0,11,1,0,0,0
781.82,1500.0,0.52,13,12,1,18,0,0,0,0
11048.99,12000.0,0.92,13,13,0,31,0,0,0,0
1438.94,2000.0,0.72,20,6,1,26,0,0,0,0
4924.25,4500.0,1.09,10,28,0,40,0,0,0,0
23261.6,4500.0,5.17,16,21,4,39,1,1,1,0
1639.68,2500.0,0.66,21,14,0,50,0,0,0,0
12406.49,12000.0,1.03,14,23,0,34,0,0,0,0
2556.64,2000.0,1.28,20,18,2,15,0,0,0,0
943.91,2000.0,0.47,7,28,0,10,0,0,0,0
7399.32,12000.0,0.62,12,8,1,8,0,0,0,0
5312.42,12000.0,0.44,16,12,1,21,0,0,1,0
11669.61,8000.0,1.46,8,7,1,26,0,0,0,0
5778.57,4500.0,1.28,15,2,0,6,0,0,0,0
5087.41,4500.0,1.13,10,21,0,45,0,0,0,0
2540.4,3000.0,0.85,16,23,0,19,0,0,0,0
25257.46,4500.0,5.61,10,13,3,47,1,0,1,0
11325.01,12000.0,0.94,18,22,0,42,0,0,0,0
9090.47,6000.0,1.52,18,15,0,33,0,0,0,0
5229.59,4500.0,1.16,19,25,0,48,0,0,0,0
4960.92,8000.0,0.62,15,12,0,10,0,0,1,0
6762.91,4500.0,1.5,17,18,0,7,0,0,0,0
11977.14,8000.0,1.5,9,20,0,26,0,0,0,0
8054.59,8000.0,1.01,8,7,1,44,0,0,0,0
7821.62,6000.0,1.3,9,17,0,38,0,0,0,0
1343.46,1500.0,0.9,16,13,0,23,0,0,1,0
2255.93,1500.0,1.5,9,23,0,23,0,0,0,0
1970.49,1500.0,1.31,22,21,0,44,0,0,0,0
8250.21,6000.0,1.38,9,23,0,12,0,0,0,0
5429.44,8000.0,0.68,11,26,0,50,0,0,0,0
35204.19,6000.0,5.87,4,5,3,8,1,1,0,0
1238.2,1500.0,0.83,11,18,1,43,0,0,0,0
2452.29,2000.0,1.23,3,27,0,36,0,0,0,0
6811.76,4500.0,1.51,17,20,0,39,0,0,0,0
537.33,1500.0,0.36,20,25,0,30,0,0,0,0
1436.5,1500.0,0.96,22,14,0,18,0,0,0,0
5510.88,4500.0,1.22,12,25,0,11,0,0,0,0
1698.41,2000.0,0.85,19,2,1,22,0,0,0,0
1295.85,2000.0,0.65,9,19,1,44,0,0,0,0
4721.02,6000.0,0.79,12,3,0,12,0,0,0,0
5933.39,8000.0,0.74,17,20,1,32,0,0,1,0
3408.94,3000.0,1.14,8,26,0,23,0,0,0,0
2664.99,1500.0,1.78,20,9,0,35,0,0,0,0
2630.83,4500.0,0.58,13,13,2,37,0,0,1,0
979.51,1500.0,0.65,18,7,0,48,0,0,1,0
1271.91,2000.0,0.64,11,7,0,18,0,0,0,0
1601.82,2000.0,0.8,13,12,0,38,0,0,0,0
5726.74,6000.0,0.95,16,16,1,22,0,1,0,0
2594.67,1500.0,1.73,10,10,0,30,0,0,2,0
2909.8,2000.0,1.45,22,18,0,41,0,0,0,0
1896.24,1500.0,1.26,2,19,0,35,0,0,0,0
2109.21,2000.0,1.05,13,23,0,15,0,0,0,0
16508.65,3000.0,5.5,8,8,3,50,1,1,0,0
2657.26,1500.0,1.77,9,5,0,44,0,0,1,0
15061.19,8000.0,1.88,14,15,0,18,0,0,0,0
2170.68,8000.0,0.27,17,24,0,25,0,0,0,0
3006.67,2500.0,1.2,8,26,0,12,0,0,1,0
9649.07,2000.0,4.82,10,14,3,36,1,0,1,0
2067.05,2000.0,1.03,19,21,0,19,0,0,0,0
1918.22,2000.0,0.96,13,2,0,27,0,0,0,0
2091.93,3000.0,0.7,12,26,0,13,0,0,0,0
1658.95,1500.0,1.11,12,11,1,25,0,0,0,0
3877.42,6000.0,0.65,17,28,1,19,0,0,0,0
3020.17,4500.0,0.67,9,1,1,11,0,0,0,0
13084.77,2500.0,5.23,11,3,5,20,1,0,1,0
3527.13,6000.0,0.59,15,26,1,5,0,0,1,0
19077.74,12000.0,1.59,9,2,2,49,0,0,0,0
65253.39,12000.0,5.44,17,18,4,7,1,0,0,0
12166.69,12000.0,1.01,17,17,0,38,0,0,0,0
4225.14,4500.0,0.94,10,4,1,7,0,0,0,0
2175.37,1500.0,1.45,16,10,0,36,0,0,0,0
7245.51,6000.0,1.21,18,21,0,13,0,0,0,0
5575.58,8000.0,0.7,17,2,0,47,0,0,0,0
19884.5,12000.0,1.66,13,16,0,10,0,0,0,0
7244.84,4500.0,1.61,18,21,0,32,0,0,0,0
3967.04,4500.0,0.88,9,6,1,16,0,0,0,0
2434.6,2000.0,1.22,15,13,0,48,0,0,0,0
18094.1,12000.0,1.51,4,12,0,11,0,0,0,0
32725.04,6000.0,5.45,18,9,5,32,1,0,1,0
58717.87,12000.0,4.89,17,22,3,26,1,0,0,0
5101.49,4500.0,1.13,12,21,0,10,0,0,0,0
20862.33,4500.0,4.64,12,21,4,19,0,1,0,0
3380.01,8000.0,0.42,23,17,0,15,0,0,0,0
17203.42,12000.0,1.43,22,20,0,27,0,0,0,0
18814.24,12000.0,1.57,11,23,0,16,0,0,0,0
12968.35,12000.0,1.08,11,25,1,17,0,0,0,0
1550.66,1500.0,1.03,16,3,1,28,0,0,0,0
15483.13,12000.0,1.29,17,13,0,28,0,0,0,0
9650.53,8000.0,1.21,13,24,0,33,0,0,2,0
3329.55,2500.0,1.33,0,11,0,33,1,0,0,0
3001.45,2500.0,1.2,2,11,0,6,0,0,0,0
10985.79,2500.0,4.39,13,7,4,16,1,0,1,0
3345.3,4500.0,0.74,8,4,0,40,0,0,0,0
14699.22,2500.0,5.88,6,6,5,15,1,1,2,1
66175.95,12000.0,5.51,10,2,4,36,1,0,1,0
984.39,1500.0,0.66,13,7,0,8,0,0,0,0
5863.45,3000.0,1.95,9,19,0,16,0,0,0,0
4646.14,4500.0,1.03,18,21,0,13,0,0,1,0
11112.54,6000.0,1.85,0,4,0,30,0,0,0,0
2281.23,3000.0,0.76,17,24,0,18,0,0,0,0
4808.44,4500.0,1.07,10,21,1,26,0,0,0,0
1392.42,1500.0,0.93,12,17,0,15,0,0,0,0
888.08,1500.0,0.59,14,21,0,9,0,0,0,0
2116.09,1500.0,1.41,1,2,0,14,0,0,0,0
2503.19,3000.0,0.83,18,11,0,16,0,0,0,0
113360.17,4000.0,28.34,12,13,4,39,0,1,0,1
3874.08,6000.0,0.65,17,6,0,41,0,0,0,0
7131.42,6000.0,1.19,20,15,0,14,0,0,0,0
4057.5,6000.0,0.68,22,15,0,9,0,0,0,0
1650.97,2500.0,0.66,7,24,0,41,0,0,0,0
3782.45,6000.0,0.63,18,9,0,29,0,0,0,0
5670.76,8000.0,0.71,18,25,0,30,0,0,0,0
2643.95,2500.0,1.06,12,23,0,23,0,0,0,0
1037.87,1500.0,0.69,17,10,0,42,0,0,0,0
2845.85,4500.0,0.63,12,20,0,25,0,0,0,0
2100.97,1500.0,1.4,12,23,0,20,0,0,0,0
4961.26,6000.0,0.83,21,24,0,32,0,0,0,0
2208.45,1500.0,1.47,19,17,0,11,0,0,1,0
4800.65,4500.0,1.07,18,24,0,35,0,0,0,0
66427.67,12000.0,5.54,12,13,4,5,1,1,1,0
2549.53,6000.0,0.42,1,2,0,9,0,0,1,0
5597.67,4500.0,1.24,16,1,0,40,0,0,0,0
5721.11,6000.0,0.95,9,16,0,15,0,0,0,0
2433.07,3000.0,0.81,9,25,0,49,0,0,0,0
1261.13,1500.0,0.84,11,3,0,23,0,0,0,0
1726.62,3000.0,0.58,18,4,0,27,0,0,0,0
4941.71,4500.0,1.1,12,11,0,50,0,0,0,0
7092.53,6000.0,1.18,19,16,0,6,0,0,0,0
763.69,1500.0,0.51,11,21,1,11,0,0,0,0
2935.63,2500.0,1.17,14,22,0,36,0,0,0,0
1445.03,2000.0,0.72,17,22,0,48,0,0,0,0
1829.97,1500.0,1.22,16,18,0,24,0,0,0,0
12204.83,12000.0,1.02,7,18,0,39,0,0,0,0
1248.16,2000.0,0.62,0,9,0,16,0,0,0,0
8027.24,4500.0,1.78,9,19,0,21,0,0,0,0
3731.4,2000.0,1.87,16,9,1,5,0,0,0,0
1436.0,2000.0,0.72,9,6,0,30,0,0,0,0
7922.67,8000.0,0.99,6,12,0,11,0,0,0,0
2785.53,2000.0,1.39,12,8,0,5,0,0,0,0
10116.93,8000.0,1.26,2,1,0,44,0,0,0,0
1625.42,1500.0,1.08,11,22,1,43,0,0,0,0
2232.62,3000.0,0.74,20,28,0,48,0,0,0,0
4770.21,6000.0,0.8,11,15,0,27,0,0,1,0
2107.1,1500.0,1.4,17,9,0,37,0,0,0,0
3673.63,6000.0,0.61,23,15,0,32,0,0,0,0
5512.49,4500.0,1.22,12,6,1,7,0,0,0,0
14828.42,1500.0,9.89,2,4,5,23,1,1,1,1
7883.23,6000.0,1.31,10,1,0,19,0,0,0,0
17430.32,12000.0,1.45,19,13,0,41,0,0,0,0
3507.48,2500.0,1.4,12,20,0,23,0,0,0,0
6386.77,6000.0,1.06,10,8,0,32,0,0,0,0
11444.7,8000.0,1.43,10,10,0,12,0,0,0,0
3869.19,3000.0,1.29,9,21,0,32,0,0,0,0
2232.33,2000.0,1.12,15,10,0,44,0,0,1,0
9006.99,6000.0,1.5,17,25,1,18,0,0,0,0
5869.71,8000.0,0.73,10,21,0,15,0,0,1,0
13116.93,12000.0,1.09,9,18,0,25,0,0,0,0
1899.05,1500.0,1.27,9,8,0,43,0,0,0,0
18785.07,2000.0,9.39,2,24,6,37,1,1,2,1
1265.4,1500.0,0.84,13,18,0,32,0,0,0,0
874.59,2000.0,0.44,20,1,0,9,0,0,0,0
1347.51,2000.0,0.67,21,26,0,27,0,0,0,0
3571.7,2500.0,1.43,16,19,1,29,0,0,0,0
3119.82,2500.0,1.25,16,2,0,50,0,0,0,0
2194.22,2000.0,1.1,19,18,0,6,0,0,0,0
5852.85,12000.0,0.49,16,1,0,26,0,0,0,0
17120.42,3000.0,5.71,16,26,3,17,1,0,1,0
9913.62,12000.0,0.83,20,22,1,26,0,0,0,0
32566.03,6000.0,5.43,14,8,4,33,0,1,0,0
16248.2,3000.0,5.42,17,11,5,26,1,1,1,0
998.56,1500.0,0.67,16,1,0,43,0,0,0,0
4974.06,4500.0,1.11,15,10,0,15,0,0,0,0
5881.74,4500.0,1.31,16,13,0,37,0,0,0,0
1952.53,3000.0,0.65,17,11,0,6,0,0,0,0
3432.59,4500.0,0.76,18,12,0,30,0,0,0,0
2066.86,2000.0,1.03,17,24,1,14,0,0,0,0
9043.11,8000.0,1.13,12,15,0,5,0,0,0,0
52038.27,12000.0,4.34,9,25,4,20,1,0,1,0
1768.52,1500.0,1.18,15,11,0,5,0,0,0,0
1823.03,2000.0,0.91,12,8,0,6,0,0,0,0
11241.66,12000.0,0.94,19,20,0,16,0,0,0,0
3644.65,3000.0,1.21,15,2,0,40,0,0,0,0
22437.11,4000.0,5.61,13,11,4,7,1,0,1,1
3167.87,4500.0,0.7,18,3,0,39,0,0,1,0
3324.5,2000.0,1.66,16,2,0,33,0,0,0,0
1819.08,2500.0,0.73,17,4,0,19,0,0,0,0
11366.34,6000.0,1.89,22,18,0,11,0,0,0,0
9053.42,6000.0,1.51,11,15,2,29,0,0,2,0
7420.41,4500.0,1.65,12,18,0,29,0,0,0,0
8221.81,8000.0,1.03,20,12,0,45,0,0,0,0
5536.6,8000.0,0.69,11,24,0,8,0,1,0,0
9382.0,8000.0,1.17,10,24,0,29,1,0,0,0
16456.31,4500.0,3.66,5,24,4,8,1,1,1,0
1782.42,2000.0,0.89,17,28,0,7,0,0,0,0
3660.56,6000.0,0.61,16,13,0,23,0,0,0,0
3223.57,3000.0,1.07,18,2,0,11,0,0,0,0
4527.17,2000.0,2.26,16,21,0,12,0,0,0,0
30818.19,8000.0,3.85,14,26,4,14,1,0,2,0
2770.26,3000.0,0.92,12,11,0,11,0,1,0,0
17142.71,3000.0,5.71,19,8,4,26,1,0,2,1
1501.03,2000.0,0.75,15,12,0,30,0,0,0,0
8883.56,4500.0,1.97,9,24,0,31,0,0,0,0
4376.97,2500.0,1.75,7,8,0,48,0,0,0,0
2476.28,3000.0,0.83,14,22,0,20,0,0,0,0
2891.3,6000.0,0.48,20,13,0,25,0,0,0,0
1036.22,2000.0,0.52,16,22,0,16,0,0,0,0
2726.2,2500.0,1.09,8,12,0,8,0,0,0,0
5721.35,4500.0,1.27,13,14,0,42,0,0,2,0
18353.28,12000.0,1.53,11,5,0,13,0,1,0,0
5184.34,4500.0,1.15,20,19,0,35,0,0,0,0
2409.74,2500.0,0.96,10,24,0,30,0,0,0,0
23177.22,4500.0,5.15,8,25,5,6,0,0,1,0
2255.95,4500.0,0.5,15,16,0,5,0,0,0,0
3014.61,1500.0,2.01,10,26,0,49,0,0,0,0
2345.62,2500.0,0.94,18,10,0,12,0,0,0,0
2400.23,2000.0,1.2,13,13,0,30,0,1,0,0
8425.27,8000.0,1.05,15,27,0,40,0,0,1,0
11856.54,12000.0,0.99,11,16,0,49,0,0,1,0
4948.73,6000.0,0.82,14,9,0,38,0,0,1,0
2290.82,3000.0,0.76,16,11,2,27,0,0,0,0
10063.28,6000.0,1.68,6,13,0,7,0,0,0,0
10024.23,8000.0,1.25,12,18,1,35,0,0,0,0
5169.56,6000.0,0.86,20,28,1,13,0,0,0,0
826.12,1500.0,0.55,10,11,0,19,0,0,1,0
17799.15,4500.0,3.96,17,20,5,29,0,0,1,0
1867.2,2500.0,0.75,13,26,0,8,0,0,0,0
4588.07,2500.0,1.84,16,22,0,23,0,0,0,0
13796.81,12000.0,1.15,21,7,0,14,0,0,0,0
2446.33,2500.0,0.98,12,12,0,49,0,0,1,0
13437.02,12000.0,1.12,17,12,0,44,0,0,0,0
3345.31,2500.0,1.34,10,15,0,45,0,0,0,0
2319.32,1500.0,1.55,20,9,0,13,0,0,0,0
8910.1,1500.0,5.94,15,9,5,29,1,0,1,1
3235.51,3000.0,1.08,9,26,1,49,0,0,0,0
2290.02,1500.0,1.53,17,13,1,11,0,0,0,0
1590.0,1500.0,1.06,16,23,0,38,0,0,0,0
3772.77,6000.0,0.63,15,18,0,19,0,0,1,0
2422.0,2500.0,0.97,9,22,0,14,0,0,0,0
10477.41,12000.0,0.87,19,12,0,25,1,0,0,0
1182.49,1500.0,0.79,16,7,1,47,0,0,0,0
19959.65,4500.0,4.44,11,13,5,37,0,0,0,0
8692.75,8000.0,1.09,10,2,1,22,0,0,0,0
3195.75,2500.0,1.28,14,4,1,46,0,0,0,0
2436.24,3000.0,0.81,17,14,0,29,0,0,0,0
3213.91,2000.0,1.61,13,25,0,27,0,0,0,0
708.42,1500.0,0.47,13,26,0,5,0,0,0,0
11403.75,2500.0,4.56,11,27,4,13,1,0,1,0
10372.21,12000.0,0.86,19,1,1,42,0,0,0,0
1556.03,2000.0,0.78,11,8,0,21,0,0,0,0
2440.7,3000.0,0.81,14,26,1,45,0,0,0,0
3552.97,2500.0,1.42,10,23,0,49,0,0,0,0
3456.93,2000.0,1.73,8,15,1,32,0,0,1,0
72796.34,2500.0,29.12,4,20,4,25,1,1,2,1
58369.85,4000.0,14.59,23,9,6,49,1,1,2,1
688.55,1500.0,0.46,14,3,0,47,0,0,0,0
7110.3,8000.0,0.89,8,21,0,34,0,0,0,0
59378.52,4000.0,14.84,1,15,7,23,1,1,2,1
8163.83,12000.0,0.68,8,9,0,46,0,0,0,0
8527.85,4500.0,1.9,13,18,0,49,0,0,1,0
5938.15,12000.0,0.49,12,13,1,25,0,0,0,0
2792.85,2000.0,1.4,11,7,0,33,0,0,0,0
5318.66,3000.0,1.77,18,28,0,17,0,0,0,0
12120.93,12000.0,1.01,7,23,1,23,0,0,0,0
54154.37,4000.0,13.54,2,26,8,20,1,1,2,1
25363.96,4500.0,5.64,18,16,4,6,1,0,1,0
9599.22,2000.0,4.8,12,21,5,25,1,0,2,0
10335.51,12000.0,0.86,18,1,0,30,0,0,0,0
20562.45,4500.0,4.57,15,21,3,45,1,0,1,0
14181.5,6000.0,2.36,10,14,0,17,0,0,0,0
2892.85,3000.0,0.96,20,12,0,14,0,0,0,0
2320.77,2500.0,0.93,7,15,1,44,0,0,0,0
8604.71,8000.0,1.08,23,10,0,7,0,0,0,0
2300.94,2500.0,0.92,17,26,0,46,0,0,0,0
4919.4,4500.0,1.09,20,15,0,35,0,0,0,0
4155.0,6000.0,0.69,8,26,0,25,0,0,0,0
13938.31,12000.0,1.16,9,25,0,9,0,0,0,0
7969.88,6000.0,1.33,8,3,0,20,0,0,0,0
1091.12,2000.0,0.55,19,11,0,10,0,0,1,0
7224.63,8000.0,0.9,8,28,0,17,0,0,0,0
1289.41,3000.0,0.43,8,2,0,26,0,0,0,0
7619.78,12000.0,0.63,8,15,0,20,0,0,0,0
3094.89,4500.0,0.69,23,11,0,10,0,0,0,0
1051.81,2000.0,0.53,6,8,0,32,0,0,0,0
17809.21,4500.0,3.96,18,11,5,18,1,0,1,0
6007.85,6000.0,1.0,15,20,0,13,0,0,0,0
14207.23,12000.0,1.18,11,27,0,23,0,0,0,0
37924.21,8000.0,4.74,18,9,3,27,0,1,0,0
7304.68,6000.0,1.22,21,13,0,43,0,0,0,0
2111.14,3000.0,0.7,10,15,1,31,0,0,0,0
4176.6,3000.0,1.39,15,19,0,34,0,0,0,0
2021.68,2000.0,1.01,23,3,0,30,0,0,0,0
1145.03,2000.0,0.57,9,12,0,48,0,0,0,0
16290.6,8000.0,2.04,13,2,0,28,0,0,0,0
10310.03,4500.0,2.29,13,20,0,41,0,0,1,0
26154.79,4500.0,5.81,17,1,4,16,1,0,1,0
44564.18,8000.0,5.57,14,2,3,27,1,0,1,0
5759.26,8000.0,0.72,8,8,0,26,0,0,0,0
1117.01,1500.0,0.74,13,20,0,45,0,0,0,0
3436.44,2000.0,1.72,11,17,2,23,0,0,0,0
18935.68,4500.0,4.21,19,22,4,14,0,0,2,0
15999.73,3000.0,5.33,14,25,4,37,0,0,1,0
2733.35,3000.0,0.91,15,25,0,7,0,0,0,0
10252.23,12000.0,0.85,15,23,0,28,0,1,0,0
4774.14,6000.0,0.8,7,23,0,24,0,0,0,0
1171.75,2500.0,0.47,12,15,0,30,0,1,0,0
1085.98,1500.0,0.72,10,13,0,21,0,0,0,0
4970.6,6000.0,0.83,11,7,0,20,0,0,0,0
4647.0,4500.0,1.03,20,8,1,10,0,0,0,0
5598.68,6000.0,0.93,12,28,0,31,0,0,0,0
5878.03,12000.0,0.49,7,27,0,26,0,0,0,0
4136.41,8000.0,0.52,15,9,0,6,0,0,0,0
1739.5,2500.0,0.7,18,26,0,33,0,0,0,0
14827.94,12000.0,1.24,15,11,0,40,0,0,0,0
894.77,1500.0,0.6,15,5,0,31,0,0,1,0
3776.99,3000.0,1.26,15,26,2,12,0,0,2,0
8273.01,8000.0,1.03,5,21,0,32,0,0,0,0
24254.37,6000.0,4.04,10,5,4,19,1,1,0,0
33949.36,6000.0,5.66,19,19,4,8,0,1,1,0
1067.49,1500.0,0.71,9,13,2,19,0,0,0,0
3171.79,6000.0,0.53,14,2,1,13,0,0,0,0
920.55,2000.0,0.46,12,12,0,36,0,0,0,0
14532.2,2500.0,5.81,6,13,4,49,0,1,0,0
1496.07,1500.0,1.0,17,7,0,39,0,0,0,0
815.19,1500.0,0.54,15,8,1,48,0,0,1,0
2693.94,2500.0,1.08,18,27,0,48,0,0,0,0
4086.5,4500.0,0.91,21,10,0,20,0,0,1,0
8994.38,12000.0,0.75,16,25,0,22,0,0,0,0
4006.51,3000.0,1.34,9,19,0,29,0,0,0,0
4214.13,4500.0,0.94,12,7,0,37,0,0,0,0
2566.48,1500.0,1.71,8,2,0,34,0,0,0,0
17824.41,12000.0,1.49,14,7,0,23,0,0,1,0
2806.77,6000.0,0.47,9,2,0,38,0,0,0,0
2404.64,2500.0,0.96,9,8,0,17,0,0,0,0
2136.42,3000.0,0.71,3,7,0,47,0,0,0,0
3201.2,2500.0,1.28,13,10,0,50,0,0,0,0
6041.23,4500.0,1.34,22,18,0,12,0,1,0,0
1751.12,2000.0,0.88,16,3,0,8,0,0,0,0
1493.95,2500.0,0.6,13,11,0,22,0,0,0,0
2546.81,2500.0,1.02,21,4,0,49,0,0,0,0
2656.75,2000.0,1.33,16,1,0,6,0,0,0,0
13240.57,12000.0,1.1,22,3,1,17,0,0,0,0
2040.67,1500.0,1.36,19,11,0,47,0,0,0,0
10513.84,1500.0,7.01,17,19,7,13,1,1,1,1
4497.88,4500.0,1.0,11,26,0,32,0,0,0,0
3460.34,8000.0,0.43,7,26,0,42,0,0,0,0
2561.9,2000.0,1.28,21,3,0,8,0,0,0,0
12488.02,2500.0,5.0,9,17,3,11,1,1,1,0
1175.23,2000.0,0.59,9,12,0,16,0,0,1,0
4511.35,3000.0,1.5,12,21,0,15,0,0,1,0
4964.65,4500.0,1.1,12,6,0,37,0,0,2,0
10152.93,2500.0,4.06,20,8,5,20,1,1,0,0
1559.85,1500.0,1.04,7,14,0,31,0,0,0,0
7830.47,8000.0,0.98,19,18,0,36,0,0,0,0
8987.8,12000.0,0.75,9,21,0,32,0,0,0,0
14928.64,12000.0,1.24,20,2,0,33,0,0,0,0
2122.22,2500.0,0.85,20,28,1,26,0,0,0,0
11991.31,2500.0,4.8,20,23,7,49,0,1,2,1
9706.42,2000.0,4.85,7,22,4,43,1,0,1,0
3024.28,2500.0,1.21,17,12,0,49,1,0,1,0
16965.22,3000.0,5.66,7,21,4,48,1,1,1,0
3336.59,4500.0,0.74,10,21,0,43,0,0,1,0
7842.79,12000.0,0.65,10,25,0,28,0,0,1,0
11641.16,12000.0,0.97,13,22,0,14,0,0,0,0
7206.44,2000.0,3.6,11,23,5,47,1,0,1,0
7892.32,6000.0,1.32,13,1,0,16,0,0,0,0
14247.08,12000.0,1.19,14,26,0,39,0,0,0,0
12719.48,12000.0,1.06,13,23,1,8,1,0,0,0
4648.49,4500.0,1.03,16,14,0,24,0,0,0,0
1695.1,1500.0,1.13,17,16,0,15,0,0,0,0
14866.52,6000.0,2.48,11,5,0,49,0,0,0,0
3716.74,6000.0,0.62,16,10,1,33,0,0,0,0
15386.04,8000.0,1.92,9,13,0,31,0,0,0,0
2123.37,4500.0,0.47,17,22,0,42,0,0,0,0
12919.68,8000.0,1.61,11,17,1,5,0,0,0,0
62021.02,12000.0,5.17,11,15,5,20,0,0,1,0
12345.37,12000.0,1.03,18,10,0,20,0,0,0,0
5964.3,12000.0,0.5,9,7,0,23,0,0,1,0
4041.69,4500.0,0.9,10,8,0,38,0,0,0,0
5152.8,6000.0,0.86,12,15,1,46,0,0,0,0
8475.25,12000.0,0.71,11,20,0,21,0,0,0,0
11909.08,12000.0,0.99,23,2,0,14,0,0,1,0
40187.5,8000.0,5.02,3,8,5,20,1,0,1,0
16181.28,12000.0,1.35,18,9,0,24,0,0,0,0
2792.9,1500.0,1.86,19,9,0,16,0,0,0,0
2051.88,2000.0,1.03,10,8,1,50,0,0,0,0
2005.37,2500.0,0.8,12,1,1,5,0,1,0,0
4544.88,4500.0,1.01,16,11,0,36,0,0,0,0
7362.34,1500.0,4.91,23,21,5,15,1,0,1,0
1390.38,2500.0,0.56,12,3,0,40,0,0,0,0
6993.98,8000.0,0.87,18,8,0,40,0,0,2,0
1278.95,1500.0,0.85,19,17,0,38,0,0,0,0
46475.93,3000.0,15.49,22,7,5,45,1,1,2,1
7744.28,12000.0,0.65,13,27,0,13,0,0,1,0
1162.13,1500.0,0.77,11,20,0,5,0,0,0,0
23084.25,6000.0,3.85,10,10,3,5,0,1,1,0
9236.57,4500.0,2.05,9,20,0,20,0,0,0,0
2358.77,1500.0,1.57,18,1,2,31,0,0,0,0
1852.47,2000.0,0.93,13,18,0,12,0,0,1,0
23848.23,6000.0,3.97,14,14,3,43,1,0,1,0
13184.22,12000.0,1.1,17,24,0,44,1,0,0,0
2260.65,1500.0,1.51,18,15,1,27,0,0,1,0
5915.61,2500.0,2.37,13,10,0,21,1,0,1,0
11853.37,2000.0,5.93,11,9,3,27,1,0,0,0
1946.92,2500.0,0.78,17,13,0,44,0,0,1,0
1384.05,3000.0,0.46,18,9,0,11,0,0,1,0
1777.88,2500.0,0.71,14,25,0,20,0,0,0,0
8819.88,2000.0,4.41,13,6,3,7,1,0,1,0
9206.66,8000.0,1.15,11,11,0,31,0,0,0,0
9974.38,8000.0,1.25,19,15,0,47,0,0,0,0
4596.86,3000.0,1.53,10,27,0,19,0,0,0,0
2541.08,2000.0,1.27,16,27,0,5,0,0,0,0
9579.77,2000.0,4.79,14,3,4,38,1,1,1,0
1593.55,2000.0,0.8,14,4,0,36,0,0,0,0
3353.75,3000.0,1.12,13,3,0,34,0,0,0,0
4890.58,4500.0,1.09,9,6,0,39,0,0,0,0
16506.35,3000.0,5.5,7,22,5,27,1,0,1,0
3086.93,3000.0,1.03,12,17,1,22,0,0,0,0
1516.52,2500.0,0.61,7,17,0,37,0,0,0,0
1500.04,1500.0,1.0,14,8,0,37,0,0,0,0
1669.25,1500.0,1.11,11,27,1,44,0,0,0,0
2168.52,2000.0,1.08,18,28,0,7,0,0,0,0
2227.21,2000.0,1.11,3,16,0,24,0,0,0,0
3375.34,4500.0,0.75,7,26,0,49,0,0,0,0
3904.97,4500.0,0.87,18,22,0,34,0,0,0,0
4922.62,6000.0,0.82,20,25,0,8,0,0,1,0
12251.99,12000.0,1.02,16,19,1,23,0,0,0,0
1501.33,3000.0,0.5,12,17,0,43,0,0,1,0
5327.71,4500.0,1.18,19,27,0,36,0,0,0,0
3643.14,3000.0,1.21,13,23,0,26,0,0,0,0
1768.75,2500.0,0.71,16,14,0,47,0,0,0,0
34191.26,2500.0,13.68,2,24,4,19,1,1,1,1
4364.14,6000.0,0.73,16,19,1,40,0,0,0,0
5428.11,3000.0,1.81,17,10,0,20,0,0,0,0
3088.17,3000.0,1.03,14,27,0,18,0,0,0,0
4670.35,6000.0,0.78,8,1,0,48,0,0,1,0
3571.89,2500.0,1.43,6,14,0,14,0,0,0,0
6733.74,6000.0,1.12,13,11,0,34,0,0,0,0
2967.61,4500.0,0.66,13,16,0,12,0,1,1,0
8171.63,6000.0,1.36,15,17,0,45,0,0,0,0
9448.74,6000.0,1.57,17,15,0,11,0,0,0,0
4426.2,4500.0,0.98,17,23,0,10,0,0,1,0
1202.63,1500.0,0.8,12,27,0,13,0,0,0,0
1645.22,2000.0,0.82,12,14,0,43,0,0,0,0
15085.7,12000.0,1.26,13,14,0,17,0,0,0,0
1769.26,2500.0,0.71,17,21,0,10,0,0,0,0
2463.79,2000.0,1.23,9,15,1,44,0,0,0,0
1945.92,1500.0,1.3,13,1,1,49,0,0,0,0
6600.77,1500.0,4.4,12,26,3,25,1,0,0,0
11337.66,2000.0,5.67,18,7,5,29,0,0,1,0
1140.48,2000.0,0.57,19,26,0,18,0,0,0,0
12561.12,12000.0,1.05,11,21,0,35,0,0,0,0
15199.67,3000.0,5.07,13,11,3,15,0,0,1,0
8867.06,12000.0,0.74,13,17,0,29,0,0,0,0
6303.36,6000.0,1.05,18,14,0,46,0,0,0,0
7479.06,6000.0,1.25,13,24,0,21,0,0,0,0
7190.67,8000.0,0.9,19,25,0,42,0,0,0,0
1406.58,2000.0,0.7,18,6,0,21,0,0,0,0
21926.72,12000.0,1.83,16,27,0,37,0,0,1,0
11879.52,3000.0,3.96,13,23,5,44,1,0,0,0
7382.41,8000.0,0.92,14,9,0,18,0,0,0,0
1793.01,1500.0,1.2,10,13,1,25,1,0,0,0
3395.2,4500.0,0.75,13,25,1,49,0,0,0,0
4397.67,6000.0,0.73,11,22,0,13,0,0,1,0
13027.37,2500.0,5.21,19,1,5,32,1,0,1,1
1988.18,2000.0,0.99,21,13,0,35,0,0,0,0
3226.77,6000.0,0.54,12,28,0,47,0,0,0,0
4675.17,6000.0,0.78,20,28,1,42,0,0,0,0
9995.33,2000.0,5.0,11,15,3,10,1,1,1,0
49458.59,12000.0,4.12,7,5,5,41,1,0,2,0
10741.96,8000.0,1.34,9,19,0,46,0,0,0,0
2702.1,2000.0,1.35,10,5,0,21,0,0,0,0
5621.83,8000.0,0.7,8,9,0,39,0,0,0,0
7966.35,12000.0,0.66,12,12,0,24,0,0,0,0
3085.7,1500.0,2.06,12,2,0,13,0,0,0,0
2391.18,2500.0,0.96,11,6,0,32,0,0,0,0
2172.4,3000.0,0.72,15,20,1,29,0,0,0,0
2401.04,2000.0,1.2,20,19,0,19,0,0,1,0
3382.59,6000.0,0.56,22,20,0,10,0,0,0,0
7692.58,8000.0,0.96,10,20,0,28,1,0,0,0
9580.79,2000.0,4.79,21,25,5,41,1,1,2,0
1576.28,2000.0,0.79,9,23,0,41,0,0,0,0
3758.01,6000.0,0.63,19,17,0,28,0,0,0,0
3065.66,4500.0,0.68,12,28,0,41,0,0,0,0
544.88,1500.0,0.36,17,7,0,23,1,1,0,0
1957.07,2000.0,0.98,17,11,1,9,0,0,0,0
67300.66,2500.0,26.92,6,2,3,20,1,0,1,1
4189.95,2500.0,1.68,5,10,0,40,0,0,0,0
65800.59,2000.0,32.9,17,15,4,16,1,0,2,1
8601.81,3000.0,2.87,11,7,11,30,1,1,1,1
13305.75,12000.0,1.11,8,6,0,11,0,0,1,0
3161.22,4500.0,0.7,15,23,2,9,1,0,2,0
2237.83,1500.0,1.49,23,13,0,23,0,0,0,0
65250.04,12000.0,5.44,17,8,5,31,0,0,0,0
35539.66,8000.0,4.44,12,22,4,21,1,0,2,0
7644.36,8000.0,0.96,10,18,1,49,0,0,0,0
12877.26,2500.0,5.15,20,20,5,7,1,0,1,0
8255.62,4500.0,1.83,19,5,0,31,0,0,0,0
5611.42,6000.0,0.94,20,12,1,39,0,0,0,0
9077.62,6000.0,1.51,18,24,0,16,0,0,2,0
1392.84,1500.0,0.93,15,24,0,29,0,0,0,0
10294.24,12000.0,0.86,16,22,0,16,0,0,0,0
2227.13,2500.0,0.89,12,13,1,21,1,0,0,0
2081.64,2500.0,0.83,6,5,0,18,0,0,0,0
10725.46,2500.0,4.29,16,4,3,29,0,1,1,0
4829.8,2500.0,1.93,8,16,0,14,0,0,0,0
710.25,1500.0,0.47,8,18,0,34,0,0,1,0
15964.89,2000.0,7.98,22,19,9,12,0,1,2,1
6550.42,1500.0,4.37,9,18,5,37,0,1,0,0
3242.17,2500.0,1.3,21,4,0,12,0,0,0,0
2914.26,2500.0,1.17,1,27,0,6,0,0,1,0
1749.45,1500.0,1.17,18,3,0,48,0,0,0,0
5034.72,8000.0,0.63,17,28,0,26,0,0,0,0
931.82,1500.0,0.62,15,10,0,35,0,0,0,0
1083.38,2500.0,0.43,12,23,0,13,0,0,1,0
4003.91,6000.0,0.67,13,22,1,16,0,0,0,0
1161.29,2000.0,0.58,23,28,0,50,0,0,0,0
21602.44,4500.0,4.8,7,8,5,27,1,1,1,0
1347.84,2000.0,0.67,4,5,0,40,0,0,0,0
621.89,2000.0,0.31,10,14,2,9,0,0,0,0
18580.51,8000.0,2.32,16,17,0,39,0,0,0,0
1212.29,1500.0,0.81,7,17,0,11,0,0,0,0
1571.82,2500.0,0.63,8,23,0,42,0,0,0,0
1473.33,3000.0,0.49,17,10,0,31,0,0,0,0
26766.31,12000.0,2.23,18,20,0,17,0,0,0,0
5407.54,6000.0,0.9,19,23,1,42,0,0,0,0
1694.17,2500.0,0.68,17,17,0,35,0,0,0,0
7311.56,6000.0,1.22,20,4,0,36,0,0,0,0
1561.57,2500.0,0.62,14,20,0,25,0,0,0,0
9791.1,12000.0,0.82,11,11,1,42,0,0,1,0
1549.38,1500.0,1.03,12,26,0,34,0,0,0,0
2142.96,2500.0,0.86,20,13,0,9,0,0,0,0
6164.4,6000.0,1.03,1,24,0,21,0,0,0,0
4323.89,4500.0,0.96,11,19,0,22,0,0,1,0
4105.5,3000.0,1.37,10,16,0,27,0,0,0,0
19749.83,4500.0,4.39,20,20,5,37,0,0,0,0
2198.94,4500.0,0.49,8,11,1,11,0,0,0,0
2235.73,3000.0,0.75,23,23,0,39,0,0,1,0
1426.39,2000.0,0.71,18,27,0,39,0,0,0,0
1846.47,1500.0,1.23,19,19,0,14,0,0,0,0
2052.59,1500.0,1.37,11,22,0,43,0,0,0,0
8796.2,12000.0,0.73,17,15,0,43,0,0,0,0
1685.8,1500.0,1.12,17,15,0,32,0,0,0,0
7264.83,4500.0,1.61,7,22,0,39,0,0,0,0
2481.57,3000.0,0.83,10,15,0,32,0,0,0,0
2094.76,3000.0,0.7,9,24,0,37,0,0,0,0
5162.16,12000.0,0.43,22,11,0,33,0,0,0,0
5873.74,4500.0,1.31,7,9,0,9,0,0,0,0
5145.41,4500.0,1.14,21,13,0,47,0,0,0,0
44885.0,8000.0,5.61,9,12,5,28,0,0,1,0
2711.63,4500.0,0.6,10,28,0,40,0,0,0,0
1476.91,1500.0,0.98,7,27,0,18,0,0,0,0
12596.32,8000.0,1.57,9,21,0,36,0,0,2,0
10838.69,12000.0,0.9,11,21,0,35,0,0,0,0
5491.35,4500.0,1.22,17,7,0,29,0,0,0,0
10488.75,8000.0,1.31,10,16,0,14,0,0,0,0
2510.71,2500.0,1.0,8,3,0,41,0,0,0,0
2560.11,3000.0,0.85,19,24,0,14,0,0,0,0
5310.43,4500.0,1.18,18,4,0,13,0,0,1,0
45236.38,8000.0,5.65,14,4,4,41,0,1,0,0
4176.12,8000.0,0.52,11,24,0,30,0,0,0,0
1692.68,1500.0,1.13,7,4,2,26,0,0,0,0
18740.72,12000.0,1.56,17,28,1,35,0,0,1,0
10865.44,12000.0,0.91,20,9,0,39,0,0,1,0
21781.48,6000.0,3.63,14,6,5,45,1,0,1,0
28413.68,6000.0,4.74,14,27,4,18,1,1,1,0
794.67,3000.0,0.26,19,18,1,27,0,0,1,0
5989.33,3000.0,2.0,9,15,1,25,0,0,0,0
10204.11,12000.0,0.85,10,27,1,30,0,0,0,0
4029.8,2000.0,2.01,9,12,1,38,0,0,0,0
1382.28,1500.0,0.92,19,11,0,19,0,0,1,0
14061.2,12000.0,1.17,17,3,1,20,0,0,0,0
5287.01,4500.0,1.17,18,18,0,15,0,0,0,0
1304.97,2000.0,0.65,8,23,0,26,0,0,0,0
2216.11,2500.0,0.89,17,4,0,38,0,0,1,0
7136.08,8000.0,0.89,9,14,1,32,0,0,0,0
13192.15,2500.0,5.28,10,6,4,16,1,1,1,0
1102.18,1500.0,0.73,12,23,0,38,0,0,0,0
35793.57,2000.0,17.9,2,1,4,11,1,1,2,1
7714.3,12000.0,0.64,21,3,0,20,0,0,0,0
4149.36,2500.0,1.66,18,24,0,50,0,0,0,0
15251.56,3000.0,5.08,16,9,3,40,1,0,1,0
18835.54,4500.0,4.19,8,22,4,21,1,1,2,0
7905.47,8000.0,0.99,11,24,0,30,0,0,0,0
16858.83,4000.0,4.21,21,14,4,26,1,1,1,1
9632.65,8000.0,1.2,15,1,0,16,0,0,0,0
3232.23,4500.0,0.72,10,26,0,48,0,0,0,0
1856.0,2500.0,0.74,16,8,0,44,0,0,0,0
3711.4,4500.0,0.82,14,22,0,13,0,0,0,0
6269.02,6000.0,1.04,18,13,0,14,0,0,0,0
13360.83,12000.0,1.11,15,1,1,35,0,0,0,0
15891.26,12000.0,1.32,10,15,1,26,0,0,1,0
1227.57,2500.0,0.49,13,5,0,19,0,0,0,0
16543.99,12000.0,1.38,12,6,2,12,0,0,0,0
1761.33,1500.0,1.17,10,9,0,33,0,1,0,0
10160.19,6000.0,1.69,11,21,0,18,0,0,0,0
4548.31,2500.0,1.82,17,22,0,49,0,0,0,0
9605.77,4500.0,2.13,7,3,0,40,0,0,0,0
1709.28,2000.0,0.85,12,18,0,8,0,0,0,0
7819.06,4500.0,1.74,16,13,0,27,0,0,0,0
8293.01,8000.0,1.04,7,28,0,11,0,0,0,0
3753.32,3000.0,1.25,20,8,1,25,0,0,0,0
10554.31,6000.0,1.76,19,18,0,46,0,0,0,0
19465.32,4500.0,4.33,9,14,4,32,1,0,2,0
1114.62,2000.0,0.56,14,12,0,34,0,0,0,0
8246.2,1500.0,5.5,14,22,5,37,1,1,1,1
5173.59,3000.0,1.72,16,15,0,13,0,0,0,0
5939.87,8000.0,0.74,15,9,0,19,0,0,0,0
12909.55,8000.0,1.61,0,22,0,43,0,0,0,0
1341.09,1500.0,0.89,16,20,1,44,0,0,0,0
1404.53,2000.0,0.7,12,15,1,17,0,0,0,0
6193.59,8000.0,0.77,18,25,0,36,0,0,0,0
15073.42,3000.0,5.02,11,10,4,38,1,0,1,0
5475.7,6000.0,0.91,1,4,0,33,0,0,0,0
3138.55,3000.0,1.05,14,1,0,7,0,0,0,0
9945.91,8000.0,1.24,17,15,0,14,0,0,0,0
6345.77,1500.0,4.23,15,3,3,47,1,1,1,0
2193.18,4500.0,0.49,14,7,0,45,0,0,1,0
4286.03,3000.0,1.43,11,9,0,26,0,0,0,0
3689.67,3000.0,1.23,10,1,0,20,0,0,0,0
3692.66,8000.0,0.46,16,9,0,30,0,0,0,0
12197.2,8000.0,1.52,9,17,0,18,0,0,0,0
8004.11,12000.0,0.67,14,9,0,31,0,0,0,0
2034.08,2500.0,0.81,12,21,0,43,0,0,0,0
28914.79,2500.0,11.57,20,27,3,39,0,0,2,1
4457.77,6000.0,0.74,10,7,0,35,0,0,0,0
10897.0,12000.0,0.91,7,2,0,29,0,0,0,0
1604.02,2000.0,0.8,11,6,2,14,0,0,0,0
3790.56,6000.0,0.63,11,12,0,19,0,0,0,0
916.68,2000.0,0.46,10,23,0,22,0,0,0,0
1530.05,3000.0,0.51,20,26,1,8,0,0,0,0
12918.93,12000.0,1.08,11,26,0,32,0,0,0,0
2760.69,2000.0,1.38,18,2,0,18,0,0,1,0
6324.95,1500.0,4.22,14,4,5,33,1,1,2,0
2930.57,2500.0,1.17,12,18,0,34,0,0,1,0
2195.48,2000.0,1.1,11,16,0,48,0,0,0,0
6291.56,6000.0,1.05,7,9,0,10,0,0,1,0
8600.38,4500.0,1.91,1,4,0,30,0,0,0,0
11039.49,12000.0,0.92,13,2,1,20,0,0,0,0
7019.63,12000.0,0.58,10,20,1,9,0,0,0,0
41823.85,8000.0,5.23,10,3,5,34,1,0,1,0
7994.75,8000.0,1.0,14,18,0,10,0,0,0,0
3587.29,2500.0,1.43,15,13,0,29,0,0,0,0
15306.63,12000.0,1.28,11,13,0,32,0,0,0,0
1417.53,1500.0,0.95,13,25,0,33,0,0,0,0
703.91,1500.0,0.47,17,24,0,20,0,0,0,0
7386.05,6000.0,1.23,18,2,0,16,0,0,0,0
24960.14,6000.0,4.16,8,1,5,42,0,1,1,0
1230.98,2500.0,0.49,22,5,1,24,0,0,0,0
10680.41,2500.0,4.27,15,11,3,36,0,0,1,0
16859.06,12000.0,1.4,17,25,0,12,0,0,0,0
2750.16,2500.0,1.1,19,8,0,6,0,0,0,0
2593.48,4500.0,0.58,10,25,0,48,0,0,0,0
18197.22,4000.0,4.55,16,25,4,48,1,0,1,1
8026.97,4500.0,1.78,9,21,0,33,0,0,0,0
3845.18,4500.0,0.85,9,28,0,30,0,0,0,0
71097.85,4000.0,17.77,3,7,5,7,1,1,2,1
29653.46,12000.0,2.47,11,25,0,27,0,0,0,0
5822.36,8000.0,0.73,15,14,0,24,0,0,0,0
5107.53,3000.0,1.7,15,2,0,14,0,0,0,0
11068.54,8000.0,1.38,10,15,1,6,0,0,0,0
9347.09,12000.0,0.78,15,15,0,44,0,0,0,0
4506.69,2500.0,1.8,21,24,0,29,0,0,1,0
8744.76,12000.0,0.73,14,22,1,50,0,0,1,0
1808.61,1500.0,1.21,17,8,0,32,0,0,0,0
6385.38,8000.0,0.8,18,15,0,38,0,0,0,0
5860.88,12000.0,0.49,10,3,0,17,0,0,0,0
12172.81,2500.0,4.87,16,7,5,41,1,0,1,0
12411.28,12000.0,1.03,16,15,1,29,0,0,0,0
3755.29,6000.0,0.63,14,17,0,5,0,0,0,0
3101.28,3000.0,1.03,8,14,0,23,0,0,0,0
1465.57,1500.0,0.98,21,17,0,35,0,0,2,0
1871.85,1500.0,1.25,19,18,0,31,0,0,0,0
12017.68,12000.0,1.0,18,20,0,42,0,0,0,0
11559.48,2500.0,4.62,21,7,3,23,1,0,2,0
885.54,2000.0,0.44,16,11,1,48,0,0,0,0
1636.11,2500.0,0.65,4,8,1,48,0,0,0,0
2436.65,3000.0,0.81,12,20,0,42,0,0,0,0
23428.99,6000.0,3.9,7,6,4,50,1,1,1,0
6814.95,3000.0,2.27,10,5,0,8,0,0,1,0
1525.03,1500.0,1.02,9,8,1,39,0,0,0,0
10828.36,8000.0,1.35,17,9,0,38,0,0,0,0
22527.6,4500.0,5.01,10,18,3,23,1,0,1,0
2413.66,2500.0,0.97,20,23,0,37,1,0,1,0
8758.17,2500.0,3.5,12,7,4,16,1,0,1,0
10994.3,12000.0,0.92,14,19,0,27,0,0,0,0
11672.57,8000.0,1.46,12,15,0,22,0,0,0,0
4556.7,6000.0,0.76,19,7,0,45,0,0,0,0
16973.4,12000.0,1.41,17,20,0,16,0,0,0,0
2862.86,4500.0,0.64,13,26,0,36,0,0,0,0
1766.19,1500.0,1.18,10,14,0,43,0,0,0,0
5553.31,4500.0,1.23,12,24,0,24,0,0,0,0
1800.0,2000.0,0.9,12,19,0,19,0,0,0,0
3609.82,6000.0,0.6,5,16,0,26,0,0,0,0
5385.88,6000.0,0.9,12,21,0,15,0,0,0,0
16544.25,8000.0,2.07,17,3,0,47,0,0,0,0
12276.11,12000.0,1.02,22,5,0,15,0,0,0,0
3873.44,8000.0,0.48,14,20,0,17,0,0,0,0
11537.14,12000.0,0.96,18,23,1,22,0,0,0,0
1768.02,2000.0,0.88,6,1,0,11,0,0,0,0
1805.41,2000.0,0.9,11,6,0,22,0,0,0,0
2280.27,1500.0,1.52,9,14,0,43,0,0,0,0
4625.4,8000.0,0.58,12,25,0,42,0,0,0,0
1403.09,3000.0,0.47,9,5,1,12,0,1,0,0
8706.61,4500.0,1.93,18,26,0,43,0,0,0,0
3672.61,6000.0,0.61,17,13,0,46,0,0,0,0
6406.27,8000.0,0.8,7,25,0,28,0,0,0,0
2767.09,2000.0,1.38,18,18,0,23,0,0,1,0
26125.36,6000.0,4.35,18,20,4,14,1,0,2,0
3102.93,2500.0,1.24,8,18,0,31,0,0,1,0
6026.84,6000.0,1.0,9,10,0,47,0,0,0,0
19667.36,4000.0,4.92,19,13,4,9,1,0,1,1
2486.99,2000.0,1.24,9,6,0,25,0,0,0,0
2463.1,4500.0,0.55,20,16,2,45,0,0,0,0
5207.72,4500.0,1.16,9,6,0,5,0,0,0,0
1115.82,1500.0,0.74,16,14,0,36,0,0,0,0
1085.19,2500.0,0.43,10,26,0,22,0,0,1,0
19574.83,4000.0,4.89,17,7,5,50,1,0,2,1
1848.5,2000.0,0.92,9,10,1,9,0,0,0,0
12834.63,12000.0,1.07,13,25,0,9,0,0,2,0
1813.98,2500.0,0.73,19,24,0,21,0,0,0,0
855.04,1500.0,0.57,11,24,0,41,0,0,1,0
1315.95,1500.0,0.88,17,14,0,40,0,0,0,0
2445.95,2500.0,0.98,13,27,1,45,0,0,0,0
1221.31,1500.0,0.81,17,18,0,20,0,0,0,0
3519.56,3000.0,1.17,11,26,0,48,0,0,0,0
3122.76,2500.0,1.25,15,20,0,21,0,0,0,0
36982.48,1500.0,24.65,15,18,5,37,1,0,2,1
11840.82,8000.0,1.48,16,14,0,5,0,1,0,0
5511.02,3000.0,1.84,16,24,0,34,0,0,0,0
5724.72,6000.0,0.95,0,26,0,37,0,0,1,0
5266.34,3000.0,1.76,11,1,0,12,0,0,1,0
2882.75,2500.0,1.15,7,20,0,38,0,0,0,0
1284.68,2500.0,0.51,20,6,1,36,0,0,0,0
1106.57,1500.0,0.74,9,14,1,30,0,0,0,0
4260.26,2500.0,1.7,9,4,0,29,0,0,0,0
1504.7,2000.0,0.75,18,10,0,36,0,0,0,0
6714.47,3000.0,2.24,19,23,0,45,0,0,1,0
1881.62,3000.0,0.63,16,14,0,17,0,0,0,0
2490.37,4500.0,0.55,18,1,0,26,0,0,0,0
1540.16,1500.0,1.03,11,27,1,48,0,0,0,0
1884.53,3000.0,0.63,10,25,0,13,0,0,0,0
3596.24,3000.0,1.2,19,23,0,34,0,0,0,0
2355.64,2500.0,0.94,16,3,0,35,0,0,0,0
9572.72,8000.0,1.2,16,28,2,10,0,0,1,0
2137.54,2000.0,1.07,11,15,0,29,0,0,0,0
2683.4,2000.0,1.34,19,16,0,25,0,0,0,0
9183.02,12000.0,0.77,18,24,0,11,0,0,0,0
7423.07,12000.0,0.62,11,7,0,44,0,0,0,0
3496.11,3000.0,1.17,22,24,0,10,0,0,0,0
15626.17,12000.0,1.3,15,12,0,39,0,0,0,0
1502.64,1500.0,1.0,20,11,0,15,0,0,0,0
3824.76,4500.0,0.85,19,1,1,36,0,0,0,0
2515.4,3000.0,0.84,12,18,0,28,0,0,0,0
12933.28,12000.0,1.08,19,22,0,5,0,0,1,0
10023.06,8000.0,1.25,15,23,0,38,0,0,0,0
4750.73,3000.0,1.58,22,2,0,36,0,0,0,0
1846.2,1500.0,1.23,14,6,0,7,0,0,0,0
3840.82,8000.0,0.48,10,23,1,42,0,0,0,0
3406.13,2500.0,1.36,15,1,0,22,0,0,1,0
1987.8,2000.0,0.99,19,12,0,50,0,0,0,0
2527.07,2500.0,1.01,15,27,0,15,0,0,1,0
5288.42,8000.0,0.66,12,28,0,9,0,0,0,0
1965.63,1500.0,1.31,19,20,1,19,0,0,0,0
812.56,2000.0,0.41,8,11,1,10,0,0,0,0
7600.4,4500.0,1.69,18,11,0,18,0,0,1,0
14318.15,3000.0,4.77,12,9,8,34,1,1,2,1
726.01,1500.0,0.48,7,23,0,20,0,0,1,0
29612.87,8000.0,3.7,14,22,4,42,1,0,1,0
2170.89,1500.0,1.45,10,3,1,32,0,0,0,0
23076.49,12000.0,1.92,2,13,0,9,0,0,0,0
2156.81,6000.0,0.36,12,10,0,39,0,0,0,0
64558.9,12000.0,5.38,7,28,3,43,0,1,0,0
1591.14,3000.0,0.53,10,7,0,14,0,0,0,0
10098.25,4500.0,2.24,11,3,1,16,0,0,0,0
1746.59,3000.0,0.58,17,2,0,5,0,0,0,0
1425.97,2500.0,0.57,9,26,0,11,0,0,0,0
4600.7,8000.0,0.58,19,4,0,9,0,0,0,0
13188.03,6000.0,2.2,11,8,0,14,0,0,0,0
5477.87,8000.0,0.68,6,1,0,28,0,0,0,0
6766.37,6000.0,1.13,10,17,0,40,1,0,0,0
8693.79,4500.0,1.93,13,4,0,12,1,0,0,0
8068.39,8000.0,1.01,13,25,0,23,0,0,0,0
2129.25,6000.0,0.35,20,2,0,43,0,0,0,0
486.76,2000.0,0.24,10,16,0,23,0,0,0,0
35719.78,6000.0,5.95,13,25,4,25,0,1,1,0
23810.17,6000.0,3.97,8,5,4,5,1,0,1,0
3655.0,4500.0,0.81,13,22,0,37,0,0,0,0
41919.99,4000.0,10.48,1,2,9,39,1,1,2,1
2151.07,3000.0,0.72,12,11,0,49,0,0,0,0
3020.44,1500.0,2.01,16,18,0,36,0,0,0,0
7104.01,12000.0,0.59,19,6,1,6,0,0,0,0
3973.2,2500.0,1.59,13,15,0,13,0,0,0,0
1705.88,2000.0,0.85,13,22,0,33,0,0,0,0
10955.92,8000.0,1.37,16,24,0,41,0,0,0,0
3961.97,2500.0,1.58,17,8,0,19,0,0,0,0
896.21,1500.0,0.6,13,1,1,38,0,0,0,0
1457.94,2000.0,0.73,13,27,0,13,0,0,0,0
48002.05,12000.0,4.0,15,6,3,14,1,1,2,0
13998.5,12000.0,1.17,13,4,0,8,1,0,0,0
3299.18,4500.0,0.73,13,24,0,24,0,0,0,0
2871.62,2000.0,1.44,15,21,0,10,0,0,2,0
14245.94,6000.0,2.37,9,10,0,23,0,0,1,0
3181.46,2500.0,1.27,13,25,0,16,1,0,1,0
5831.23,12000.0,0.49,20,18,0,50,0,0,0,0
3043.4,4500.0,0.68,11,27,0,36,0,0,1,0
8894.43,12000.0,0.74,13,6,0,24,0,0,0,0
33651.43,6000.0,5.61,23,14,5,28,1,1,2,0
3170.24,2500.0,1.27,19,11,0,16,0,0,0,0
2481.58,2500.0,0.99,11,27,0,23,0,0,0,0
8587.86,8000.0,1.07,13,10,0,34,0,0,2,0
4298.53,4500.0,0.96,12,11,0,32,0,0,0,0
9598.42,12000.0,0.8,8,15,0,34,0,0,0,0
1186.45,2500.0,0.47,19,22,0,28,0,0,0,0
672.28,1500.0,0.45,11,11,1,12,0,0,0,0
2905.62,1500.0,1.94,11,18,0,38,0,0,1,0
3448.13,4500.0,0.77,16,11,0,28,0,0,0,0
21404.81,12000.0,1.78,19,5,0,6,0,0,0,0
763.14,1500.0,0.51,17,4,0,50,0,0,0,0
12562.26,12000.0,1.05,16,14,0,50,0,0,0,0
4024.98,6000.0,0.67,10,22,0,42,0,0,0,0
8503.53,6000.0,1.42,16,28,1,24,0,0,1,0
18806.8,12000.0,1.57,19,19,0,26,0,0,0,0
7975.77,8000.0,1.0,14,15,0,47,0,0,1,0
1193.04,1500.0,0.8,7,26,0,39,0,0,0,0
2009.59,1500.0,1.34,12,17,1,47,0,0,0,0
4605.06,8000.0,0.58,18,5,0,49,0,0,0,0
9628.06,8000.0,1.2,17,6,2,33,0,0,0,0
2244.72,3000.0,0.75,19,6,0,13,0,0,0,0
2295.46,1500.0,1.53,20,4,1,49,0,0,0,0
8585.7,12000.0,0.72,20,21,0,46,0,0,0,0
4958.67,8000.0,0.62,12,13,0,40,0,0,1,0
9046.83,8000.0,1.13,13,13,0,20,0,0,0,0
9385.47,2500.0,3.75,18,11,3,45,1,0,1,0
2043.93,2000.0,1.02,17,7,1,42,0,0,0,0
1499.99,2000.0,0.75,16,3,0,35,0,0,1,0
8989.95,1500.0,5.99,9,18,3,41,0,0,1,0
16918.46,12000.0,1.41,7,21,0,45,0,0,0,0
17579.6,8000.0,2.2,20,15,0,50,0,0,0,0
2271.26,1500.0,1.51,18,16,0,45,0,0,0,0
9974.46,12000.0,0.83,15,16,0,37,0,0,0,0
7659.37,8000.0,0.96,10,3,0,43,0,0,1,0
2889.29,1500.0,1.93,12,3,1,33,0,0,0,0
3144.57,4500.0,0.7,13,8,0,45,0,0,0,0
42444.57,8000.0,5.31,14,3,4,50,1,0,1,0
2615.45,2000.0,1.31,17,20,0,18,0,1,1,0
2790.68,1500.0,1.86,12,18,1,36,0,0,0,0
3746.17,2500.0,1.5,18,3,0,15,0,0,0,0
11075.23,6000.0,1.85,10,3,0,40,0,0,0,0
5350.75,3000.0,1.78,19,20,0,8,0,0,0,0
6683.61,12000.0,0.56,18,3,0,33,0,0,0,0
8438.6,4500.0,1.88,12,1,0,28,0,0,0,0
4092.07,4500.0,0.91,18,23,0,5,0,0,0,0
4382.47,4500.0,0.97,8,3,1,48,0,0,0,0
5324.7,4500.0,1.18,10,28,0,49,0,0,0,0
1306.74,1500.0,0.87,19,5,0,35,0,0,0,0
1896.31,2000.0,0.95,12,13,0,36,0,0,1,0
1645.31,2000.0,0.82,14,25,0,39,0,0,0,0
2251.23,2000.0,1.13,10,28,0,38,0,0,0,0
1905.83,2000.0,0.95,15,1,0,34,0,0,0,0
7337.37,8000.0,0.92,17,21,0,7,0,0,0,0
1481.23,1500.0,0.99,11,23,0,45,0,0,1,0
3607.67,2500.0,1.44,19,27,0,10,0,0,0,0
1001.0,1500.0,0.67,10,14,0,33,0,0,0,0
3110.1,2500.0,1.24,17,8,0,35,0,0,0,0
2752.11,2000.0,1.38,20,14,1,26,0,0,0,0
13296.99,12000.0,1.11,15,3,0,40,0,0,1,0
100085.4,4000.0,25.02,13,26,2,23,1,1,2,1
9521.35,12000.0,0.79,8,19,0,48,0,0,0,0
2407.41,3000.0,0.8,15,21,0,48,0,0,0,0
2402.68,1500.0,1.6,18,21,0,33,0,0,0,0
1950.85,2000.0,0.98,19,24,0,37,0,0,0,0
44621.36,8000.0,5.58,13,5,4,16,1,0,2,0
7835.75,6000.0,1.31,7,26,0,24,0,0,0,0
16939.9,4500.0,3.76,15,22,5,12,1,1,1,0
17241.42,8000.0,2.16,16,9,0,18,0,0,0,0
4633.26,2500.0,1.85,7,6,0,6,0,0,0,0
1566.78,2000.0,0.78,10,4,0,19,0,0,0,0
1577.4,2000.0,0.79,4,19,0,20,0,0,0,0
13949.36,8000.0,1.74,7,28,0,23,0,0,0,0
12826.94,12000.0,1.07,12,11,1,11,1,0,1,0
2509.56,3000.0,0.84,11,23,1,26,0,0,0,0
3651.22,4500.0,0.81,7,19,0,32,0,0,0,0
3725.01,3000.0,1.24,13,8,1,22,0,0,1,0
7264.05,12000.0,0.61,18,22,0,38,0,0,0,0
2756.05,3000.0,0.92,15,22,0,21,0,1,0,0
2543.46,3000.0,0.85,19,23,0,8,0,0,0,0
23521.78,12000.0,1.96,15,11,0,24,0,0,2,0
14603.33,12000.0,1.22,9,23,0,15,0,0,0,0
1120.37,1500.0,0.75,8,12,0,46,0,0,1,0
6647.94,6000.0,1.11,13,19,1,32,0,0,0,0
2015.76,1500.0,1.34,17,6,0,5,0,0,0,0
3737.6,3000.0,1.25,16,25,0,22,0,0,0,0
8774.41,6000.0,1.46,10,5,0,28,0,0,0,0
6926.63,12000.0,0.58,11,4,0,16,0,0,0,0
7363.59,6000.0,1.23,10,10,0,22,0,0,0,0
2535.52,2500.0,1.01,12,8,0,10,0,1,0,0
1456.72,1500.0,0.97,17,1,0,48,0,0,0,0
9555.18,4500.0,2.12,9,24,1,19,0,0,0,0
3550.24,4500.0,0.79,21,21,0,22,0,0,0,0
2466.84,3000.0,0.82,19,12,1,44,0,0,1,0
1783.93,1500.0,1.19,17,14,2,35,0,0,0,0
4018.44,2500.0,1.61,10,24,0,48,0,0,0,0
983.83,3000.0,0.33,10,19,0,15,0,0,0,0
5969.12,4500.0,1.33,18,15,0,49,0,0,0,0
3841.46,4500.0,0.85,6,14,1,40,0,0,0,0
9274.63,6000.0,1.55,13,17,1,11,0,0,0,0
22305.99,4500.0,4.96,9,21,4,26,1,1,0,0
13896.16,8000.0,1.74,18,10,1,38,0,0,0,0
12425.01,2500.0,4.97,7,22,3,32,1,0,1,0
8516.41,6000.0,1.42,2,11,0,48,0,0,0,0
54894.0,2500.0,21.96,3,22,7,25,1,1,2,1
3133.12,4500.0,0.7,8,28,0,15,0,0,0,0
2935.07,3000.0,0.98,17,7,0,35,0,0,0,0
2112.42,2500.0,0.84,19,15,0,27,0,0,0,0
1410.46,2000.0,0.71,21,25,0,20,0,0,0,0
1119.4,2500.0,0.45,13,26,0,16,0,0,0,0
4295.79,6000.0,0.72,23,13,1,26,0,0,0,0
5060.97,8000.0,0.63,9,6,0,27,0,0,0,0
19606.0,12000.0,1.63,8,5,0,13,0,0,0,0
3749.03,4500.0,0.83,9,19,0,31,0,0,2,0
9438.98,8000.0,1.18,15,16,0,37,0,0,0,0
3609.18,3000.0,1.2,12,22,0,21,0,0,0,0
35999.13,4000.0,9.0,23,14,7,17,1,1,2,1
11906.95,12000.0,0.99,21,15,0,42,0,0,0,0
5281.02,3000.0,1.76,8,18,0,29,0,0,0,0
4539.66,2500.0,1.82,16,18,0,36,0,0,0,0
1900.71,1500.0,1.27,10,19,0,31,0,0,0,0
4282.02,4500.0,0.95,12,5,1,37,0,0,0,0
4130.83,3000.0,1.38,19,9,0,14,1,0,0,0
4506.89,2500.0,1.8,15,14,0,27,0,0,0,0
2479.43,2500.0,0.99,23,17,1,30,0,0,0,0
14600.91,12000.0,1.22,19,28,0,37,0,0,1,0
3474.25,3000.0,1.16,9,12,0,35,0,0,0,0
1641.05,3000.0,0.55,11,18,0,26,0,0,0,0
1930.34,3000.0,0.64,0,10,0,35,0,0,0,0
13183.4,3000.0,4.39,21,17,8,45,1,1,2,1
7974.84,12000.0,0.66,13,26,0,28,0,0,0,0
37096.82,8000.0,4.64,22,28,3,50,1,0,1,0
2950.61,2500.0,1.18,10,6,0,14,0,0,0,0
9843.31,6000.0,1.64,9,19,0,8,0,0,0,0
6943.52,1500.0,4.63,12,22,6,30,1,1,2,1
2052.33,1500.0,1.37,13,7,0,50,0,0,0,0
1612.74,1500.0,1.08,8,1,0,48,0,0,0,0
5581.83,3000.0,1.86,12,28,0,24,0,0,0,0
71913.5,12000.0,5.99,9,15,4,13,0,0,1,0
15555.51,2000.0,7.78,17,28,8,32,1,0,2,1
2610.46,3000.0,0.87,14,2,0,41,0,0,0,0
2980.7,3000.0,0.99,20,13,0,8,0,0,1,0
17647.92,12000.0,1.47,14,25,0,9,0,0,0,0
70580.03,12000.0,5.88,10,16,4,29,0,0,0,0
5664.68,8000.0,0.71,8,16,0,35,0,0,0,0
2636.14,4500.0,0.59,18,15,0,41,0,0,0,0
1686.06,2000.0,0.84,11,5,0,22,0,0,0,0
9879.4,12000.0,0.82,14,13,0,17,0,0,0,0
1781.94,1500.0,1.19,8,16,0,35,0,0,1,0
3186.53,2000.0,1.59,17,25,0,22,0,0,0,0
1990.45,4500.0,0.44,4,10,0,44,0,0,0,0
17953.2,4500.0,3.99,8,4,4,14,1,0,0,0
3716.69,2500.0,1.49,16,27,0,28,0,0,2,0
42357.59,12000.0,3.53,9,1,4,36,1,0,2,0
16446.53,12000.0,1.37,20,7,0,8,0,0,0,0
1673.51,1500.0,1.12,19,23,0,11,0,0,0,0
2185.45,3000.0,0.73,12,9,0,35,0,0,0,0
2178.19,2500.0,0.87,17,15,0,43,0,0,0,0
11550.84,12000.0,0.96,18,22,0,42,0,0,0,0
4892.92,8000.0,0.61,17,10,0,19,0,0,0,0
1383.17,1500.0,0.92,7,27,0,9,0,0,0,0
5732.59,4500.0,1.27,15,23,0,45,0,0,0,0
2031.31,2000.0,1.02,9,6,0,11,0,0,0,0
1734.28,3000.0,0.58,11,15,0,18,0,0,1,0
3576.03,2500.0,1.43,16,17,0,33,0,0,1,0
1473.79,2000.0,0.74,18,1,1,9,0,0,0,0
6564.44,1500.0,4.38,8,22,3,42,1,1,0,0
1691.49,2500.0,0.68,20,21,0,24,0,1,0,0
2845.0,2500.0,1.14,17,27,0,28,0,0,1,0
4763.89,3000.0,1.59,9,24,0,50,1,0,0,0
12477.68,3000.0,4.16,16,15,4,40,1,1,1,0
1690.62,2000.0,0.85,18,21,0,28,0,0,0,0
5228.28,6000.0,0.87,11,8,0,19,0,0,0,0
2680.68,2500.0,1.07,16,15,0,42,0,0,0,0
24068.2,4500.0,5.35,6,22,4,16,0,1,2,0
2143.93,2000.0,1.07,12,8,0,41,0,0,0,0
1990.7,1500.0,1.33,11,2,0,11,0,0,0,0
9882.57,12000.0,0.82,11,24,0,8,0,0,0,0
2101.01,2500.0,0.84,14,17,0,23,0,0,1,0
4038.54,6000.0,0.67,14,8,0,18,0,0,2,0
3390.69,2000.0,1.7,15,27,0,49,0,0,0,0
26508.03,2000.0,13.25,22,21,7,42,1,1,1,1
12108.25,12000.0,1.01,14,11,0,29,0,0,0,0
2089.33,3000.0,0.7,16,17,0,20,0,0,1,0
3817.48,4500.0,0.85,16,21,0,12,0,0,0,0
3362.53,4500.0,0.75,17,12,0,49,0,0,1,0
5860.27,3000.0,1.95,15,6,0,49,0,0,0,0
11127.53,12000.0,0.93,16,16,0,31,0,0,0,0
6792.77,6000.0,1.13,13,25,0,39,0,0,0,0
2641.05,2500.0,1.06,15,24,0,20,0,0,0,0
6391.92,6000.0,1.07,12,6,0,37,0,0,0,0
1199.29,1500.0,0.8,16,14,0,41,0,0,0,0
1992.24,2000.0,1.0,20,21,0,16,0,0,0,0
6823.26,6000.0,1.14,15,18,0,11,0,0,0,0
3259.25,6000.0,0.54,16,19,0,32,0,0,0,0
6403.95,8000.0,0.8,20,1,0,49,0,0,0,0
4630.78,4500.0,1.03,16,5,1,5,0,0,0,0
8716.58,8000.0,1.09,10,24,0,13,0,0,1,0
2085.5,2000.0,1.04,17,9,0,22,0,0,1,0
4783.4,4500.0,1.06,9,26,0,26,0,0,0,0
5405.27,3000.0,1.8,15,14,0,11,0,0,1,0
534.33,1500.0,0.36,14,7,1,28,0,0,0,0
1193.71,1500.0,0.8,12,11,0,18,0,0,0,0
3976.0,4500.0,0.88,20,20,0,33,0,0,0,0
7937.47,4500.0,1.76,19,4,0,16,0,0,0,0
14117.3,8000.0,1.76,12,1,0,47,0,0,1,0
4155.11,3000.0,1.39,19,26,0,48,0,0,1,0
13215.71,6000.0,2.2,19,4,1,28,0,0,0,0
17642.11,12000.0,1.47,11,22,1,30,0,0,0,0
6851.02,6000.0,1.14,11,18,0,20,0,0,0,0
3342.56,3000.0,1.11,17,8,0,5,0,0,0,0
28474.16,12000.0,2.37,16,15,0,39,0,0,0,0
1890.63,1500.0,1.26,19,27,0,46,0,0,0,0
3901.6,4500.0,0.87,16,12,0,7,0,0,0,0
26503.3,4500.0,5.89,20,3,4,44,1,1,1,0
1772.06,1500.0,1.18,14,5,0,19,0,0,0,0
2581.27,2000.0,1.29,7,1,0,27,0,0,0,0
947.11,1500.0,0.63,12,9,0,11,0,0,0,0
13131.26,12000.0,1.09,9,12,0,23,0,0,0,0
821.69,1500.0,0.55,19,3,0,16,0,0,0,0
2765.55,2500.0,1.11,16,16,0,29,0,0,0,0
8963.49,12000.0,0.75,16,24,0,36,0,0,0,0
4963.18,6000.0,0.83,9,10,0,6,0,0,0,0
30482.34,8000.0,3.81,16,24,3,43,1,1,2,0
1794.89,2000.0,0.9,8,3,0,47,0,0,0,0
3615.84,2500.0,1.45,14,11,0,46,0,0,0,0
4245.85,4500.0,0.94,21,4,1,32,0,0,0,0
2112.77,2000.0,1.06,9,8,0,35,0,0,0,0
6291.5,3000.0,2.1,10,13,0,23,0,0,1,0
9535.24,6000.0,1.59,21,3,0,16,0,0,0,0
2302.28,2500.0,0.92,9,3,0,22,0,0,0,0
19823.97,12000.0,1.65,10,28,0,31,0,0,0,0
11343.35,2000.0,5.67,11,9,5,10,1,0,2,1
1131.19,1500.0,0.75,16,16,0,18,0,0,0,0
5369.39,6000.0,0.89,0,27,0,12,0,0,0,0
6471.41,8000.0,0.81,12,8,1,20,0,0,0,0
807.73,1500.0,0.54,5,7,0,15,0,0,0,0
28964.94,4000.0,7.24,0,22,12,7,1,1,2,1
2524.45,2500.0,1.01,17,24,0,44,0,0,0,0
5703.84,6000.0,0.95,7,19,0,26,0,0,0,0
3765.49,3000.0,1.26,15,19,0,41,0,0,1,0
8665.19,6000.0,1.44,18,10,0,43,0,0,0,0
6697.26,1500.0,4.46,13,25,4,39,1,0,1,0
8022.31,6000.0,1.34,0,8,0,7,0,0,1,0
3519.52,3000.0,1.17,12,19,0,44,0,0,0,0
854.05,1500.0,0.57,14,15,0,36,0,0,0,0
1858.08,1500.0,1.24,19,28,0,7,0,0,0,0
3443.04,6000.0,0.57,17,5,0,11,0,0,0,0
2452.43,2000.0,1.23,15,9,0,46,0,0,0,0
28684.39,4000.0,7.17,0,28,6,10,1,0,2,1
35560.86,1500.0,23.71,17,28,5,31,1,1,2,1
2087.98,3000.0,0.7,11,24,0,5,0,0,0,0
7338.7,4500.0,1.63,12,27,0,43,0,0,0,0
6324.46,1500.0,4.22,0,26,5,6,1,1,1,0
10760.36,12000.0,0.9,12,11,0,22,0,0,0,0
7272.12,8000.0,0.91,13,20,0,47,0,0,0,0
45400.74,8000.0,5.68,12,20,4,32,1,0,2,0
14583.87,6000.0,2.43,20,13,0,24,0,0,0,0
10345.95,2500.0,4.14,14,12,4,28,0,0,1,0
10680.67,2500.0,4.27,11,15,3,38,0,0,1,0
10301.16,12000.0,0.86,17,6,0,28,0,0,0,0
42401.49,8000.0,5.3,17,18,4,20,1,0,1,0
3667.69,2000.0,1.83,17,12,0,9,0,0,0,0
1610.67,1500.0,1.07,8,17,1,24,0,0,0,0
3042.5,4500.0,0.68,9,8,0,28,0,0,0,0
6332.59,6000.0,1.06,16,10,0,19,0,0,0,0
4847.58,6000.0,0.81,19,1,1,18,0,0,0,0
2130.59,2000.0,1.07,18,24,0,10,0,0,0,0
996.36,1500.0,0.66,11,25,0,21,0,0,0,0
3861.94,3000.0,1.29,9,4,0,10,0,0,1,0
2496.16,3000.0,0.83,21,17,0,11,0,0,0,0
2665.62,2500.0,1.07,19,19,0,44,0,0,0,0
13398.71,12000.0,1.12,21,7,0,46,0,0,0,0
14601.55,3000.0,4.87,9,20,5,28,1,0,1,1
5073.14,8000.0,0.63,18,12,0,15,0,0,0,0
2803.69,2500.0,1.12,7,5,0,6,0,0,0,0
11518.93,3000.0,3.84,20,18,3,50,1,0,0,0
6725.48,4500.0,1.49,7,9,0,23,0,0,0,0
2001.53,2000.0,1.0,12,24,1,50,0,0,0,0
13171.99,12000.0,1.1,5,24,1,32,0,0,0,0
13765.29,12000.0,1.15,8,18,0,43,0,0,0,0
6406.08,6000.0,1.07,14,18,0,46,0,0,0,0
13619.46,8000.0,1.7,15,12,0,38,0,0,0,0
1960.81,4500.0,0.44,5,27,0,22,0,0,0,0
9195.54,8000.0,1.15,1,11,0,37,0,0,2,0
3144.29,3000.0,1.05,17,10,0,20,0,0,0,0
2066.52,2500.0,0.83,17,24,0,7,0,0,1,0
3858.24,6000.0,0.64,6,12,0,39,1,0,1,0
7896.96,6000.0,1.32,18,20,0,7,0,0,0,0
26673.17,4000.0,6.67,1,11,9,37,1,1,2,1
2405.55,2500.0,0.96,13,22,0,23,0,0,0,0
1733.53,2500.0,0.69,20,6,0,8,0,0,1,0
11179.77,2000.0,5.59,16,2,5,6,1,0,1,0
23631.2,2000.0,11.82,3,17,5,23,1,1,2,1
11275.63,12000.0,0.94,1,5,0,38,0,0,0,0
10605.94,12000.0,0.88,18,2,0,16,0,0,0,0
986.35,1500.0,0.66,10,21,0,26,0,0,0,0
13830.85,8000.0,1.73,18,11,0,18,0,0,0,0
892.26,2000.0,0.45,16,20,0,27,0,0,0,0
3428.6,4500.0,0.76,9,19,0,5,0,0,0,0
34026.84,6000.0,5.67,18,19,4,22,1,1,0,0
4145.14,4500.0,0.92,15,18,0,17,0,0,0,0
10583.87,6000.0,1.76,6,27,0,45,1,0,0,0
4754.87,8000.0,0.59,13,14,0,32,1,0,0,0
3524.26,3000.0,1.17,11,21,0,6,0,0,0,0
24363.92,4500.0,5.41,17,5,5,32,0,0,1,0
2092.72,3000.0,0.7,19,17,0,41,0,0,0,0
2703.87,3000.0,0.9,5,14,0,15,0,0,0,0
954.64,1500.0,0.64,23,27,1,39,0,0,1,0
2193.01,2000.0,1.1,11,17,0,15,0,0,0,0
3559.65,3000.0,1.19,23,5,1,29,0,0,0,0
8991.82,8000.0,1.12,18,7,0,32,0,0,0,0
8237.22,12000.0,0.69,7,13,1,8,0,0,0,0
18673.12,12000.0,1.56,19,19,0,6,0,0,0,0
4581.07,6000.0,0.76,6,8,0,7,0,0,0,0
2051.54,2500.0,0.82,17,26,0,5,0,0,0,0
1837.99,3000.0,0.61,14,23,0,32,0,0,0,0
4916.21,8000.0,0.61,16,2,0,37,0,0,0,0
3549.72,4500.0,0.79,10,27,0,19,0,0,0,0
1803.35,1500.0,1.2,18,3,0,16,0,0,0,0
14308.88,8000.0,1.79,22,27,0,21,0,0,0,0
3815.85,3000.0,1.27,13,13,0,7,0,0,0,0
8407.34,8000.0,1.05,19,13,1,7,0,0,1,0
1235.77,2500.0,0.49,9,1,0,15,0,0,0,0
5542.3,4500.0,1.23,12,28,0,19,0,0,1,0
13116.73,2500.0,5.25,11,7,3,13,1,0,2,0
2533.17,3000.0,0.84,18,27,0,34,1,0,0,0
2078.24,3000.0,0.69,8,11,0,25,0,0,0,0
13905.88,12000.0,1.16,8,12,0,48,0,0,0,0
9424.86,12000.0,0.79,6,20,2,48,0,0,0,0
1005.31,2000.0,0.5,16,9,0,21,0,0,0,0
5484.6,6000.0,0.91,12,20,0,28,0,0,0,0
8277.58,8000.0,1.03,10,19,0,26,0,0,0,0
1977.15,1500.0,1.32,18,19,0,5,0,0,0,0
5422.49,4500.0,1.2,15,13,2,26,0,0,1,0
11020.4,8000.0,1.38,11,23,1,24,0,0,0,0
3402.8,2500.0,1.36,18,4,0,39,0,0,0,0
1005.62,2000.0,0.5,12,6,0,14,0,0,0,0
2362.45,2000.0,1.18,7,6,0,37,0,0,0,0
11848.44,3000.0,3.95,11,26,3,13,0,0,1,0
4053.67,6000.0,0.68,12,3,0,5,0,0,2,0
5154.96,6000.0,0.86,16,24,1,12,0,0,1,0
3285.47,2500.0,1.31,0,2,1,29,0,0,0,0
3365.53,2000.0,1.68,0,2,0,45,0,0,0,0
29930.08,6000.0,4.99,9,5,3,11,0,1,1,0
2374.7,2500.0,0.95,19,7,0,30,0,0,0,0
10655.21,12000.0,0.89,14,24,0,18,0,0,0,0
1371.72,2000.0,0.69,17,13,0,19,0,0,0,0
18903.97,4500.0,4.2,17,24,4,30,1,0,2,0
2735.44,2000.0,1.37,17,23,0,40,0,0,1,0
1165.86,1500.0,0.78,12,9,0,40,0,0,0,0
4630.78,2000.0,2.32,12,11,0,45,0,0,0,0
20205.14,12000.0,1.68,7,19,0,10,0,0,0,0
3076.07,6000.0,0.51,10,24,0,12,0,0,0,0
1209.5,1500.0,0.81,2,25,0,26,0,0,0,0
8252.91,6000.0,1.38,10,2,1,19,0,0,1,0
1646.06,2000.0,0.82,15,21,1,47,0,0,0,0
4379.97,3000.0,1.46,10,12,0,50,0,0,0,0
9351.49,2500.0,3.74,19,17,4,19,1,1,1,0
3616.27,6000.0,0.6,7,22,0,37,0,0,0,0
2832.76,2500.0,1.13,9,17,0,7,0,1,0,0
1846.87,2000.0,0.92,10,12,0,9,0,0,0,0
5138.23,4500.0,1.14,18,24,0,19,0,0,0,0
8706.01,12000.0,0.73,20,13,1,17,0,0,0,0
1646.45,2000.0,0.82,18,11,0,44,0,0,0,0
3550.14,3000.0,1.18,8,25,0,40,0,0,0,0
25121.79,12000.0,2.09,18,2,1,46,0,0,0,0
4222.11,2500.0,1.69,18,25,0,17,0,0,0,0
37837.94,8000.0,4.73,17,1,4,8,1,0,1,0
7588.14,6000.0,1.26,19,22,0,5,0,0,0,0
6580.95,6000.0,1.1,17,9,0,34,0,0,0,0
22808.9,4500.0,5.07,13,10,3,33,1,0,1,0
6763.09,8000.0,0.85,9,22,1,29,0,0,0,0
1953.01,2500.0,0.78,10,26,0,36,0,0,0,0
7648.42,6000.0,1.27,19,10,0,22,0,0,0,0
1385.24,2000.0,0.69,19,23,0,33,0,0,0,0
10906.25,8000.0,1.36,9,25,0,14,0,0,1,0
3672.99,6000.0,0.61,19,5,0,48,0,0,0,0
1668.78,1500.0,1.11,20,22,0,18,0,0,0,0
6434.2,12000.0,0.54,10,22,0,32,0,0,0,0
3599.86,2500.0,1.44,10,27,0,47,0,0,0,0
5297.27,4500.0,1.18,11,14,0,6,0,0,0,0
2222.98,2000.0,1.11,19,25,0,41,0,0,0,0
5941.75,4500.0,1.32,13,7,0,41,0,0,0,0
2540.8,4500.0,0.56,4,16,0,17,0,0,0,0
7003.39,6000.0,1.17,4,12,1,8,0,0,0,0
35576.08,6000.0,5.93,8,11,4,42,1,1,2,0
2883.65,3000.0,0.96,10,4,0,17,0,0,0,0
3554.76,6000.0,0.59,12,28,0,27,0,0,0,0
4457.49,4500.0,0.99,0,3,0,42,0,0,0,0
1258.85,1500.0,0.84,6,22,1,44,0,0,0,0
1471.92,2000.0,0.74,16,7,0,9,0,0,0,0
11722.6,12000.0,0.98,17,16,0,32,0,0,0,0
3563.5,4500.0,0.79,3,25,0,13,0,0,0,0
4848.07,8000.0,0.61,13,10,0,40,0,0,0,0
8079.63,8000.0,1.01,21,17,0,31,0,0,0,0
45758.57,4000.0,11.44,1,18,8,45,1,1,2,1
2687.39,3000.0,0.9,8,20,1,6,0,0,0,0
5929.08,4500.0,1.32,17,12,0,8,0,0,0,0
6291.65,8000.0,0.79,20,26,0,39,0,0,0,0
1992.41,1500.0,1.33,18,24,0,31,0,0,0,0
2643.84,2500.0,1.06,19,21,0,50,0,0,0,0
916.78,2000.0,0.46,16,10,1,25,0,0,0,0
2158.36,3000.0,0.72,8,19,0,15,0,0,0,0
12830.38,12000.0,1.07,11,26,0,18,0,0,0,0
3140.73,1500.0,2.09,17,28,0,45,0,0,0,0
5531.73,4500.0,1.23,7,5,0,21,0,0,0,0
8992.75,12000.0,0.75,0,23,1,41,0,0,0,0
657.43,1500.0,0.44,19,6,2,35,0,0,0,0
2668.06,6000.0,0.44,7,26,0,41,0,0,0,0
2601.3,2500.0,1.04,16,24,0,47,0,0,0,0
3507.99,2000.0,1.75,9,17,0,23,0,0,0,0
5699.08,6000.0,0.95,21,4,0,30,0,0,0,0
8321.39,1500.0,5.55,13,26,3,29,1,0,1,0
18236.6,12000.0,1.52,17,3,1,13,0,0,0,0
16818.57,12000.0,1.4,12,3,0,6,0,0,0,0
3286.85,6000.0,0.55,9,28,0,40,0,0,0,0
3079.11,2500.0,1.23,17,18,2,37,0,0,0,0
36725.14,2500.0,14.69,0,23,4,25,1,1,1,1
13688.42,12000.0,1.14,13,6,0,10,0,0,0,0
8262.22,12000.0,0.69,18,9,1,15,0,0,0,0
11403.29,6000.0,1.9,13,3,0,11,0,0,0,0
1688.8,2000.0,0.84,19,15,0,13,0,0,0,0
1517.68,2500.0,0.61,11,24,1,35,0,0,0,0
3171.45,3000.0,1.06,8,18,0,10,0,0,0,0
1497.16,2500.0,0.6,11,27,0,41,0,0,0,0
2862.43,3000.0,0.95,6,9,0,9,0,0,0,0
6692.49,4500.0,1.49,16,2,0,37,0,0,0,0
3379.57,3000.0,1.13,7,13,0,17,0,0,1,0
23240.3,12000.0,1.94,10,14,0,6,0,0,0,0
2649.14,2500.0,1.06,5,17,0,24,0,0,0,0
12759.09,2500.0,5.1,16,9,5,46,0,0,1,0
4922.36,4500.0,1.09,17,20,0,36,0,0,0,0
3006.45,2500.0,1.2,20,24,0,7,0,0,1,0
22919.75,12000.0,1.91,14,11,0,38,0,0,0,0
3779.92,3000.0,1.26,18,26,2,27,0,0,0,0
1355.49,2500.0,0.54,22,23,0,24,0,0,0,0
2105.37,2000.0,1.05,9,17,0,31,0,0,0,0
5371.03,8000.0,0.67,18,27,0,29,0,0,0,0
42896.29,12000.0,3.57,16,13,3,48,1,0,1,0
45103.16,12000.0,3.76,14,25,5,22,1,0,2,0
2259.0,2500.0,0.9,20,21,0,27,0,0,0,0
6075.56,12000.0,0.51,8,20,0,40,0,0,0,0
3775.54,2500.0,1.51,16,8,0,24,0,0,0,0
19831.36,8000.0,2.48,11,2,0,24,0,0,0,0
3917.09,6000.0,0.65,7,3,0,22,0,0,0,0
2783.02,4500.0,0.62,22,17,0,21,0,0,0,0
4529.47,2500.0,1.81,15,15,0,43,0,0,0,0
11809.46,8000.0,1.48,14,26,0,16,0,0,1,0
7448.58,2000.0,3.72,12,4,5,13,0,0,1,0
14329.61,12000.0,1.19,20,10,0,28,0,0,0,0
4764.99,3000.0,1.59,7,2,0,23,1,0,0,0
5835.33,6000.0,0.97,14,23,0,47,0,0,0,0
3488.6,6000.0,0.58,5,12,1,10,0,0,0,0
3333.43,2000.0,1.67,10,7,0,41,0,0,0,0
9420.14,4500.0,2.09,12,27,0,14,0,0,0,0
6719.02,4500.0,1.49,13,5,0,5,0,0,0,0
6619.74,8000.0,0.83,19,8,0,20,0,0,0,0
3604.76,2500.0,1.44,12,16,1,26,0,0,0,0
2310.86,3000.0,0.77,8,7,0,35,0,0,0,0
19132.38,4500.0,4.25,12,5,3,47,1,0,1,0
5989.48,8000.0,0.75,11,25,0,15,1,0,0,0
2442.21,2000.0,1.22,7,16,0,24,0,0,0,0
915.5,1500.0,0.61,10,22,0,22,0,0,0,0
1827.41,1500.0,1.22,12,25,0,44,0,0,0,0
2247.17,4500.0,0.5,18,13,0,16,0,0,0,0
3643.18,6000.0,0.61,10,1,0,43,0,0,0,0
14250.57,12000.0,1.19,20,13,0,35,0,0,0,0
12127.94,12000.0,1.01,15,26,1,7,0,0,0,0
13541.53,12000.0,1.13,9,8,0,31,0,0,0,0
1598.24,2000.0,0.8,18,3,0,45,0,0,0,0
1584.48,3000.0,0.53,12,17,0,24,0,0,1,0
4206.78,2500.0,1.68,19,18,0,34,0,0,0,0
2999.87,2500.0,1.2,5,13,0,16,0,0,0,0
4551.9,4500.0,1.01,17,17,0,25,0,0,0,0
3223.29,4500.0,0.72,11,16,1,31,0,0,0,0
2074.59,2500.0,0.83,16,8,1,21,0,0,0,0
6790.33,6000.0,1.13,19,13,0,28,0,0,2,0
1127.19,1500.0,0.75,12,21,0,36,0,0,0,0
3555.59,3000.0,1.19,16,14,0,49,0,0,0,0
23859.15,4500.0,5.3,19,18,4,38,0,1,2,0
1650.54,3000.0,0.55,15,6,0,6,0,0,0,0
3501.79,2000.0,1.75,8,10,0,27,0,0,0,0
5695.77,4500.0,1.27,9,27,0,27,0,0,0,0
2680.44,2000.0,1.34,9,11,0,8,0,0,0,0
931.56,2000.0,0.47,14,16,0,13,0,0,1,0
1654.35,2000.0,0.83,10,9,0,15,0,0,0,0
3388.51,2000.0,1.69,11,22,0,47,0,0,1,0
771.26,1500.0,0.51,6,19,0,44,1,0,0,0
2878.85,2500.0,1.15,15,20,1,40,0,0,1,0
8726.1,1500.0,5.82,19,12,5,8,1,0,2,1
3095.35,2000.0,1.55,10,22,0,38,0,0,0,0
1790.15,3000.0,0.6,19,4,0,26,0,0,0,0
2581.58,3000.0,0.86,22,22,0,24,0,0,1,0
1531.9,3000.0,0.51,10,19,1,15,0,0,0,0
8873.03,8000.0,1.11,23,1,1,32,0,0,1,0
3833.87,2500.0,1.53,13,18,0,41,0,0,0,0
10364.95,12000.0,0.86,13,13,0,41,0,0,0,0
2579.87,2500.0,1.03,11,4,0,25,0,0,0,0
10736.17,6000.0,1.79,13,7,1,18,0,0,0,0
3302.33,2500.0,1.32,13,7,0,31,0,0,0,0
18110.86,12000.0,1.51,18,1,0,5,0,0,1,0
3075.4,2500.0,1.23,19,28,0,46,0,0,0,0
2491.59,1500.0,1.66,12,8,0,37,0,0,0,0
9311.82,6000.0,1.55,19,16,0,17,1,0,0,0
3015.48,1500.0,2.01,18,27,0,38,0,0,0,0
1436.52,2000.0,0.72,19,28,0,19,0,0,0,0
6374.67,8000.0,0.8,10,14,0,8,0,0,0,0
2770.07,3000.0,0.92,15,14,0,46,0,0,0,0
4540.71,6000.0,0.76,13,1,0,41,0,0,0,0
7579.23,6000.0,1.26,16,6,0,20,0,0,0,0
2138.05,2000.0,1.07,17,20,0,20,0,0,0,0
2135.88,2500.0,0.85,11,22,0,47,0,0,0,0
8871.68,8000.0,1.11,15,13,0,29,0,0,1,0
9644.22,2500.0,3.86,10,22,5,6,1,0,0,0
7845.85,6000.0,1.31,18,8,0,42,0,0,0,0
34516.37,1500.0,23.01,3,20,5,35,1,1,2,1
8439.24,8000.0,1.05,13,9,0,44,0,0,0,0
11603.69,3000.0,3.87,22,3,11,6,1,0,1,1
4463.78,4500.0,0.99,19,12,1,24,0,0,0,0
3400.19,6000.0,0.57,13,15,0,39,0,0,0,0
5599.83,4500.0,1.24,0,21,0,29,0,0,0,0
71247.16,12000.0,5.94,19,17,4,21,1,1,1,0
9760.66,12000.0,0.81,17,3,0,10,0,0,0,0
920.76,1500.0,0.61,13,8,0,40,0,0,1,0
7600.49,4500.0,1.69,7,16,0,11,0,0,0,0
8559.37,6000.0,1.43,11,14,0,39,0,0,0,0
8500.31,2000.0,4.25,19,7,5,41,1,1,2,0
3892.55,6000.0,0.65,11,5,0,48,0,0,0,0
5707.58,4500.0,1.27,11,17,0,14,0,0,0,0
2705.14,2500.0,1.08,17,18,0,28,0,0,0,0
2475.84,2500.0,0.99,20,19,0,20,0,0,0,0
24287.45,4500.0,5.4,19,5,4,47,1,0,0,0
2439.85,2000.0,1.22,11,22,0,15,0,0,0,0
2994.26,2500.0,1.2,14,27,0,48,0,0,0,0
4938.58,4500.0,1.1,14,8,0,41,0,0,1,0
3488.16,3000.0,1.16,11,5,1,47,0,0,0,0
3299.88,2500.0,1.32,19,7,1,33,0,0,0,0
2105.24,1500.0,1.4,13,27,0,40,0,0,0,0
4377.86,2000.0,2.19,8,25,1,30,0,1,0,0
9022.88,12000.0,0.75,14,16,0,18,0,0,0,0
13336.2,12000.0,1.11,16,7,0,10,0,0,0,0
7735.55,6000.0,1.29,12,12,0,20,0,0,0,0
15079.91,12000.0,1.26,18,17,1,29,0,0,0,0
18395.2,12000.0,1.53,9,23,0,6,0,0,1,0
2196.78,3000.0,0.73,12,27,0,20,0,0,0,0
6954.08,1500.0,4.64,1,13,5,6,1,1,1,0
6504.41,8000.0,0.81,19,26,0,43,0,0,0,0
6577.02,12000.0,0.55,10,24,0,25,0,0,0,0
71708.74,2500.0,28.68,8,23,4,39,1,1,1,1
9530.96,4500.0,2.12,7,21,1,11,0,0,1,0
791.41,2500.0,0.32,5,13,0,20,0,0,0,0
2436.36,4500.0,0.54,19,17,0,21,0,0,0,0
5975.83,6000.0,1.0,16,10,0,47,0,0,1,0
3150.24,2500.0,1.26,14,12,0,25,0,1,0,0
8558.85,1500.0,5.71,17,12,3,22,1,0,0,0
1382.87,2000.0,0.69,12,16,0,15,0,0,0,0
2775.01,3000.0,0.93,14,6,0,33,0,0,0,0
32668.73,8000.0,4.08,13,24,5,27,1,1,1,0
1366.95,2000.0,0.68,5,25,0,17,0,0,0,0
6776.25,6000.0,1.13,12,17,0,32,0,0,0,0
88957.58,3000.0,29.65,1,6,4,12,1,1,2,1
2108.56,1500.0,1.41,13,17,0,38,0,0,0,0
4907.78,2500.0,1.96,18,7,0,11,0,0,1,0
2267.4,1500.0,1.51,12,28,0,9,0,0,1,0
5759.55,2500.0,2.3,8,11,1,16,0,0,1,0
4231.29,4500.0,0.94,13,4,0,43,0,0,0,0
8859.01,2000.0,4.43,11,20,3,16,0,1,1,0
11290.74,12000.0,0.94,11,10,0,48,0,0,0,0
3810.59,3000.0,1.27,9,16,0,15,0,0,0,0
1719.47,3000.0,0.57,13,2,0,13,0,0,0,0
74661.12,2500.0,29.86,15,15,2,47,1,1,1,1
60819.15,12000.0,5.07,12,23,4,26,0,0,0,0
4708.01,3000.0,1.57,16,2,0,14,0,0,0,0
13294.54,2500.0,5.32,10,8,5,29,1,0,1,0
1161.17,1500.0,0.77,11,15,0,43,0,0,0,0
2206.14,2000.0,1.1,18,9,0,29,0,0,0,0
21838.84,6000.0,3.64,9,12,4,32,1,0,0,0
7347.54,2000.0,3.67,11,22,5,17,1,0,2,0
2848.56,8000.0,0.36,17,1,0,31,0,0,0,0
2590.23,3000.0,0.86,11,3,0,44,0,0,1,0
1824.92,4500.0,0.41,13,19,0,42,0,0,0,0
7013.86,8000.0,0.88,11,6,0,31,0,0,0,0
44596.83,2500.0,17.84,2,4,8,24,1,1,2,1
11777.99,6000.0,1.96,12,21,0,46,0,0,0,0
7031.44,6000.0,1.17,10,10,0,37,0,0,0,0
3081.17,6000.0,0.51,14,3,0,20,0,0,0,0
59292.1,12000.0,4.94,16,3,5,22,0,1,1,0
63499.19,12000.0,5.29,12,28,3,17,0,0,1,0
2576.45,2500.0,1.03,19,24,0,7,0,0,0,0
2900.65,3000.0,0.97,11,12,1,7,0,0,0,0
3218.73,2500.0,1.29,11,2,0,12,0,0,2,0
6053.76,6000.0,1.01,9,12,0,45,1,0,0,0
6560.45,6000.0,1.09,19,20,0,12,0,0,0,0
8795.57,6000.0,1.47,19,12,0,44,0,0,0,0
3874.53,4500.0,0.86,16,28,0,49,0,0,1,0
1749.17,1500.0,1.17,6,21,0,22,0,0,0,0
13408.93,3000.0,4.47,13,21,5,39,1,0,1,0
7269.86,6000.0,1.21,11,27,0,19,0,0,0,0
2666.81,3000.0,0.89,7,12,0,29,0,0,0,0
8297.92,12000.0,0.69,20,12,2,50,0,0,0,0
3262.96,6000.0,0.54,19,28,0,14,0,0,0,0
1791.94,2500.0,0.72,21,23,1,37,0,0,0,0
5208.72,6000.0,0.87,9,26,0,10,0,0,0,0
1094.7,1500.0,0.73,11,22,0,13,0,1,0,0
6981.65,6000.0,1.16,10,17,0,15,0,0,1,0
67709.21,12000.0,5.64,9,28,4,18,0,0,1,0
912.14,1500.0,0.61,13,16,0,49,0,0,0,0
2493.47,2500.0,1.0,11,8,0,47,0,0,0,0
689.16,1500.0,0.46,17,9,0,27,0,0,0,0
913.53,2500.0,0.37,16,5,0,17,0,0,0,0
2233.7,3000.0,0.74,12,20,0,20,0,0,0,0
1520.68,1500.0,1.01,15,17,0,28,0,0,1,0
4915.6,6000.0,0.82,10,8,0,41,0,0,0,0
3517.61,4500.0,0.78,13,4,0,9,0,0,1,0
1048.14,1500.0,0.7,16,25,0,26,0,0,0,0
1451.29,1500.0,0.97,9,22,0,42,0,0,0,0
42435.12,2000.0,21.22,7,7,2,26,1,0,1,1
10854.86,2000.0,5.43,17,23,5,29,1,1,1,0
4929.13,4500.0,1.1,13,2,0,43,0,0,0,0
7563.11,6000.0,1.26,16,18,0,14,0,0,0,0
1106.1,1500.0,0.74,12,26,0,15,0,0,0,0
22053.04,4500.0,4.9,22,11,3,41,1,1,1,0
1645.45,2500.0,0.66,13,2,0,42,0,0,0,0
5646.67,4500.0,1.25,20,13,0,50,0,0,0,0
17031.37,8000.0,2.13,9,6,0,38,0,0,0,0
2826.04,4500.0,0.63,19,11,0,16,0,0,0,0
9570.09,2000.0,4.79,14,15,4,32,1,1,1,0
2411.19,3000.0,0.8,16,13,0,21,0,0,0,0
9906.58,6000.0,1.65,15,12,0,24,0,0,0,0
1841.15,1500.0,1.23,14,15,0,43,0,0,0,0
1890.71,2000.0,0.95,11,6,0,11,0,0,0,0
18329.92,12000.0,1.53,18,22,0,40,0,0,1,0
10132.44,2000.0,5.07,7,2,4,19,1,1,1,0
8880.08,8000.0,1.11,16,22,1,50,0,0,0,0
8282.71,1500.0,5.52,13,27,3,43,0,1,2,0
65486.97,12000.0,5.46,22,14,4,44,1,1,1,0
7903.83,6000.0,1.32,13,6,0,22,0,0,0,0
6327.49,6000.0,1.05,13,11,0,14,0,0,0,0
2442.24,2000.0,1.22,9,9,0,35,1,0,0,0
3388.74,2500.0,1.36,13,16,0,47,0,0,0,0
2855.27,2500.0,1.14,9,15,0,42,0,0,0,0
2079.32,2500.0,0.83,13,11,0,14,0,0,0,0
5961.53,4500.0,1.32,12,11,0,7,0,0,2,0
1307.78,1500.0,0.87,15,5,0,22,0,0,0,0
2777.35,1500.0,1.85,15,27,1,20,0,0,0,0
28828.03,2000.0,14.41,2,27,9,26,1,1,2,1
1710.58,2000.0,0.86,18,23,0,8,0,0,0,0
1486.32,2000.0,0.74,16,11,0,17,0,0,1,0
2562.89,3000.0,0.85,12,18,0,36,0,0,1,0
948.88,2000.0,0.47,11,19,0,42,1,0,0,0
9674.63,12000.0,0.81,19,2,0,11,0,0,0,0
1031.33,1500.0,0.69,21,22,1,30,0,0,0,0
11255.82,2000.0,5.63,19,9,5,41,1,0,1,0
3212.87,2500.0,1.29,16,22,0,47,0,0,0,0
3038.29,2500.0,1.22,15,12,0,40,0,0,0,0
7122.02,12000.0,0.59,11,19,0,14,0,0,1,0
1738.8,3000.0,0.58,7,20,0,44,0,0,0,0
46155.09,12000.0,3.85,19,25,3,38,1,0,1,0
10930.6,4000.0,2.73,1,1,5,27,1,1,1,1
6289.22,6000.0,1.05,5,12,0,42,0,0,0,0
11835.7,2500.0,4.73,18,10,4,34,1,0,1,0
2196.27,2500.0,0.88,21,13,0,38,0,0,0,0
32885.71,8000.0,4.11,12,25,5,39,1,0,1,0
1739.9,2500.0,0.7,20,17,1,12,0,0,0,0
8667.84,1500.0,5.78,17,8,4,20,0,1,1,0
13930.98,8000.0,1.74,13,18,0,42,0,0,2,0
8090.26,6000.0,1.35,12,8,0,43,0,0,0,0
2848.06,1500.0,1.9,12,5,0,50,0,0,0,0
17600.29,12000.0,1.47,20,4,1,8,0,0,0,0
7977.14,8000.0,1.0,10,19,0,23,0,0,0,0
9370.84,2500.0,3.75,18,10,3,14,1,1,2,0
105477.82,4000.0,26.37,2,12,3,28,1,1,2,1
1709.82,3000.0,0.57,20,13,0,33,0,0,0,0
15462.6,12000.0,1.29,12,24,0,20,0,0,1,0
20966.33,4500.0,4.66,13,13,5,22,0,0,1,0
4539.09,4500.0,1.01,14,22,0,6,0,0,0,0
12285.55,12000.0,1.02,13,16,0,35,0,0,0,0
2075.5,3000.0,0.69,8,23,0,47,0,0,0,0
8414.59,2000.0,4.21,14,11,4,40,1,1,1,0
7487.74,12000.0,0.62,7,25,0,25,0,0,0,0
2840.29,2500.0,1.14,20,9,0,25,0,0,0,0
24829.62,4000.0,6.21,16,3,5,37,1,1,2,1
4223.06,3000.0,1.41,16,23,0,39,0,0,0,0
3147.45,3000.0,1.05,18,22,0,28,0,0,0,0
865.17,1500.0,0.58,19,27,1,22,0,0,0,0
4190.94,6000.0,0.7,17,15,0,49,0,0,0,0
16648.22,3000.0,5.55,15,2,3,17,0,0,1,0
6318.53,6000.0,1.05,20,23,1,35,0,0,0,0
4380.37,4500.0,0.97,21,20,0,50,0,0,0,0
6737.7,8000.0,0.84,10,1,0,47,0,0,1,0
5547.26,4500.0,1.23,18,21,0,42,0,0,0,0
4230.23,2500.0,1.69,10,8,0,38,0,0,0,0
6885.91,8000.0,0.86,14,7,0,47,0,0,0,0
2026.69,1500.0,1.35,16,1,1,22,0,0,0,0
7006.83,6000.0,1.17,19,9,0,36,0,0,0,0
17062.06,4500.0,3.79,17,16,3,46,1,1,2,0
8947.07,1500.0,5.96,21,7,6,27,1,1,2,1
10375.27,12000.0,0.86,7,15,0,43,0,0,1,0
2637.13,2000.0,1.32,12,20,0,28,0,0,0,0
3063.92,1500.0,2.04,14,10,0,44,1,0,0,0
1258.18,3000.0,0.42,13,2,0,31,0,0,0,0
2132.92,2500.0,0.85,12,25,0,29,0,0,0,0
25787.61,4500.0,5.73,16,24,3,6,1,0,0,0
3277.57,2500.0,1.31,17,4,0,9,0,0,0,0
14626.5,12000.0,1.22,9,9,1,47,0,0,0,0
1616.66,2500.0,0.65,11,6,0,35,0,0,0,0
2264.2,3000.0,0.75,17,22,0,24,0,0,0,0
9574.38,8000.0,1.2,11,4,1,6,0,0,2,0
5278.13,6000.0,0.88,18,3,0,15,0,0,0,0
2839.42,4500.0,0.63,16,1,0,27,0,0,0,0
2832.73,1500.0,1.89,17,3,1,46,0,0,0,0
1632.82,1500.0,1.09,17,3,0,25,0,0,0,0
7460.99,3000.0,2.49,9,17,1,42,0,0,2,0
49478.72,12000.0,4.12,18,3,5,25,0,0,0,0
1505.21,2000.0,0.75,7,24,0,13,0,0,0,0
3912.0,4500.0,0.87,9,20,0,43,0,0,0,0
3675.4,3000.0,1.23,5,10,0,8,0,0,0,0
2512.69,2000.0,1.26,7,19,0,19,0,0,2,0
5281.45,8000.0,0.66,4,13,0,27,0,0,0,0
10620.49,12000.0,0.89,20,21,1,19,0,0,0,0
1931.84,2000.0,0.97,9,28,0,34,0,0,0,0
1803.98,1500.0,1.2,18,25,0,6,0,0,0,0
3091.58,2500.0,1.24,19,14,0,32,0,0,0,0
8650.87,2000.0,4.33,19,5,3,43,0,1,0,0
3400.27,6000.0,0.57,21,27,0,40,0,0,0,0
1708.24,3000.0,0.57,20,13,0,18,0,0,0,0
2678.88,3000.0,0.89,12,11,0,23,0,0,2,0
7973.45,1500.0,5.32,12,4,4,34,1,0,1,1
2322.23,2500.0,0.93,17,21,1,26,0,0,0,0
2820.14,4500.0,0.63,9,19,0,29,0,0,0,0
3120.25,6000.0,0.52,14,26,0,50,0,0,0,0
1062.23,1500.0,0.71,12,19,0,26,0,0,0,0
5894.94,4500.0,1.31,10,27,0,19,0,0,0,0
2291.36,3000.0,0.76,15,28,0,22,0,0,0,0
18735.17,12000.0,1.56,14,28,0,28,0,0,0,0
47298.32,12000.0,3.94,11,2,4,14,1,1,1,0
32125.33,1500.0,21.42,0,28,3,8,1,0,2,1
9747.23,8000.0,1.22,15,22,0,44,0,0,0,0
4124.51,4500.0,0.92,13,27,1,46,0,0,0,0
1623.67,3000.0,0.54,17,8,1,21,0,0,1,0
8364.46,8000.0,1.05,9,14,0,28,0,0,0,0
17212.94,3000.0,5.74,8,9,5,20,1,0,1,0
4872.35,4500.0,1.08,13,19,0,16,0,0,0,0
1410.71,2000.0,0.71,19,10,1,17,0,0,0,0
8811.71,8000.0,1.1,7,15,0,25,0,0,2,0
5526.7,8000.0,0.69,21,2,0,30,0,0,0,0
17997.31,12000.0,1.5,16,24,0,50,0,1,1,0
3182.13,2500.0,1.27,8,17,0,40,0,0,1,0
7667.57,2000.0,3.83,8,3,4,42,1,0,2,0
3506.82,2500.0,1.4,14,28,0,12,0,0,0,0
3718.79,2500.0,1.49,16,22,1,10,0,0,0,0
6683.76,4500.0,1.49,7,27,0,33,0,0,0,0
7257.03,6000.0,1.21,17,7,0,17,0,0,0,0
2477.84,1500.0,1.65,20,1,0,18,0,0,0,0
1228.84,2000.0,0.61,11,17,0,24,0,0,0,0
7155.02,12000.0,0.6,8,19,0,35,0,0,0,0
3640.0,4500.0,0.81,9,27,0,25,0,0,0,0
9536.66,12000.0,0.79,15,27,0,15,0,0,0,0
76492.14,3000.0,25.5,3,14,6,36,1,1,2,1
2055.08,2000.0,1.03,21,21,0,12,0,0,0,0
5700.6,6000.0,0.95,16,2,0,5,0,0,0,0
4197.53,6000.0,0.7,13,3,0,33,0,0,1,0
1229.42,1500.0,0.82,0,16,0,34,0,0,0,0
3752.48,3000.0,1.25,13,17,0,12,0,0,0,0
1665.51,2000.0,0.83,14,14,0,50,0,0,0,0
15275.45,12000.0,1.27,14,24,0,49,0,0,0,0
29111.0,1500.0,19.41,1,20,8,21,1,1,2,1
2217.53,2500.0,0.89,17,2,0,29,0,0,0,0
16398.39,12000.0,1.37,19,26,0,44,0,0,0,0
64761.53,12000.0,5.4,13,9,5,50,0,0,1,0
8163.69,1500.0,5.44,20,4,4,27,1,0,2,1
44351.06,8000.0,5.54,15,11,3,40,0,1,1,0
13722.83,12000.0,1.14,14,25,0,9,0,0,0,0
2200.56,2500.0,0.88,11,26,0,41,0,0,0,0
4821.57,3000.0,1.61,12,19,0,17,0,0,0,0
1436.68,2000.0,0.72,21,14,0,17,0,0,0,0
21945.89,12000.0,1.83,15,14,0,25,0,0,0,0
3220.81,3000.0,1.07,9,14,0,26,0,0,0,0
1705.83,2000.0,0.85,6,23,0,36,0,0,0,0
1193.29,1500.0,0.8,18,21,0,21,0,0,0,0
4846.57,6000.0,0.81,19,15,0,46,0,0,0,0
1395.78,2000.0,0.7,7,16,0,27,0,0,0,0
3433.3,3000.0,1.14,19,15,0,49,0,0,0,0
9846.55,8000.0,1.23,8,22,0,40,0,0,0,0
1449.99,2000.0,0.72,12,24,1,8,0,0,0,0
10221.81,6000.0,1.7,19,11,0,46,0,0,1,0
7926.4,8000.0,0.99,15,11,0,35,0,0,0,0
42546.44,12000.0,3.55,17,20,4,50,0,1,2,0
12882.35,12000.0,1.07,17,24,0,12,0,0,0,0
5558.64,8000.0,0.69,9,1,0,5,0,0,0,0
6769.17,8000.0,0.85,15,11,0,21,0,0,0,0
14188.52,8000.0,1.77,8,3,0,6,0,0,0,0
1371.7,2000.0,0.69,11,26,1,46,0,0,0,0
11781.24,3000.0,3.93,18,3,4,35,0,0,1,0
1525.19,2500.0,0.61,15,22,0,46,0,0,0,0
1407.05,1500.0,0.94,14,19,0,37,0,0,0,0
13667.53,12000.0,1.14,10,20,0,11,0,0,0,0
11914.81,12000.0,0.99,11,6,1,33,0,0,1,0
6977.6,1500.0,4.65,19,27,3,37,1,1,0,0
2924.29,2500.0,1.17,23,28,0,5,0,0,0,0
1352.78,1500.0,0.9,16,2,0,33,0,0,0,0
58138.47,2000.0,29.07,2,19,4,20,1,1,2,1
8295.52,12000.0,0.69,7,19,0,11,0,0,0,0
10235.51,12000.0,0.85,12,15,0,29,0,0,0,0
2370.23,3000.0,0.79,21,24,1,20,0,0,1,0
3102.7,2000.0,1.55,7,24,0,28,0,0,0,0
3405.99,2500.0,1.36,18,2,0,14,0,0,0,0
1939.96,2000.0,0.97,12,21,1,6,0,0,0,0
2695.42,3000.0,0.9,10,19,0,28,0,0,0,0
4254.32,3000.0,1.42,8,12,1,19,0,0,0,0
3056.85,2000.0,1.53,13,9,0,6,1,0,0,0
8390.0,1500.0,5.59,17,4,5,18,1,0,2,0
6711.01,12000.0,0.56,18,25,0,40,0,0,0,0
2262.93,2000.0,1.13,14,24,0,19,0,0,1,0
726.01,1500.0,0.48,14,24,1,29,0,0,0,0
13498.64,12000.0,1.12,15,6,0,43,0,0,0,0
11775.45,2500.0,4.71,9,9,4,13,1,1,1,1
13405.87,12000.0,1.12,16,1,0,35,0,0,0,0
6711.41,4500.0,1.49,8,27,0,46,0,0,0,0
9343.88,8000.0,1.17,12,1,0,26,0,0,0,0
1261.75,1500.0,0.84,7,14,0,36,0,0,0,0
2626.69,6000.0,0.44,20,19,0,9,0,0,0,0
4856.43,3000.0,1.62,10,1,1,24,0,0,0,0
1540.73,2500.0,0.62,8,19,0,6,0,0,0,0
7050.81,12000.0,0.59,9,3,0,23,0,0,0,0
69720.54,3000.0,23.24,3,7,3,34,1,1,2,1
15722.38,3000.0,5.24,11,14,5,46,1,0,0,0
8386.93,12000.0,0.7,8,12,0,47,0,0,0,0
1348.53,1500.0,0.9,15,3,0,30,0,0,0,0
12076.29,12000.0,1.01,19,16,0,8,0,0,0,0
2079.96,2500.0,0.83,11,27,0,26,0,0,0,0
30317.39,6000.0,5.05,14,4,5,9,1,0,1,0
2254.5,2000.0,1.13,16,6,0,10,0,0,0,0
2763.11,3000.0,0.92,19,24,0,39,0,0,0,0
1025.71,1500.0,0.68,7,25,0,21,0,0,2,0
8108.0,12000.0,0.68,20,26,0,6,0,0,0,0
17483.11,3000.0,5.83,8,9,5,15,0,0,2,0
28120.57,12000.0,2.34,9,23,0,10,0,0,0,0
13777.2,12000.0,1.15,8,27,0,29,0,0,0,0
2431.15,2000.0,1.22,9,20,0,46,0,0,0,0
4911.65,4500.0,1.09,15,13,1,32,0,0,0,0
1601.5,2000.0,0.8,16,9,0,10,0,0,0,0
3597.59,3000.0,1.2,23,28,1,9,0,0,0,0
1457.74,2500.0,0.58,13,10,0,22,0,0,1,0
6318.47,8000.0,0.79,6,24,0,25,0,0,0,0
14826.03,12000.0,1.24,10,15,0,28,0,0,0,0
8051.83,6000.0,1.34,16,15,0,26,0,0,0,0
1910.54,2000.0,0.96,9,4,0,15,0,0,0,0
2046.24,3000.0,0.68,9,12,0,30,0,0,0,0
20818.03,1500.0,13.88,3,27,4,45,1,1,2,1
3463.56,2500.0,1.39,13,2,0,9,0,0,0,0
3601.26,2500.0,1.44,18,9,0,46,0,0,0,0
2159.22,3000.0,0.72,18,17,0,13,0,0,0,0
3409.43,8000.0,0.43,13,16,1,7,0,0,0,0
2028.32,1500.0,1.35,8,17,0,31,0,0,0,0
2116.95,2000.0,1.06,17,19,0,21,1,0,2,0
2069.84,2000.0,1.03,7,26,0,20,0,0,0,0
1014.47,1500.0,0.68,17,12,0,25,0,0,1,0
3679.86,3000.0,1.23,16,2,0,50,0,0,1,0
1994.43,3000.0,0.66,9,25,0,20,0,0,1,0
67018.74,12000.0,5.58,10,3,5,36,1,1,1,0
1041.53,2000.0,0.52,18,26,0,21,0,0,0,0
6630.91,6000.0,1.11,14,5,0,28,0,0,1,0
3490.49,3000.0,1.16,10,7,0,31,0,0,1,0
6281.04,4500.0,1.4,21,27,0,8,0,0,0,0
7260.62,12000.0,0.61,19,14,0,18,0,0,0,0
14272.01,12000.0,1.19,6,21,0,29,0,0,0,0
4388.52,4500.0,0.98,17,2,1,22,0,0,0,0
4941.22,6000.0,0.82,7,5,0,44,0,0,0,0
9263.07,6000.0,1.54,8,12,0,12,0,0,0,0
4844.62,2500.0,1.94,17,15,0,28,0,0,0,0
7293.88,1500.0,4.86,18,23,5,9,1,1,0,0
2987.27,4500.0,0.66,8,28,0,30,0,0,0,0
46086.78,1500.0,30.72,3,23,5,26,1,1,2,1
12068.81,12000.0,1.01,21,2,0,34,0,0,0,0
8088.8,12000.0,0.67,14,15,1,30,0,0,1,0
3370.27,8000.0,0.42,10,17,0,18,0,0,0,0
1190.27,1500.0,0.79,19,18,0,8,0,0,0,0
3319.9,4500.0,0.74,18,7,0,35,0,0,0,0
874.61,2000.0,0.44,10,7,0,17,0,0,0,0
8349.37,8000.0,1.04,12,13,2,15,0,0,0,0
4449.88,3000.0,1.48,14,3,0,7,0,0,0,0
2797.51,2000.0,1.4,13,10,1,13,0,0,0,0
10872.99,4500.0,2.42,10,22,0,16,0,0,0,0
10939.93,8000.0,1.37,13,13,0,29,0,0,0,0
9014.04,2000.0,4.51,17,18,4,8,1,0,2,0
5265.59,6000.0,0.88,20,23,0,20,0,0,1,0
1623.85,2000.0,0.81,11,13,0,29,0,0,0,0
3559.02,3000.0,1.19,7,26,0,19,0,0,0,0
3786.99,3000.0,1.26,10,5,0,17,0,0,0,0
5609.17,1500.0,3.74,12,5,3,26,0,0,1,0
8410.29,6000.0,1.4,17,6,0,47,0,0,0,0
2313.32,2500.0,0.93,8,17,1,47,0,0,0,0
1653.49,1500.0,1.1,8,22,0,25,0,0,1,0
5680.25,1500.0,3.79,17,12,5,23,0,1,2,0
2385.41,3000.0,0.8,11,15,0,18,0,0,0,0
5626.53,4500.0,1.25,19,21,0,33,0,0,0,0
2741.76,2000.0,1.37,5,15,0,31,0,0,0,0
5649.43,4500.0,1.26,12,25,0,21,0,0,0,0
9166.73,2500.0,3.67,14,13,3,26,1,0,0,0
1917.34,1500.0,1.28,21,20,0,12,1,0,0,0
6440.11,12000.0,0.54,17,26,0,22,0,0,1,0
1046.53,1500.0,0.7,12,15,0,21,0,0,0,0
15433.96,3000.0,5.14,16,1,4,15,0,1,1,0
1989.91,3000.0,0.66,17,23,0,23,0,0,0,0
1929.2,1500.0,1.29,14,19,0,11,0,0,0,0
3872.9,4500.0,0.86,17,19,0,21,1,0,0,0
2974.55,6000.0,0.5,10,24,0,35,0,0,0,0
5350.89,1500.0,3.57,21,19,3,37,1,0,1,0
5748.65,2500.0,2.3,14,18,0,41,0,0,0,0
13749.55,12000.0,1.15,22,19,0,24,0,0,0,0
2447.73,3000.0,0.82,18,14,1,18,0,0,0,0
7633.16,8000.0,0.95,19,27,1,9,0,0,0,0
3821.4,4500.0,0.85,7,1,0,26,0,0,0,0
2138.86,1500.0,1.43,11,24,1,46,0,0,1,0
2682.61,3000.0,0.89,9,8,0,19,0,0,1,0
54885.48,4000.0,13.72,5,10,5,44,1,0,0,1
2180.98,2000.0,1.09,17,28,0,25,0,0,0,0
85101.9,2500.0,34.04,1,16,5,17,1,1,2,1
6568.23,6000.0,1.09,16,22,0,29,0,0,0,0
4859.45,3000.0,1.62,8,15,0,41,0,0,0,0
12669.59,12000.0,1.06,9,8,2,41,0,0,0,0
2105.35,3000.0,0.7,11,26,1,37,0,0,0,0
1173.15,1500.0,0.78,6,12,0,31,0,0,0,0
4072.37,3000.0,1.36,16,11,0,16,0,0,0,0
1500.99,2500.0,0.6,10,6,0,8,0,1,0,0
1201.06,2500.0,0.48,15,1,0,33,0,0,0,0
2099.91,3000.0,0.7,14,2,0,46,0,0,0,0
6185.72,8000.0,0.77,14,2,1,12,0,0,0,0
2562.21,2500.0,1.02,19,28,0,33,0,0,0,0
9109.85,12000.0,0.76,17,18,0,35,0,0,0,0
11136.32,3000.0,3.71,9,25,3,46,0,0,1,0
1660.05,1500.0,1.11,10,25,1,34,0,0,0,0
2733.8,2000.0,1.37,14,25,0,15,0,0,0,0
1296.11,1500.0,0.86,16,16,0,10,0,0,0,0
9288.8,8000.0,1.16,9,16,0,16,0,0,0,0
7099.88,6000.0,1.18,19,3,0,42,0,0,1,0
13418.69,12000.0,1.12,20,27,0,36,0,0,0,0
3969.14,3000.0,1.32,19,5,0,32,0,0,0,0
3159.2,3000.0,1.05,17,15,0,34,0,0,0,0
5712.74,4500.0,1.27,15,10,0,40,0,0,0,0
8685.18,6000.0,1.45,15,1,0,33,0,0,0,0
9992.52,8000.0,1.25,11,13,0,13,0,0,0,0
43878.44,8000.0,5.48,18,24,4,18,0,0,0,0
1694.47,2000.0,0.85,18,17,0,32,0,0,0,0
18001.6,4500.0,4.0,19,24,5,17,0,1,1,0
640.39,1500.0,0.43,15,23,1,34,0,0,1,0
6590.29,4500.0,1.46,13,22,0,14,0,0,0,0
21827.07,4500.0,4.85,11,3,4,42,1,0,1,0
8318.81,12000.0,0.69,15,28,0,44,0,0,0,0
13466.0,12000.0,1.12,11,3,0,36,0,0,1,0
5616.21,6000.0,0.94,13,13,1,28,0,0,0,0
7165.12,6000.0,1.19,12,6,0,32,0,0,0,0
5655.05,8000.0,0.71,15,27,0,29,0,0,0,0
27388.41,6000.0,4.56,21,19,4,30,0,1,0,0
1087.49,1500.0,0.72,7,16,1,35,0,0,0,0
4688.85,4500.0,1.04,20,21,0,9,0,0,0,0
1805.34,2000.0,0.9,12,28,0,13,0,0,0,0
31667.76,2500.0,12.67,3,11,4,49,1,1,2,1
1876.63,1500.0,1.25,11,14,1,48,0,0,1,0
5929.6,1500.0,3.95,9,15,3,16,0,0,1,0
890.67,2000.0,0.45,22,23,0,48,0,1,0,0
1934.16,2000.0,0.97,11,4,1,34,0,0,0,0
3038.89,2500.0,1.22,13,7,0,14,0,0,0,0
1572.95,1500.0,1.05,9,10,0,43,0,0,0,0
2684.09,4500.0,0.6,18,28,0,28,0,0,1,0
5257.98,4500.0,1.17,17,19,0,12,0,1,0,0
6154.21,4500.0,1.37,11,11,0,39,0,0,1,0
24968.38,4500.0,5.55,7,11,5,44,0,0,1,0
3149.14,2500.0,1.26,11,23,1,32,0,0,0,0
4303.17,2500.0,1.72,23,20,0,26,0,0,0,0
7067.94,6000.0,1.18,17,4,0,8,0,0,0,0
2106.17,2000.0,1.05,10,9,0,48,0,0,0,0
69295.07,2000.0,34.65,2,25,4,49,1,1,2,1
3819.59,2500.0,1.53,10,5,0,49,0,0,0,0
12130.55,2500.0,4.85,8,8,3,47,1,1,1,0
5565.78,4500.0,1.24,11,19,0,10,0,0,0,0
1524.06,3000.0,0.51,11,15,0,27,0,0,0,0
2129.44,2500.0,0.85,16,20,0,24,0,0,0,0
3847.29,2000.0,1.92,8,14,1,12,1,0,0,0
1359.92,2000.0,0.68,17,8,0,28,0,0,0,0
10268.13,8000.0,1.28,12,22,0,6,0,0,1,0
3915.92,4500.0,0.87,14,14,0,27,0,0,0,0
1752.19,2000.0,0.88,15,28,0,45,0,0,0,0
1430.46,2000.0,0.72,18,5,0,25,0,0,0,0
8012.38,12000.0,0.67,11,13,0,39,0,0,0,0
125798.05,4000.0,31.45,12,11,6,6,1,1,2,1
12389.5,2000.0,6.19,4,24,8,22,1,1,2,1
1021.07,1500.0,0.68,11,24,0,48,0,0,0,0
25170.47,4500.0,5.59,11,4,3,29,1,0,1,0
13482.56,12000.0,1.12,15,28,0,9,0,0,0,0
2037.48,2500.0,0.81,18,5,0,40,0,0,0,0
14044.94,3000.0,4.68,9,12,3,43,0,0,1,0
2920.42,3000.0,0.97,11,17,1,49,0,0,0,0
3840.91,2000.0,1.92,15,5,0,47,0,0,0,0
1746.56,2500.0,0.7,9,3,0,45,0,0,0,0
1989.13,2000.0,0.99,11,16,0,22,0,0,0,0
66059.88,12000.0,5.5,16,4,4,41,1,1,1,0
3561.1,2500.0,1.42,13,19,0,13,0,0,0,0
11252.43,2500.0,4.5,12,2,5,34,1,0,2,0
7447.67,6000.0,1.24,19,26,0,42,0,0,0,0
6985.2,12000.0,0.58,12,1,0,12,0,0,0,0
2592.86,2000.0,1.3,9,6,0,32,0,0,0,0
4611.83,6000.0,0.77,11,23,0,47,0,0,0,0
1662.26,1500.0,1.11,18,18,0,33,0,0,0,0
2076.63,1500.0,1.38,6,23,0,15,0,0,0,0
2171.69,2500.0,0.87,9,21,1,14,0,0,2,0
3967.83,4500.0,0.88,19,8,0,26,0,0,0,0
8360.95,1500.0,5.57,16,7,4,36,0,0,1,0
1930.72,2500.0,0.77,12,22,0,16,0,0,0,0
3204.52,3000.0,1.07,14,15,0,5,0,0,0,0
6364.0,12000.0,0.53,11,7,1,13,0,0,0,0
8182.17,8000.0,1.02,10,15,0,29,0,0,1,0
11810.09,12000.0,0.98,15,3,0,35,0,0,0,0
5820.58,1500.0,3.88,19,25,3,33,0,0,1,0
7836.97,2000.0,3.92,7,27,4,37,1,0,1,0
1603.95,1500.0,1.07,18,4,0,22,0,0,0,0
62783.47,12000.0,5.23,14,17,4,46,1,0,2,0
1437.47,2000.0,0.72,0,7,0,20,0,0,0,0
3539.39,4500.0,0.79,10,9,0,50,0,0,0,0
5605.08,4500.0,1.25,0,12,0,23,0,0,0,0
5289.78,8000.0,0.66,16,18,0,7,0,0,1,0
1746.61,2000.0,0.87,16,19,0,20,0,0,2,0
61138.19,2000.0,30.57,4,17,4,28,1,1,2,1
16790.53,12000.0,1.4,14,12,1,33,0,0,0,0
20781.32,12000.0,1.73,9,26,0,45,0,0,0,0
8266.88,6000.0,1.38,11,8,0,33,0,0,0,0
2219.16,2500.0,0.89,16,28,1,44,0,0,1,0
9419.33,2000.0,4.71,15,27,5,46,1,0,1,0
1695.73,1500.0,1.13,16,15,1,24,0,0,0,0
7163.74,6000.0,1.19,16,19,0,32,0,0,0,0
2658.35,2500.0,1.06,16,11,0,22,0,0,1,0
3162.45,2000.0,1.58,7,9,0,22,0,0,0,0
21228.64,12000.0,1.77,22,16,0,37,0,0,0,0
7077.49,6000.0,1.18,13,3,0,12,0,0,0,0
1306.97,3000.0,0.44,12,23,0,42,1,0,1,0
9855.41,2000.0,4.93,10,22,3,39,0,1,2,0
1654.16,2000.0,0.83,19,11,0,14,0,1,0,0
1030.07,2500.0,0.41,7,18,0,7,0,0,0,0
12442.86,3000.0,4.15,21,2,5,42,0,0,1,0
2793.5,3000.0,0.93,17,22,0,22,0,0,1,0
2297.49,4500.0,0.51,16,6,0,32,0,0,0,0
9396.78,12000.0,0.78,7,28,0,12,0,0,1,0
5748.55,6000.0,0.96,6,18,0,8,0,0,0,0
2820.96,1500.0,1.88,13,9,0,23,0,0,0,0
3760.89,2000.0,1.88,7,26,0,28,0,0,0,0
14285.52,12000.0,1.19,12,7,0,24,0,0,0,0
1728.99,2000.0,0.86,14,14,0,42,0,0,0,0
2760.52,3000.0,0.92,0,19,0,9,0,0,0,0
2233.11,1500.0,1.49,11,13,0,8,0,0,1,0
27755.77,2500.0,11.1,2,20,6,40,1,1,2,1
21543.38,4000.0,5.39,11,13,4,27,1,0,1,1
6449.59,6000.0,1.07,11,25,0,8,0,0,1,0
867.36,1500.0,0.58,0,3,0,46,0,0,0,0
7188.71,6000.0,1.2,17,26,0,25,0,0,0,0
4700.82,2500.0,1.88,18,6,0,14,0,0,0,0
4858.12,2500.0,1.94,7,8,0,30,0,0,0,0
2909.76,6000.0,0.48,9,10,0,23,0,0,0,0
2017.39,4500.0,0.45,4,12,0,5,0,0,0,0
2531.87,2000.0,1.27,15,21,1,48,0,0,0,0
1175.1,1500.0,0.78,16,11,0,42,0,0,0,0
7061.88,8000.0,0.88,10,26,0,15,0,0,1,0
5035.78,8000.0,0.63,21,28,0,45,0,0,0,0
1838.78,3000.0,0.61,12,26,0,19,0,0,1,0
1776.65,1500.0,1.18,11,19,0,44,0,0,0,0
9095.98,2500.0,3.64,20,18,3,43,1,0,1,0
21125.96,12000.0,1.76,17,6,0,40,0,0,1,0
10891.03,12000.0,0.91,11,21,1,31,0,0,0,0
17134.79,3000.0,5.71,16,2,5,22,1,1,0,0
4089.35,6000.0,0.68,15,1,0,15,0,0,0,0
11126.72,12000.0,0.93,10,4,0,22,0,0,0,0
3109.34,2500.0,1.24,9,4,2,37,0,0,0,0
7521.89,1500.0,5.01,15,22,5,10,1,1,2,0
3912.13,6000.0,0.65,17,13,0,44,0,0,0,0
3412.65,4500.0,0.76,11,23,0,25,0,0,0,0
2637.52,2000.0,1.32,17,15,0,6,0,0,1,0
5615.82,6000.0,0.94,9,16,0,13,0,0,0,0
942.19,1500.0,0.63,7,11,0,43,0,0,1,0
4591.31,6000.0,0.77,15,5,0,8,0,0,0,0
6572.59,6000.0,1.1,8,26,0,13,0,0,0,0
33504.74,8000.0,4.19,19,25,5,6,1,0,1,0
853.76,2000.0,0.43,13,10,0,5,0,0,0,0
4330.81,6000.0,0.72,14,10,0,5,0,0,0,0
2335.13,1500.0,1.56,12,15,0,33,0,0,0,0
4908.76,2000.0,2.45,13,25,0,41,0,0,0,0
4416.03,3000.0,1.47,10,19,0,40,0,0,0,0
16847.88,3000.0,5.62,20,15,3,7,0,1,1,0
3392.87,2500.0,1.36,20,7,1,14,0,0,0,0
10446.93,8000.0,1.31,22,3,0,7,0,0,0,0
1511.97,1500.0,1.01,21,10,0,19,0,0,0,0
4024.7,6000.0,0.67,17,19,0,7,0,0,0,0
3743.26,4500.0,0.83,10,3,0,20,0,0,0,0
5384.83,4500.0,1.2,14,14,0,40,0,0,0,0
8345.93,6000.0,1.39,7,7,0,18,0,0,0,0
2064.26,2000.0,1.03,14,14,0,22,0,0,0,0
47830.95,2500.0,19.13,14,10,6,33,0,1,2,1
2418.88,1500.0,1.61,7,13,0,24,0,0,0,0
1013.94,2000.0,0.51,12,25,0,9,0,0,0,0
3228.97,4500.0,0.72,18,23,0,39,0,0,0,0
2623.19,1500.0,1.75,19,10,0,39,0,0,0,0
2850.27,2500.0,1.14,18,24,0,25,0,0,0,0
4165.77,2500.0,1.67,20,21,0,20,0,0,0,0
923.34,1500.0,0.62,9,1,1,45,0,0,0,0
11097.26,8000.0,1.39,20,12,0,24,0,0,0,0
1717.42,3000.0,0.57,14,24,0,9,0,0,1,0
1172.01,2000.0,0.59,12,15,0,33,0,0,1,0
1298.06,1500.0,0.87,22,8,1,8,0,0,1,0
2205.48,3000.0,0.74,9,25,0,25,0,0,0,0
7849.86,12000.0,0.65,14,4,0,19,0,0,1,0
2742.02,2000.0,1.37,15,1,0,44,0,0,0,0
19613.89,12000.0,1.63,13,23,0,38,0,0,0,0
6477.96,12000.0,0.54,7,16,0,48,0,0,0,0
1484.18,2000.0,0.74,20,8,0,49,0,0,0,0
13116.75,3000.0,4.37,13,28,5,23,1,0,2,0
1365.37,2000.0,0.68,6,17,0,45,0,0,0,0
11762.44,2000.0,5.88,19,25,5,46,1,0,2,1
3606.73,4500.0,0.8,13,21,1,14,0,0,1,0
1966.78,2500.0,0.79,9,15,0,22,0,0,0,0
2623.4,2000.0,1.31,11,11,0,9,0,0,0,0
3786.25,2500.0,1.51,17,18,0,33,0,0,1,0
4347.4,2500.0,1.74,15,13,0,40,0,0,1,0
3513.24,3000.0,1.17,12,16,0,47,0,0,0,0
4228.68,2000.0,2.11,20,17,0,5,0,0,0,0
3111.41,6000.0,0.52,13,1,0,46,0,0,0,0
8976.29,12000.0,0.75,14,2,0,15,0,0,0,0
7026.07,6000.0,1.17,17,19,0,7,0,0,0,0
4751.95,4500.0,1.06,16,1,0,30,0,0,0,0
1459.39,3000.0,0.49,23,13,0,26,0,0,0,0
9667.75,8000.0,1.21,20,24,0,48,1,0,0,0
2124.03,2000.0,1.06,14,25,0,28,0,0,0,0
5914.75,6000.0,0.99,16,26,0,8,0,0,0,0
2931.93,1500.0,1.95,13,11,0,21,0,1,0,0
6470.62,4500.0,1.44,0,19,0,36,0,0,0,0
9231.2,12000.0,0.77,9,24,1,12,0,1,0,0
5003.92,4500.0,1.11,6,25,0,23,0,0,0,0
3940.98,8000.0,0.49,21,20,0,23,0,0,0,0
2198.34,2000.0,1.1,8,4,0,13,0,0,0,0
2903.07,2500.0,1.16,21,13,0,44,0,0,0,0
1687.63,2000.0,0.84,13,1,1,48,0,0,0,0
3933.13,6000.0,0.66,21,9,0,37,0,0,0,0
1629.04,2000.0,0.81,15,6,0,35,0,0,2,0
32678.97,6000.0,5.45,15,15,3,13,1,0,1,0
923.88,2500.0,0.37,8,25,0,17,0,0,0,0
29127.49,8000.0,3.64,10,5,5,15,1,1,1,0
4894.64,4500.0,1.09,18,10,0,43,0,0,0,0
6209.41,12000.0,0.52,17,17,0,32,0,0,0,0
12961.3,3000.0,4.32,13,25,4,48,0,1,1,0
3395.85,3000.0,1.13,11,28,0,36,0,0,0,0
1784.32,2500.0,0.71,9,14,0,28,0,0,1,0
1857.7,3000.0,0.62,0,15,0,23,0,0,1,0
3595.67,2000.0,1.8,17,17,0,30,0,0,1,0
6970.87,8000.0,0.87,9,8,0,6,0,0,0,0
2034.62,3000.0,0.68,17,18,0,46,0,0,0,0
11477.7,12000.0,0.96,10,12,1,39,0,0,0,0
14640.63,12000.0,1.22,22,22,0,29,0,0,0,0
5218.2,8000.0,0.65,15,26,0,12,0,0,1,0
2078.01,2500.0,0.83,20,22,0,38,0,0,0,0
2162.0,2000.0,1.08,10,24,0,11,0,0,1,0
4750.99,4500.0,1.06,15,14,1,12,0,0,0,0
1920.82,1500.0,1.28,12,9,1,11,0,0,0,0
5683.45,6000.0,0.95,17,24,0,24,0,0,0,0
8617.3,1500.0,5.74,12,3,4,11,0,0,1,0
2412.21,2500.0,0.96,9,26,1,20,0,0,0,0
14437.19,12000.0,1.2,12,21,0,7,0,0,0,0
3327.02,3000.0,1.11,18,3,0,31,0,0,1,0
1876.56,2000.0,0.94,7,15,0,6,0,0,0,0
42131.06,8000.0,5.27,18,21,4,24,0,0,1,0
3280.84,2500.0,1.31,9,12,0,34,0,0,0,0
3708.11,6000.0,0.62,12,8,0,12,0,0,0,0
1677.17,1500.0,1.12,11,9,0,14,0,0,0,0
2750.49,2500.0,1.1,8,13,0,11,0,0,0,0
12261.66,8000.0,1.53,20,15,0,8,0,0,0,0
1659.22,3000.0,0.55,17,22,0,5,0,0,0,0
17107.32,3000.0,5.7,15,24,5,44,1,0,1,0
6603.8,4500.0,1.47,17,13,0,39,0,0,0,0
5821.2,8000.0,0.73,7,18,0,47,0,0,0,0
2018.59,1500.0,1.35,8,20,1,19,0,0,0,0
2144.84,3000.0,0.71,19,6,0,13,0,0,0,0
6773.37,4500.0,1.51,20,10,0,46,0,0,0,0
6096.4,6000.0,1.02,15,21,0,10,0,0,2,0
3878.32,6000.0,0.65,12,17,0,27,0,0,1,0
2093.86,3000.0,0.7,11,3,0,41,0,0,0,0
14363.83,12000.0,1.2,12,26,0,44,0,0,0,0
1245.29,1500.0,0.83,7,3,0,50,0,0,0,0
4727.94,4500.0,1.05,19,13,0,36,0,0,0,0
2817.45,3000.0,0.94,22,4,0,9,0,0,1,0
8121.15,12000.0,0.68,18,19,0,44,0,0,1,0
7306.38,8000.0,0.91,8,15,0,35,0,0,0,0
52199.36,12000.0,4.35,19,15,5,17,0,0,1,0
72592.92,4000.0,18.15,2,7,4,20,1,1,2,1
1884.03,3000.0,0.63,9,13,0,34,0,0,0,0
2165.36,2000.0,1.08,12,10,0,37,0,0,0,0
16019.26,3000.0,5.34,18,23,4,23,1,1,1,1
5874.46,8000.0,0.73,17,20,0,21,0,0,0,0
6630.02,8000.0,0.83,15,21,1,47,0,1,0,0
1483.02,1500.0,0.99,18,3,0,43,0,0,1,0
5534.03,6000.0,0.92,13,20,0,13,0,0,0,0
4381.39,3000.0,1.46,11,23,0,21,0,0,0,0
8268.9,12000.0,0.69,15,22,0,30,0,0,1,0
3200.89,2500.0,1.28,7,5,0,32,0,0,0,0
4198.41,2000.0,2.1,10,24,0,48,0,0,0,0
17885.98,3000.0,5.96,12,4,3,34,1,1,0,0
8142.54,6000.0,1.36,18,27,1,32,0,0,2,0
4503.11,4500.0,1.0,19,8,0,34,0,0,0,0
12379.53,8000.0,1.55,18,1,0,16,0,0,0,0
3338.8,4500.0,0.74,18,13,0,25,0,0,1,0
9052.33,4500.0,2.01,14,11,0,46,0,0,0,0
4807.81,4500.0,1.07,15,6,0,13,1,0,0,0
11858.9,12000.0,0.99,7,14,1,7,0,0,0,0
1407.76,2000.0,0.7,9,24,1,42,0,0,0,0
2588.71,1500.0,1.73,7,15,1,37,1,0,0,0
24522.0,6000.0,4.09,18,5,5,29,0,0,1,0
7096.82,6000.0,1.18,19,22,0,10,0,0,0,0
4695.3,8000.0,0.59,11,18,0,41,0,0,0,0
3773.82,3000.0,1.26,16,28,0,5,0,0,0,0
1465.89,2000.0,0.73,11,18,0,37,0,0,1,0
15375.26,12000.0,1.28,12,1,0,32,0,0,0,0
2656.08,2000.0,1.33,17,2,0,48,0,0,0,0
26167.88,4500.0,5.82,13,15,3,28,0,1,1,0
896.01,1500.0,0.6,19,4,0,42,0,0,0,0
3093.5,3000.0,1.03,7,19,0,42,0,0,0,0
7508.18,6000.0,1.25,19,12,0,34,0,0,0,0
2173.47,2500.0,0.87,10,22,0,25,0,0,0,0
2553.58,1500.0,1.7,17,11,0,16,0,0,0,0
5156.81,4500.0,1.15,16,14,0,47,0,0,0,0
3334.07,2000.0,1.67,17,10,2,13,0,0,0,0
67090.29,2500.0,26.84,4,24,5,48,1,1,2,1
8996.49,2000.0,4.5,7,11,5,31,1,1,2,0
3494.54,1500.0,2.33,14,19,0,42,0,0,0,0
6434.85,4500.0,1.43,11,14,0,35,0,0,0,0
2177.74,1500.0,1.45,15,14,0,35,0,0,0,0
4335.74,4500.0,0.96,21,24,0,40,0,0,0,0
2879.62,3000.0,0.96,16,14,0,47,0,0,0,0
1109.11,2000.0,0.55,12,24,0,42,0,0,0,0
14270.24,12000.0,1.19,13,3,0,46,0,0,0,0
47691.34,1500.0,31.79,1,18,6,21,1,1,1,1
9168.63,6000.0,1.53,22,21,0,6,0,0,0,0
7686.48,6000.0,1.28,10,7,0,13,0,0,0,0
4358.52,8000.0,0.54,7,2,0,19,0,0,0,0
3461.01,4500.0,0.77,11,13,0,16,0,0,0,0
9178.56,12000.0,0.76,20,27,0,30,0,0,0,0
1027.41,1500.0,0.68,12,10,1,50,0,0,0,0
53765.51,2000.0,26.88,2,10,8,26,1,1,2,1
3665.77,3000.0,1.22,17,1,0,41,0,0,1,0
20529.65,4500.0,4.56,11,2,3,27,1,1,1,0
2120.41,1500.0,1.41,10,1,0,34,0,0,0,0
3012.23,2500.0,1.2,17,26,0,19,0,0,1,0
2618.5,2500.0,1.05,18,24,0,6,0,0,0,0
5390.17,6000.0,0.9,13,4,0,11,0,0,0,0
10521.46,12000.0,0.88,7,5,0,17,0,0,0,0
2383.08,2500.0,0.95,12,13,0,5,0,0,0,0
3189.83,2500.0,1.28,8,13,0,25,1,0,0,0
5789.81,12000.0,0.48,19,25,0,31,0,0,0,0
4730.75,4500.0,1.05,12,22,0,22,0,0,1,0
3476.28,1500.0,2.32,0,24,1,16,0,0,0,0
2060.37,2500.0,0.82,9,15,1,10,0,0,0,0
6670.57,3000.0,2.22,7,20,0,46,0,0,0,0
2705.2,4500.0,0.6,10,15,1,15,0,0,0,0
80473.11,4000.0,20.12,22,10,8,22,1,1,2,1
10476.32,12000.0,0.87,13,25,1,28,0,0,0,0
6635.6,8000.0,0.83,3,26,0,34,0,0,0,0
16957.97,2000.0,8.48,2,13,4,26,1,1,2,1
60010.68,2500.0,24.0,13,20,4,12,0,1,2,1
5100.18,4500.0,1.13,18,17,0,20,0,0,0,0
7002.6,6000.0,1.17,22,19,0,8,0,0,0,0
17490.08,3000.0,5.83,21,5,4,23,1,0,1,0
6830.76,6000.0,1.14,18,14,0,47,0,0,0,0
2622.51,2500.0,1.05,12,8,1,24,0,0,0,0
6177.86,1500.0,4.12,0,11,3,17,1,0,2,0
1300.84,2000.0,0.65,10,27,0,23,0,0,0,0
5468.87,8000.0,0.68,14,20,0,23,0,0,0,0
25420.27,2500.0,10.17,1,1,8,42,1,1,2,1
3003.9,2500.0,1.2,11,11,0,42,0,0,0,0
9512.13,8000.0,1.19,15,17,0,25,0,0,0,0
5643.37,6000.0,0.94,14,2,1,43,1,0,0,0
4304.98,3000.0,1.43,10,12,0,27,0,0,0,0
12087.26,12000.0,1.01,11,24,0,13,0,0,0,0
1145.6,1500.0,0.76,21,21,0,10,0,0,0,0
2223.08,2000.0,1.11,18,7,0,31,0,0,0,0
2357.28,2500.0,0.94,10,25,0,48,0,0,0,0
1325.89,1500.0,0.88,3,22,0,9,0,0,0,0
13500.62,12000.0,1.13,15,17,0,11,0,0,0,0
9487.57,12000.0,0.79,8,26,0,9,0,0,0,0
10480.85,2000.0,5.24,14,28,3,15,0,0,0,0
2849.13,1500.0,1.9,14,24,0,38,0,0,0,0
1769.27,2500.0,0.71,20,22,0,5,0,0,0,0
51786.15,2000.0,25.89,3,25,5,13,1,1,2,1
12231.51,3000.0,4.08,11,28,3,10,0,0,1,0
9545.62,4500.0,2.12,19,21,0,9,0,0,0,0
8109.57,1500.0,5.41,13,28,3,41,1,0,1,0
1301.38,2000.0,0.65,12,9,0,32,0,0,0,0
2960.84,2500.0,1.18,21,9,0,34,0,0,0,0
30009.3,8000.0,3.75,17,19,3,29,1,1,1,0
31936.33,6000.0,5.32,17,13,4,41,1,0,1,0
5497.63,8000.0,0.69,14,18,0,34,0,0,0,0
4997.01,3000.0,1.67,12,19,0,14,0,0,0,0
3847.89,2500.0,1.54,13,27,0,15,0,0,0,0
5196.28,8000.0,0.65,22,21,0,26,1,0,2,0
2586.51,2000.0,1.29,8,7,0,10,0,0,1,0
3816.48,4500.0,0.85,10,4,0,14,0,0,2,0
2712.85,4500.0,0.6,5,3,0,10,0,0,0,0
5462.01,3000.0,1.82,12,18,0,35,0,0,0,0
2600.75,3000.0,0.87,14,15,0,31,0,0,0,0
1692.12,2500.0,0.68,9,24,0,23,0,0,1,0
16083.39,8000.0,2.01,13,9,0,37,0,0,0,0
1418.13,2000.0,0.71,18,28,0,37,0,0,1,0
1780.16,1500.0,1.19,17,25,0,47,0,1,1,0
3801.59,4500.0,0.84,8,25,0,38,0,0,0,0
11910.95,2000.0,5.96,19,23,3,5,1,0,1,0
1091.24,1500.0,0.73,15,8,0,46,0,0,0,0
5482.63,6000.0,0.91,4,3,0,35,0,0,1,0
1883.25,2500.0,0.75,12,3,0,38,0,0,0,0
5804.51,12000.0,0.48,17,9,0,20,0,0,0,0
12103.79,6000.0,2.02,16,12,0,39,0,0,0,0
11844.88,2500.0,4.74,21,24,5,22,1,0,1,1
9190.07,6000.0,1.53,9,11,0,32,0,0,0,0
16436.34,8000.0,2.05,20,8,0,42,0,0,0,0
1811.21,1500.0,1.21,14,22,0,5,0,0,0,0
20662.5,12000.0,1.72,18,21,0,12,0,0,0,0
2344.89,2000.0,1.17,12,15,0,29,0,0,0,0
1637.52,2500.0,0.66,9,24,0,35,0,0,0,0
1836.73,2500.0,0.73,9,14,0,48,0,0,1,0
3630.05,3000.0,1.21,9,18,0,33,0,0,0,0
12274.41,12000.0,1.02,14,19,1,38,0,0,0,0
3392.95,6000.0,0.57,19,14,1,10,0,0,0,0
1506.68,2500.0,0.6,17,5,0,17,0,0,0,0
1455.73,2000.0,0.73,9,17,2,17,0,0,0,0
1802.57,2000.0,0.9,18,15,0,47,0,0,0,0
1010.31,2500.0,0.4,15,6,0,19,0,0,1,0
5418.52,4500.0,1.2,17,2,0,8,0,0,0,0
73872.48,2500.0,29.55,1,3,6,18,1,1,2,1
2122.11,4500.0,0.47,18,13,0,40,0,0,0,0
51437.41,12000.0,4.29,8,1,4,27,0,1,1,0
1333.54,1500.0,0.89,13,6,2,46,0,0,0,0
16949.96,12000.0,1.41,7,10,0,18,0,0,0,0
7022.57,6000.0,1.17,12,24,0,46,0,0,0,0
2724.45,2500.0,1.09,10,12,0,18,0,0,1,0
14354.09,2500.0,5.74,14,27,5,12,1,1,1,0
1570.13,2000.0,0.79,9,22,0,11,0,0,0,0
3427.81,2500.0,1.37,14,22,0,22,0,0,0,0
6957.59,8000.0,0.87,13,23,0,40,0,0,0,0
2342.42,3000.0,0.78,12,12,0,24,0,0,0,0
6223.54,8000.0,0.78,14,16,1,23,0,0,0,0
7119.27,2000.0,3.56,10,13,3,8,1,0,1,0
1864.23,1500.0,1.24,15,15,1,13,0,0,0,0
10018.44,12000.0,0.83,12,21,0,36,0,0,1,0
5408.21,6000.0,0.9,15,15,0,11,0,0,1,0
1167.57,1500.0,0.78,14,17,0,7,0,0,0,0
1345.82,2000.0,0.67,9,19,0,8,0,0,0,0
2389.11,2500.0,0.96,11,11,0,11,0,0,0,0
4055.6,4500.0,0.9,6,6,0,48,0,0,0,0
91639.35,3000.0,30.55,2,12,4,35,1,1,2,1
7905.72,8000.0,0.99,18,25,1,38,0,0,0,0
1505.46,2000.0,0.75,15,13,0,47,0,1,1,0
6365.48,8000.0,0.8,22,12,0,37,0,0,0,0
14911.47,3000.0,4.97,21,7,4,43,1,0,2,0
5392.76,8000.0,0.67,16,12,2,35,0,0,0,0
24907.79,4500.0,5.54,14,20,3,48,0,0,1,0
5512.98,6000.0,0.92,18,17,0,33,0,0,0,0
15684.03,4000.0,3.92,3,28,8,29,1,0,1,1
1252.21,3000.0,0.42,10,28,0,47,0,0,0,0
3338.8,3000.0,1.11,9,14,0,18,0,0,0,0
3248.07,3000.0,1.08,15,22,0,13,0,0,0,0
7035.47,3000.0,2.35,18,1,0,35,0,0,0,0
10362.53,8000.0,1.3,14,10,0,41,0,0,0,0
2752.87,3000.0,0.92,8,12,0,19,0,0,0,0
9783.28,2000.0,4.89,10,22,5,11,1,0,1,0
8383.65,12000.0,0.7,12,23,0,17,0,0,0,0
1233.78,2000.0,0.62,15,16,0,20,1,0,0,0
2442.81,2000.0,1.22,20,24,0,12,0,0,0,0
5123.74,4500.0,1.14,19,15,0,38,0,0,0,0
1268.86,1500.0,0.85,3,27,0,16,0,0,0,0
13233.68,2500.0,5.29,15,9,5,15,0,1,1,0
1768.28,1500.0,1.18,19,2,0,15,0,0,2,0
3216.24,2000.0,1.61,12,7,0,28,0,0,0,0
1557.89,1500.0,1.04,14,19,0,8,0,0,0,0
2640.55,1500.0,1.76,13,8,0,33,0,0,0,0
4892.72,8000.0,0.61,18,15,0,14,0,0,0,0
2435.04,2500.0,0.97,20,3,0,8,0,0,0,0
11223.33,6000.0,1.87,10,14,0,34,0,0,0,0
1713.65,2000.0,0.86,19,24,0,30,1,0,0,0
2550.19,3000.0,0.85,9,20,0,40,0,0,1,0
3840.5,4500.0,0.85,8,23,0,33,0,0,0,0
10517.78,12000.0,0.88,14,17,0,49,0,0,0,0
19633.8,4500.0,4.36,16,17,4,38,1,0,1,0
4769.62,6000.0,0.79,16,8,0,30,0,0,0,0
5105.0,6000.0,0.85,15,19,0,28,0,0,0,0
14188.39,8000.0,1.77,18,13,0,42,1,0,0,0
2570.54,4500.0,0.57,10,10,0,12,0,0,1,0
9369.43,4500.0,2.08,13,22,1,38,0,0,0,0
7550.51,2000.0,3.78,13,24,5,47,1,1,1,0
1623.61,1500.0,1.08,8,5,0,28,0,0,1,0
4418.82,2500.0,1.77,18,24,2,9,0,0,0,0
11835.94,8000.0,1.48,11,2,0,43,0,0,0,0
11641.17,8000.0,1.46,13,6,0,18,0,0,0,0
11895.77,2000.0,5.95,13,1,4,6,1,0,1,1
5420.47,8000.0,0.68,19,2,1,6,0,0,0,0
3103.55,2000.0,1.55,19,3,0,22,0,0,0,0
4471.31,3000.0,1.49,16,3,0,26,0,0,0,0
6467.58,8000.0,0.81,19,27,0,28,0,0,1,0
8283.31,6000.0,1.38,20,14,1,5,0,0,0,0
38566.73,8000.0,4.82,11,17,4,8,1,0,2,0
1909.86,2500.0,0.76,21,10,0,43,0,0,0,0
2519.69,3000.0,0.84,19,8,0,17,0,0,0,0
1329.75,1500.0,0.89,15,2,0,29,0,0,0,0
2748.7,3000.0,0.92,19,19,0,42,0,0,0,0
922.0,2000.0,0.46,7,6,0,6,0,0,0,0
1221.19,2000.0,0.61,11,28,0,5,0,0,0,0
2575.97,4500.0,0.57,6,8,0,35,0,0,1,0
1615.39,2500.0,0.65,19,28,1,8,0,0,0,0
3716.82,3000.0,1.24,14,8,0,22,0,0,0,0
4609.13,6000.0,0.77,17,2,0,5,0,0,0,0
2737.69,3000.0,0.91,12,15,0,6,0,0,0,0
16633.09,4000.0,4.16,17,11,4,42,1,0,1,1
9043.18,12000.0,0.75,10,2,0,23,0,0,0,0
1303.15,1500.0,0.87,12,22,0,45,0,0,2,0
1346.2,2500.0,0.54,10,14,0,17,0,0,0,0
2979.82,2500.0,1.19,21,16,0,27,0,0,0,0
25188.17,2000.0,12.59,18,7,5,48,1,1,1,1
1271.62,1500.0,0.85,11,4,0,42,0,0,0,0
3395.96,2500.0,1.36,18,6,0,31,0,0,0,0
4882.75,2500.0,1.95,20,2,1,35,0,0,0,0
3087.84,2500.0,1.24,13,28,1,19,0,0,0,0
2475.16,3000.0,0.83,5,16,1,42,0,0,0,0
2061.56,2000.0,1.03,14,19,0,49,0,0,0,0
3262.31,3000.0,1.09,13,6,0,33,0,0,1,0
35851.5,6000.0,5.98,19,14,3,12,1,1,2,0
7262.43,6000.0,1.21,13,24,1,8,0,0,0,0
2185.11,3000.0,0.73,21,7,0,12,0,0,0,0
1456.12,3000.0,0.49,19,11,0,16,0,0,0,0
12765.13,12000.0,1.06,11,5,0,39,0,0,0,0
2463.85,2000.0,1.23,12,5,1,44,0,0,0,0
11953.09,2500.0,4.78,6,26,5,42,1,1,0,0
7540.2,6000.0,1.26,16,1,0,45,0,0,0,0
17286.61,3000.0,5.76,12,17,5,43,0,1,1,0
2148.74,3000.0,0.72,20,22,0,35,0,0,0,0
9621.26,8000.0,1.2,11,13,0,47,0,0,0,0
1863.07,3000.0,0.62,10,16,0,16,0,0,0,0
1262.55,1500.0,0.84,14,11,2,11,0,0,0,0
3349.32,6000.0,0.56,23,4,0,42,0,0,1,0
12644.09,8000.0,1.58,15,20,0,43,0,0,0,0
11380.79,12000.0,0.95,19,2,0,50,0,0,1,0
1452.92,2000.0,0.73,11,20,0,9,0,0,0,0
7603.49,4500.0,1.69,15,21,0,18,0,0,0,0
15159.94,12000.0,1.26,10,15,0,15,0,0,0,0
21665.44,12000.0,1.81,17,4,0,38,0,0,1,0
11906.79,2000.0,5.95,13,3,4,27,1,0,0,0
1850.89,2000.0,0.93,8,17,0,37,0,0,0,0
1401.45,2000.0,0.7,20,10,1,26,0,0,0,0
17662.74,12000.0,1.47,10,14,0,27,1,0,0,0
8424.11,4500.0,1.87,19,4,1,50,0,0,0,0
4062.35,3000.0,1.35,17,3,0,48,0,0,0,0
2410.67,4500.0,0.54,20,1,0,44,0,0,0,0
16327.97,8000.0,2.04,1,7,0,44,0,0,0,0
10117.44,8000.0,1.26,9,5,2,14,0,0,0,0
10286.1,2500.0,4.11,8,10,5,40,0,0,1,0
1914.99,3000.0,0.64,4,22,0,7,0,1,0,0
1900.37,2500.0,0.76,15,7,0,6,0,0,0,0
45363.54,8000.0,5.67,10,20,5,22,1,1,2,0
1570.99,2500.0,0.63,22,27,0,19,0,0,0,0
1893.16,1500.0,1.26,12,17,1,17,0,0,0,0
39707.01,1500.0,26.47,5,20,5,30,1,0,2,1
6058.89,4500.0,1.35,17,4,0,29,0,0,0,0
9236.57,12000.0,0.77,14,2,1,10,0,0,0,0
6675.23,4500.0,1.48,11,22,0,22,1,0,0,0
814.61,1500.0,0.54,8,16,0,41,0,0,0,0
16201.52,12000.0,1.35,14,19,1,36,0,0,0,0
3602.47,3000.0,1.2,8,13,0,38,0,0,0,0
2781.68,3000.0,0.93,11,27,0,42,0,0,0,0
11290.48,8000.0,1.41,13,2,0,18,0,0,0,0
12340.24,2500.0,4.94,22,17,5,27,0,0,1,0
4859.13,4500.0,1.08,11,13,0,19,0,1,0,0
1761.41,1500.0,1.17,9,3,1,35,0,0,1,0
8275.3,6000.0,1.38,11,20,0,49,0,0,0,0
4378.76,3000.0,1.46,19,5,1,43,0,0,0,0
1934.38,2000.0,0.97,22,28,1,17,0,0,0,0
27214.87,6000.0,4.54,9,9,3,22,0,0,2,0
1311.33,2000.0,0.66,17,1,0,24,0,0,0,0
1668.92,2000.0,0.83,16,4,0,48,0,0,0,0
2711.11,3000.0,0.9,20,15,0,40,0,0,0,0
5354.48,8000.0,0.67,7,15,0,26,0,0,0,0
10471.46,8000.0,1.31,9,3,0,50,0,0,0,0
5014.05,12000.0,0.42,16,24,0,13,0,0,0,0
2111.82,1500.0,1.41,14,7,0,40,0,0,0,0
6565.19,6000.0,1.09,20,23,0,43,0,0,0,0
6939.65,8000.0,0.87,7,12,0,19,0,0,0,0
1722.03,2500.0,0.69,12,4,0,36,0,0,0,0
6503.62,6000.0,1.08,21,15,0,37,0,0,0,0
1365.09,2000.0,0.68,17,4,0,10,0,1,0,0
5257.54,4500.0,1.17,16,14,0,5,0,0,0,0
1930.47,1500.0,1.29,10,23,0,41,0,0,0,0
920.53,1500.0,0.61,9,14,0,29,0,0,1,0
12323.56,2500.0,4.93,13,5,4,8,0,0,1,0
3245.2,2500.0,1.3,10,1,0,11,0,0,0,0
7286.49,8000.0,0.91,22,21,1,6,0,0,0,0
4119.13,2500.0,1.65,21,23,0,23,0,0,0,0
5457.84,4500.0,1.21,12,27,0,21,0,0,0,0
13764.29,12000.0,1.15,11,22,0,46,0,0,0,0
3802.52,4500.0,0.85,20,10,0,33,0,0,0,0
9539.13,12000.0,0.79,20,19,0,10,0,0,0,0
4050.75,4500.0,0.9,23,10,0,14,0,0,0,0
7671.0,4500.0,1.7,19,15,1,28,0,0,0,0
58722.84,12000.0,4.89,11,8,5,5,1,1,1,0
1583.55,1500.0,1.06,7,2,0,7,0,0,2,0
2358.48,1500.0,1.57,0,9,0,9,0,0,0,0
1801.73,2500.0,0.72,16,22,0,30,0,0,0,0
13200.51,12000.0,1.1,10,24,0,8,0,0,1,0
5172.1,4500.0,1.15,18,15,0,37,0,0,1,0
19926.81,12000.0,1.66,18,23,0,31,0,0,0,0
1846.0,4500.0,0.41,17,10,0,9,0,0,0,0
62268.01,4000.0,15.57,2,19,4,43,1,1,2,1
8798.41,6000.0,1.47,7,19,1,34,0,0,0,0
1635.94,2500.0,0.65,5,15,0,47,0,0,0,0
2346.22,2000.0,1.17,16,2,0,50,0,0,0,0
6535.18,6000.0,1.09,11,28,0,17,0,0,0,0
4540.69,2500.0,1.82,20,20,0,46,0,0,1,0
6374.52,6000.0,1.06,18,17,1,9,0,0,0,0
1579.85,2000.0,0.79,13,17,0,8,0,0,1,0
6989.95,6000.0,1.16,14,28,0,42,0,0,0,0
1873.42,2000.0,0.94,5,17,1,36,0,0,0,0
2507.67,3000.0,0.84,7,28,0,30,0,0,0,0
59655.43,12000.0,4.97,15,15,5,12,1,0,2,0
1126.2,1500.0,0.75,6,25,0,49,0,0,0,0
7168.39,6000.0,1.19,8,1,0,35,0,0,0,0
2540.47,2000.0,1.27,8,9,0,11,0,0,0,0
46151.68,2500.0,18.46,23,22,5,37,1,1,2,1
2681.54,2500.0,1.07,9,21,0,38,0,0,0,0
9931.0,12000.0,0.83,23,12,0,15,0,0,0,0
16491.51,4500.0,3.66,7,10,4,24,0,0,1,0
8029.05,6000.0,1.34,8,16,0,5,0,0,0,0
3039.02,3000.0,1.01,19,24,0,33,0,0,0,0
1327.68,2500.0,0.53,19,11,2,8,0,0,0,0
10623.19,12000.0,0.89,17,18,0,42,0,0,0,0
7913.3,4500.0,1.76,11,21,0,29,0,0,0,0
6296.36,4500.0,1.4,18,28,0,37,0,0,0,0
4209.75,4500.0,0.94,7,2,0,45,0,0,0,0
15739.47,8000.0,1.97,11,27,1,20,0,0,0,0
2492.47,2500.0,1.0,22,21,0,15,0,0,0,0
10926.62,2000.0,5.46,14,15,3,20,1,0,0,0
13246.48,6000.0,2.21,18,21,0,35,0,0,0,0
3436.73,2500.0,1.37,12,25,0,7,0,0,0,0
15327.08,12000.0,1.28,18,2,0,5,0,0,0,0
2212.48,2500.0,0.88,17,28,0,19,0,0,0,0
14773.25,8000.0,1.85,11,10,0,28,0,0,0,0
8932.44,6000.0,1.49,12,14,0,22,0,0,0,0
6438.36,8000.0,0.8,15,23,0,12,0,0,0,0
8822.38,12000.0,0.74,21,10,1,5,0,0,1,0
1213.44,1500.0,0.81,17,10,1,47,0,0,0,0
15624.92,12000.0,1.3,15,15,0,19,0,0,0,0
17759.19,12000.0,1.48,21,4,0,32,0,0,0,0
2681.42,2000.0,1.34,2,9,0,27,0,0,0,0
3720.6,2000.0,1.86,18,17,0,9,0,0,0,0
7675.77,6000.0,1.28,8,24,0,25,0,0,0,0
10916.57,2500.0,4.37,14,16,3,21,1,1,1,0
1540.87,1500.0,1.03,10,21,0,35,0,0,0,0
5789.84,4500.0,1.29,7,2,0,33,0,0,0,0
1485.59,1500.0,0.99,17,7,0,28,0,0,0,0
2095.96,2500.0,0.84,8,2,0,29,0,1,0,0
1539.54,1500.0,1.03,16,16,0,10,0,0,0,0
9563.36,2000.0,4.78,10,7,3,48,0,0,1,0
4421.51,6000.0,0.74,19,12,0,19,0,0,0,0
7065.54,3000.0,2.36,16,11,0,42,0,0,0,0
2301.08,2000.0,1.15,9,17,0,48,0,0,0,0
14256.69,12000.0,1.19,19,6,0,38,0,0,0,0
2300.26,1500.0,1.53,16,26,0,9,0,0,0,0
2773.68,2000.0,1.39,12,11,0,29,0,0,0,0
4142.56,6000.0,0.69,16,28,1,16,0,0,1,0
2582.83,4500.0,0.57,19,21,0,23,0,0,0,0
1700.99,3000.0,0.57,12,1,0,45,0,0,0,0
4744.84,2500.0,1.9,14,4,0,48,0,0,0,0
584.26,2000.0,0.29,19,1,0,42,0,0,0,0
6181.14,8000.0,0.77,8,8,0,46,0,0,0,0
10670.15,6000.0,1.78,8,14,1,40,0,0,0,0
10547.29,2000.0,5.27,22,11,5,25,0,1,1,0
3600.1,4500.0,0.8,11,21,1,27,0,0,0,0
5078.45,6000.0,0.85,17,22,1,34,0,0,0,0
25072.05,4500.0,5.57,19,4,5,22,1,1,1,0
28945.06,8000.0,3.62,14,20,5,31,1,1,0,0
2331.19,2000.0,1.17,22,24,0,34,0,0,0,0
4002.71,3000.0,1.33,15,17,0,50,0,0,0,0
57566.07,3000.0,19.19,3,20,8,22,1,1,2,1
12893.24,6000.0,2.15,12,8,0,35,0,0,0,0
9868.56,6000.0,1.64,11,13,0,34,0,0,0,0
4540.94,8000.0,0.57,14,9,0,17,0,0,1,0
2780.4,2000.0,1.39,18,12,0,6,0,0,2,0
18054.73,12000.0,1.5,17,5,0,41,1,0,0,0
5925.18,6000.0,0.99,13,27,0,34,0,0,1,0
6607.83,12000.0,0.55,12,21,0,16,0,0,0,0
2211.53,1500.0,1.47,0,21,1,20,0,0,0,0
1505.1,1500.0,1.0,7,15,1,26,0,0,1,0
2482.0,3000.0,0.83,10,20,0,47,0,0,0,0
4453.65,3000.0,1.48,15,28,0,36,0,0,0,0
4032.47,2500.0,1.61,13,21,0,14,0,0,2,0
50451.42,12000.0,4.2,11,28,3,36,0,1,1,0
55987.58,12000.0,4.67,12,17,4,40,1,0,1,0
5752.25,1500.0,3.83,12,15,3,33,0,1,1,0
11485.03,12000.0,0.96,10,13,0,12,0,0,0,0
12972.73,12000.0,1.08,16,12,1,28,0,0,0,0
25593.44,4500.0,5.69,17,1,3,14,1,1,0,0
4505.21,3000.0,1.5,19,6,0,28,0,0,1,0
6609.11,4500.0,1.47,10,13,0,21,0,0,1,0
4290.37,6000.0,0.72,15,19,1,9,0,0,0,0
2277.86,2000.0,1.14,1,21,0,20,0,0,1,0
11499.02,8000.0,1.44,13,5,2,30,0,0,0,0
1451.2,1500.0,0.97,2,6,0,20,0,0,0,0
1387.3,2000.0,0.69,12,4,0,11,0,0,0,0
2911.31,2000.0,1.46,9,18,0,34,0,1,0,0
15782.54,3000.0,5.26,11,22,3,50,1,0,0,0
4679.84,8000.0,0.58,10,13,0,6,0,0,0,0
51003.06,12000.0,4.25,7,10,5,50,1,1,0,0
1831.22,1500.0,1.22,9,18,1,31,0,0,1,0
3444.01,2500.0,1.38,12,8,0,22,0,0,0,0
1921.14,3000.0,0.64,21,24,0,16,0,0,1,0
9839.72,4500.0,2.19,22,12,0,19,0,0,0,0
11363.14,12000.0,0.95,12,7,0,38,0,0,0,0
1501.63,1500.0,1.0,14,9,0,39,0,0,0,0
8123.88,12000.0,0.68,10,7,0,15,0,0,0,0
7473.14,8000.0,0.93,15,24,0,18,0,0,0,0
1254.87,3000.0,0.42,10,4,0,46,0,0,0,0
12367.39,8000.0,1.55,13,27,0,35,0,0,0,0
8627.23,4500.0,1.92,10,8,0,25,0,0,0,0
9880.02,2000.0,4.94,5,16,4,7,1,1,0,0
2627.01,2500.0,1.05,19,3,0,32,0,0,0,0
1127.1,1500.0,0.75,9,20,0,5,0,0,0,0
10791.35,8000.0,1.35,8,4,1,14,0,0,1,0
8823.47,12000.0,0.74,19,13,1,49,0,0,0,0
7339.9,4500.0,1.63,15,4,0,35,0,0,0,0
5152.35,4500.0,1.14,14,18,0,41,0,0,0,0
726.47,1500.0,0.48,20,2,1,8,0,0,0,0
1991.66,2500.0,0.8,22,22,0,43,0,0,0,0
1247.57,2000.0,0.62,18,10,0,27,0,0,0,0
4744.44,6000.0,0.79,13,25,0,8,0,0,0,0
6515.33,6000.0,1.09,9,1,2,43,0,0,0,0
4861.52,3000.0,1.62,19,21,0,5,0,0,1,0
3273.88,1500.0,2.18,21,5,0,47,0,0,0,0
41530.16,8000.0,5.19,8,1,3,11,0,0,2,0
5451.2,1500.0,3.63,9,11,4,25,1,0,2,0
10050.22,2000.0,5.03,12,25,5,33,1,0,2,0
10847.96,8000.0,1.36,10,9,0,45,0,0,0,0
10499.65,8000.0,1.31,20,14,0,23,0,0,0,0
2962.16,4500.0,0.66,14,12,0,29,0,0,0,0
1545.43,1500.0,1.03,16,13,0,19,0,0,0,0
1503.14,1500.0,1.0,17,7,0,25,0,0,0,0
8355.24,8000.0,1.04,2,20,1,32,0,0,0,0
3770.18,4500.0,0.84,12,6,0,17,0,0,0,0
24760.35,6000.0,4.13,18,8,4,45,1,0,2,0
11179.27,2000.0,5.59,21,17,3,14,1,0,2,1
1526.09,1500.0,1.02,22,2,0,11,0,0,0,0
18816.33,8000.0,2.35,15,3,1,11,0,0,1,0
7774.61,8000.0,0.97,13,14,1,42,0,0,0,0
44187.11,2500.0,17.67,1,17,7,22,1,1,2,1
7689.81,6000.0,1.28,18,11,0,22,0,0,0,0
14470.01,12000.0,1.21,1,19,1,45,0,0,0,0
1166.17,1500.0,0.78,18,11,0,9,0,0,0,0
1740.42,2500.0,0.7,9,17,0,32,0,0,0,0
4037.12,3000.0,1.35,18,3,1,27,0,0,0,0
7724.05,1500.0,5.15,15,19,11,30,1,0,2,1
1709.49,1500.0,1.14,14,14,1,40,0,0,1,0
3266.3,4500.0,0.73,10,22,0,14,0,0,0,0
6210.66,1500.0,4.14,5,27,3,8,1,0,1,0
3079.78,2500.0,1.23,17,25,0,31,0,0,0,0
2764.21,2500.0,1.11,9,6,0,9,0,0,0,0
4983.55,4500.0,1.11,13,25,0,31,0,0,0,0
17467.42,3000.0,5.82,18,25,3,37,1,0,1,0
10252.12,12000.0,0.85,21,20,1,18,0,0,0,0
4128.95,6000.0,0.69,15,15,0,32,0,0,1,0
5551.39,12000.0,0.46,9,26,0,8,0,0,0,0
1652.14,1500.0,1.1,16,6,0,40,0,0,0,0
3386.56,4500.0,0.75,8,5,0,20,0,0,0,0
6273.6,6000.0,1.05,17,10,0,49,0,0,0,0
7735.12,8000.0,0.97,11,14,0,34,0,0,0,0
15606.96,2000.0,7.8,7,14,12,9,0,1,2,1
4910.56,8000.0,0.61,10,7,0,49,0,0,0,0
2136.66,1500.0,1.42,12,5,0,18,0,0,0,0
1281.77,2500.0,0.51,20,8,0,31,0,0,0,0
16534.48,3000.0,5.51,17,11,3,38,1,0,1,0
7917.9,8000.0,0.99,22,22,0,29,0,0,1,0
2725.48,2000.0,1.36,17,10,1,7,0,0,0,0
20215.32,12000.0,1.68,14,12,0,18,0,0,0,0
4974.11,4500.0,1.11,14,3,0,7,0,0,0,0
1922.79,4500.0,0.43,13,21,0,41,0,0,0,0
1920.28,1500.0,1.28,11,18,1,11,0,0,0,0
5397.67,1500.0,3.6,9,16,4,29,0,1,1,0
2649.02,2000.0,1.32,18,4,0,19,0,0,0,0
2938.17,3000.0,0.98,13,8,0,22,0,0,0,0
15095.64,8000.0,1.89,17,18,0,50,0,0,0,0
10993.39,12000.0,0.92,7,16,0,14,0,0,0,0
4021.2,4500.0,0.89,10,19,0,45,0,0,0,0
3363.62,3000.0,1.12,10,9,1,12,0,0,0,0
8349.22,1500.0,5.57,14,7,3,36,1,1,1,0
8915.64,2500.0,3.57,18,6,5,40,0,0,1,0
1306.54,1500.0,0.87,20,15,0,41,1,0,1,0
16061.53,8000.0,2.01,17,8,1,50,0,0,0,0
13625.95,6000.0,2.27,21,27,0,28,0,0,0,0
4116.45,12000.0,0.34,17,26,0,28,0,0,0,0
1552.09,2500.0,0.62,6,10,0,23,0,0,0,0
5276.57,2500.0,2.11,9,14,0,10,0,0,0,0
930.96,1500.0,0.62,19,6,0,36,0,0,0,0
1444.62,3000.0,0.48,7,24,1,30,0,0,0,0
1868.03,2000.0,0.93,21,8,0,39,1,0,0,0
7688.51,8000.0,0.96,18,19,0,33,0,0,0,0
8150.99,4500.0,1.81,6,5,0,49,0,0,0,0
6254.07,4500.0,1.39,18,6,0,17,0,0,0,0
3225.59,4500.0,0.72,15,6,1,30,0,0,0,0
3369.19,6000.0,0.56,17,19,0,21,0,0,0,0
1326.1,1500.0,0.88,12,28,0,5,0,0,0,0
2624.97,3000.0,0.87,7,17,0,5,0,0,0,0
36468.95,2000.0,18.23,3,14,9,26,1,1,2,1
45539.78,12000.0,3.79,11,12,5,27,1,0,0,0
9145.31,8000.0,1.14,18,3,0,31,0,0,0,0
2654.93,1500.0,1.77,18,13,0,17,0,0,0,0
3129.04,3000.0,1.04,12,24,0,38,0,0,0,0
2252.52,4500.0,0.5,19,11,0,19,0,0,0,0
6440.76,4500.0,1.43,20,5,0,29,0,0,0,0
6176.77,4500.0,1.37,9,19,0,24,0,0,0,0
2576.98,2000.0,1.29,13,5,0,8,0,0,0,0
12434.35,8000.0,1.55,22,22,0,44,0,0,0,0
4094.24,3000.0,1.36,7,21,0,45,0,0,1,0
1513.8,2000.0,0.76,14,14,0,43,0,0,0,0
4324.61,2500.0,1.73,12,17,0,25,0,0,0,0
13145.64,2500.0,5.26,19,6,5,37,0,0,1,0
3116.07,1500.0,2.08,12,27,1,5,0,0,0,0
8016.45,8000.0,1.0,15,15,0,29,0,0,0,0
3463.88,4500.0,0.77,22,19,1,38,0,0,0,0
32328.83,8000.0,4.04,21,9,3,41,1,0,1,0
2232.26,1500.0,1.49,12,24,0,41,0,0,0,0
5001.09,4500.0,1.11,4,13,0,40,0,0,0,0
4293.22,6000.0,0.72,6,25,0,12,0,0,0,0
3158.31,4500.0,0.7,18,5,0,20,0,0,0,0
11910.83,2500.0,4.76,8,2,4,44,0,0,2,0
3840.47,6000.0,0.64,20,27,0,46,0,0,0,0
10061.72,12000.0,0.84,6,11,0,37,0,0,0,0
1140.53,1500.0,0.76,9,4,0,18,0,0,0,0
2642.84,3000.0,0.88,14,8,0,45,0,0,1,0
2047.75,2000.0,1.02,15,16,0,49,0,0,0,0
2055.76,2500.0,0.82,13,16,0,30,0,0,2,0
7225.61,8000.0,0.9,9,22,0,38,0,0,0,0
2148.34,1500.0,1.43,6,1,0,15,0,0,0,0
2164.82,2000.0,1.08,18,20,0,19,0,0,1,0
3241.31,1500.0,2.16,14,3,0,49,0,0,0,0
17444.18,12000.0,1.45,16,8,1,38,0,1,0,0
2766.19,2500.0,1.11,8,3,0,24,0,0,0,0
2385.31,3000.0,0.8,18,4,0,16,0,0,0,0
65282.12,12000.0,5.44,14,19,3,43,1,0,1,0
4177.07,4500.0,0.93,13,11,0,20,0,0,1,0
3275.71,6000.0,0.55,22,21,0,44,0,0,0,0
2564.19,2500.0,1.03,16,14,0,38,0,0,0,0
5975.62,6000.0,1.0,19,25,0,35,0,0,0,0
30013.84,6000.0,5.0,18,14,4,27,1,0,0,0
10396.26,6000.0,1.73,11,10,0,14,0,0,0,0
6151.21,6000.0,1.03,5,1,0,16,0,1,0,0
1373.23,3000.0,0.46,18,16,1,7,0,0,0,0
5217.12,12000.0,0.43,7,17,1,7,0,0,0,0
19964.51,3000.0,6.65,3,21,5,9,1,1,1,1
11983.83,12000.0,1.0,20,2,0,34,0,0,0,0
3140.84,2000.0,1.57,8,28,0,34,0,0,0,0
7773.57,8000.0,0.97,11,4,0,29,0,0,0,0
5686.92,6000.0,0.95,9,23,0,32,0,0,0,0
2712.6,3000.0,0.9,12,17,0,36,0,0,0,0
2212.53,2500.0,0.89,9,23,0,26,0,0,0,0
4636.29,2500.0,1.85,9,11,0,49,0,1,0,0
981.59,1500.0,0.65,15,6,0,50,0,0,0,0
11623.63,12000.0,0.97,8,8,0,13,0,0,0,0
31353.89,6000.0,5.23,11,25,3,44,0,1,2,0
6272.5,6000.0,1.05,9,19,0,17,0,0,0,0
9013.21,2000.0,4.51,19,25,5,15,1,1,0,0
1275.91,2500.0,0.51,14,8,0,17,1,0,0,0
3309.12,3000.0,1.1,18,17,1,28,0,0,1,0
2345.53,2000.0,1.17,21,20,1,42,0,0,0,0
13537.96,12000.0,1.13,20,13,0,5,0,0,1,0
13013.26,12000.0,1.08,11,19,0,7,0,0,0,0
2138.29,2500.0,0.86,15,10,0,26,0,0,0,0
7305.61,12000.0,0.61,22,28,0,32,0,0,0,0
3064.47,2000.0,1.53,7,25,0,17,0,0,0,0
7388.59,3000.0,2.46,19,20,0,39,0,0,0,0
6438.75,6000.0,1.07,16,11,1,20,0,0,0,0
12449.04,8000.0,1.56,15,12,0,49,0,0,0,0
10579.01,8000.0,1.32,18,20,0,11,0,0,0,0
2832.4,2000.0,1.42,11,25,0,48,0,0,0,0
3620.99,4500.0,0.8,8,17,0,18,0,0,0,0
2308.65,3000.0,0.77,1,15,0,26,0,0,2,0
3796.64,4500.0,0.84,0,28,0,37,0,0,1,0
12181.32,12000.0,1.02,16,19,1,47,0,0,0,0
7441.51,4500.0,1.65,16,11,0,34,0,0,0,0
1103.24,2000.0,0.55,15,26,0,12,0,0,0,0
5156.47,12000.0,0.43,20,27,0,42,0,0,1,0
1510.43,1500.0,1.01,17,26,0,47,0,0,0,0
2061.52,3000.0,0.69,16,19,0,14,1,0,0,0
2024.81,3000.0,0.67,12,15,0,28,0,0,0,0
2188.47,2000.0,1.09,17,22,0,50,0,0,0,0
2296.06,2500.0,0.92,11,11,0,8,0,0,0,0
5398.34,6000.0,0.9,15,27,2,39,0,0,0,0
6738.29,8000.0,0.84,13,2,0,41,0,0,0,0
10086.19,2500.0,4.03,10,9,3,19,0,0,2,0
1744.49,3000.0,0.58,17,28,0,44,1,0,0,0
2534.73,2500.0,1.01,22,11,1,13,0,0,0,0
1129.6,2000.0,0.56,7,4,1,36,0,0,0,0
5606.86,6000.0,0.93,11,18,1,8,1,0,0,0
64341.15,12000.0,5.36,22,26,5,29,1,1,1,0
4980.88,6000.0,0.83,16,24,0,43,0,0,0,0
11316.11,2500.0,4.53,16,11,5,31,1,0,2,0
1191.01,1500.0,0.79,19,16,0,46,0,0,0,0
35359.28,6000.0,5.89,9,25,3,6,1,0,1,0
3080.58,3000.0,1.03,13,11,1,11,0,0,1,0
8303.18,8000.0,1.04,15,8,0,28,0,0,0,0
1173.46,2000.0,0.59,8,6,0,7,0,0,0,0
7642.09,12000.0,0.64,8,7,0,25,0,0,0,0
4009.83,3000.0,1.34,6,22,0,36,0,0,0,0
2353.43,2000.0,1.18,18,26,0,30,0,0,0,0
10349.23,4500.0,2.3,12,15,0,34,0,0,1,0
1439.98,1500.0,0.96,23,19,0,11,0,0,0,0
6040.19,6000.0,1.01,19,5,0,25,0,0,0,0
7230.0,8000.0,0.9,14,19,0,35,0,0,1,0
1266.56,1500.0,0.84,14,9,0,50,0,0,0,0
4537.12,2500.0,1.81,11,1,0,17,0,0,0,0
12051.34,3000.0,4.02,18,28,3,26,1,1,1,0
36799.95,3000.0,12.27,4,17,5,43,1,1,2,1
8717.94,2000.0,4.36,15,19,3,20,1,0,2,1
11271.03,8000.0,1.41,1,19,0,41,0,0,0,0
14428.18,12000.0,1.2,9,21,0,35,0,0,0,0
3795.8,2000.0,1.9,19,4,0,8,0,0,0,0
2099.15,2000.0,1.05,16,18,0,14,0,0,0,0
703.31,1500.0,0.47,18,20,0,36,0,0,0,0
4708.58,2500.0,1.88,12,6,0,37,0,0,0,0
10426.55,8000.0,1.3,16,26,1,7,0,0,0,0
9070.53,12000.0,0.76,17,5,0,11,0,0,1,0
3656.28,2000.0,1.83,10,28,0,19,0,0,0,0
3638.49,6000.0,0.61,9,8,0,30,0,0,0,0
39893.62,3000.0,13.3,2,4,9,48,1,1,2,1
4940.65,4500.0,1.1,17,18,0,12,0,0,0,0
14975.13,3000.0,4.99,15,14,5,18,1,0,1,0
794.6,1500.0,0.53,14,5,0,41,0,0,0,0
11906.53,12000.0,0.99,14,14,0,49,0,0,0,0
57868.79,2000.0,28.93,13,6,3,28,1,1,2,1
9527.49,8000.0,1.19,19,14,0,18,1,0,0,0
4744.77,4500.0,1.05,14,12,0,32,0,0,0,0
9888.4,8000.0,1.24,17,9,0,40,0,0,1,0
3528.87,3000.0,1.18,12,16,0,22,0,0,0,0
5995.85,6000.0,1.0,7,6,0,33,0,0,0,0
6475.03,8000.0,0.81,20,16,0,44,0,0,0,0
2039.27,2500.0,0.82,20,24,0,36,0,0,0,0
4658.82,4500.0,1.04,17,17,0,35,0,0,0,0
985.13,1500.0,0.66,12,7,0,29,0,0,0,0
1845.69,2000.0,0.92,7,21,0,44,0,0,0,0
3440.68,2500.0,1.38,15,20,0,28,0,0,0,0
4270.06,4500.0,0.95,13,6,0,32,0,0,0,0
1954.38,2500.0,0.78,8,15,0,46,0,0,0,0
7430.84,8000.0,0.93,18,9,0,49,0,0,0,0
6021.17,6000.0,1.0,18,26,0,32,0,0,0,0
2244.03,3000.0,0.75,17,26,0,39,0,0,0,0
51296.18,1500.0,34.2,4,8,8,31,1,1,2,1
69012.76,12000.0,5.75,7,20,5,36,0,0,2,0
6264.95,8000.0,0.78,19,3,0,21,0,0,0,0
817.07,1500.0,0.54,8,4,0,34,0,0,1,0
1585.03,1500.0,1.06,15,20,0,9,0,0,0,0
3023.67,2500.0,1.21,12,4,0,41,0,0,0,0
2086.28,2000.0,1.04,10,19,0,31,0,0,0,0
10989.16,8000.0,1.37,13,5,0,12,0,0,0,0
17095.05,12000.0,1.42,11,21,0,8,0,0,0,0
2030.77,2500.0,0.81,19,21,0,29,0,0,0,0
8075.47,4500.0,1.79,17,9,0,39,0,0,0,0
2205.9,1500.0,1.47,9,19,2,16,0,0,0,0
1368.51,2500.0,0.55,13,10,0,9,0,0,0,0
3622.89,2500.0,1.45,13,23,1,49,0,0,0,0
7916.97,6000.0,1.32,18,20,0,12,0,0,0,0
12973.28,6000.0,2.16,8,5,0,25,0,0,0,0
4543.35,4500.0,1.01,17,26,0,22,0,0,0,0
55952.83,12000.0,4.66,18,25,4,24,1,1,1,0
3749.02,4500.0,0.83,7,16,0,24,0,0,0,0
2369.13,4500.0,0.53,12,27,0,41,0,0,0,0
3614.79,3000.0,1.2,15,7,0,32,0,0,0,0
4325.99,2500.0,1.73,9,5,1,12,0,0,0,0
6109.71,3000.0,2.04,10,20,0,6,0,0,0,0
1988.43,3000.0,0.66,22,3,0,15,0,0,1,0
1334.8,1500.0,0.89,12,15,0,26,0,0,0,0
2187.09,2500.0,0.87,0,2,0,9,0,0,0,0
971.0,1500.0,0.65,1,24,0,5,0,0,0,0
2326.68,2000.0,1.16,19,2,1,13,0,0,0,0
2509.54,2500.0,1.0,15,24,0,34,0,0,0,0
1108.37,2500.0,0.44,12,21,0,34,0,0,1,0
6420.03,12000.0,0.54,9,18,2,18,0,0,0,0
1484.23,1500.0,0.99,11,1,0,38,0,0,2,0
11213.88,3000.0,3.74,9,16,3,9,0,0,1,0
7775.1,4500.0,1.73,13,24,0,25,0,0,0,0
8292.41,6000.0,1.38,19,24,0,45,0,0,0,0
3436.7,3000.0,1.15,17,28,0,25,0,0,0,0
7287.24,3000.0,2.43,8,13,0,10,0,0,0,0
7421.92,8000.0,0.93,17,25,0,46,0,0,0,0
2498.25,4500.0,0.56,13,3,1,50,0,0,0,0
4856.27,3000.0,1.62,12,13,0,20,0,0,1,0
8427.09,6000.0,1.4,19,20,0,8,0,0,1,0
17164.38,4500.0,3.81,18,18,3,19,1,0,0,0
3569.33,6000.0,0.59,9,11,0,14,1,0,0,0
9521.93,12000.0,0.79,14,5,0,10,0,0,1,0
2057.35,3000.0,0.69,11,5,0,13,0,0,1,0
14238.42,3000.0,4.75,11,4,4,36,1,0,1,0
5516.56,6000.0,0.92,18,12,0,9,0,0,0,0
30211.42,8000.0,3.78,20,2,5,28,0,1,1,0
2303.03,2500.0,0.92,11,23,0,36,0,0,0,0
2212.78,3000.0,0.74,13,2,0,30,0,0,0,0
17306.08,4500.0,3.85,23,1,3,8,1,1,2,0
7293.61,12000.0,0.61,9,11,0,35,0,0,0,0
3414.0,4500.0,0.76,12,25,0,12,0,0,0,0
2807.47,4500.0,0.62,20,8,0,32,0,0,0,0
22861.85,3000.0,7.62,7,21,7,50,1,1,1,1
2342.12,2500.0,0.94,20,12,0,28,0,0,0,0
8635.41,1500.0,5.76,11,2,5,37,1,1,1,0
10820.91,8000.0,1.35,20,4,0,17,0,0,1,0
9977.33,8000.0,1.25,16,15,0,44,0,0,0,0
6764.78,1500.0,4.51,19,22,5,26,1,1,1,0
4377.53,8000.0,0.55,8,14,1,45,0,0,0,0
25146.05,3000.0,8.38,23,13,8,17,1,1,1,1
12927.26,12000.0,1.08,19,10,2,37,0,0,0,0
6488.8,8000.0,0.81,21,17,0,29,0,0,0,0
7538.48,8000.0,0.94,22,28,0,48,0,0,0,0
2309.67,2000.0,1.15,15,26,0,16,0,0,0,0
8632.2,2000.0,4.32,13,6,3,23,1,0,2,0
8968.46,1500.0,5.98,16,21,5,31,0,0,0,0
3181.76,3000.0,1.06,10,6,0,36,0,0,0,0
11153.28,6000.0,1.86,14,25,0,8,0,0,2,0
2129.53,3000.0,0.71,16,2,1,22,0,0,1,0
6693.0,4500.0,1.49,17,22,0,5,0,0,1,0
4608.11,6000.0,0.77,11,25,2,29,0,0,0,0
5249.99,6000.0,0.87,10,23,0,25,0,0,0,0
21624.24,4000.0,5.41,8,6,3,42,1,0,1,1
9408.48,12000.0,0.78,8,6,0,29,0,0,0,0
58156.98,12000.0,4.85,12,14,3,9,0,0,0,0
39767.22,2500.0,15.91,2,22,9,12,1,1,2,1
5595.8,8000.0,0.7,17,25,0,7,0,0,0,0
21482.59,12000.0,1.79,15,6,0,5,0,0,0,0
2346.1,2500.0,0.94,12,10,0,5,0,0,1,0
1235.47,3000.0,0.41,10,22,0,38,0,0,0,0
10738.45,12000.0,0.89,11,8,0,33,0,0,0,0
7923.76,6000.0,1.32,13,17,0,33,1,0,0,0
1440.37,2000.0,0.72,16,25,0,23,0,0,1,0
5097.36,3000.0,1.7,16,1,0,50,0,0,0,0
1267.19,2500.0,0.51,14,5,1,6,0,0,0,0
2728.86,1500.0,1.82,20,6,0,33,0,0,0,0
4304.83,8000.0,0.54,21,14,0,10,0,0,0,0
31454.53,6000.0,5.24,18,5,5,35,0,0,1,0
11247.8,12000.0,0.94,5,22,0,50,0,0,0,0
2604.77,3000.0,0.87,10,28,2,17,0,0,0,0
22521.62,4500.0,5.0,9,25,3,13,1,0,2,0
8333.93,12000.0,0.69,14,28,0,34,0,0,0,0
4398.45,4500.0,0.98,10,17,0,46,0,0,0,0
18157.46,12000.0,1.51,12,6,0,50,0,0,0,0
2013.15,2000.0,1.01,11,9,0,6,0,0,1,0
16305.99,8000.0,2.04,10,25,0,9,0,0,0,0
2502.7,3000.0,0.83,9,23,0,30,0,1,0,0
7208.18,4500.0,1.6,10,23,0,41,0,0,0,0
11478.08,2500.0,4.59,11,10,3,20,0,1,2,0
5039.85,4500.0,1.12,18,25,0,18,0,0,0,0
5286.38,4500.0,1.17,14,19,0,14,0,0,0,0
3949.17,6000.0,0.66,16,12,0,20,0,0,0,0
14770.07,12000.0,1.23,14,26,0,35,0,0,0,0
5794.08,8000.0,0.72,10,26,0,7,0,0,0,0
2812.56,2500.0,1.13,9,19,0,40,0,0,0,0
7939.29,6000.0,1.32,9,16,0,38,0,0,0,0
3217.5,1500.0,2.14,19,4,0,25,0,0,0,0
4263.55,8000.0,0.53,18,7,0,36,0,0,0,0
1718.95,1500.0,1.15,15,15,0,13,0,0,0,0
1750.59,2000.0,0.88,9,8,0,6,0,0,1,0
3195.54,1500.0,2.13,7,14,0,13,0,0,0,0
1089.75,1500.0,0.73,11,27,0,20,0,0,0,0
3870.02,3000.0,1.29,14,7,0,31,0,0,1,0
2794.4,3000.0,0.93,19,5,0,12,0,0,0,0
31560.24,2500.0,12.62,4,25,6,15,1,1,2,1
9915.94,12000.0,0.83,9,8,0,6,0,0,0,0
6290.74,3000.0,2.1,11,10,0,33,0,0,0,0
1707.43,2500.0,0.68,18,27,0,31,0,0,0,0
7216.56,6000.0,1.2,9,8,0,48,0,0,0,0
22479.1,6000.0,3.75,14,17,3,38,1,1,1,0
1235.65,1500.0,0.82,10,23,1,28,0,0,0,0
2289.3,2500.0,0.92,15,6,0,34,0,0,0,0
5562.13,6000.0,0.93,11,18,0,18,0,0,0,0
1201.6,1500.0,0.8,11,19,0,42,0,0,0,0
22350.4,12000.0,1.86,14,27,0,26,0,0,0,0
4584.88,4500.0,1.02,18,23,0,24,0,0,0,0
2895.87,2500.0,1.16,19,19,0,22,0,0,0,0
5052.4,6000.0,0.84,8,27,0,22,0,0,0,0
1996.1,3000.0,0.67,20,10,0,11,0,0,1,0
11457.64,2000.0,5.73,13,24,3,8,1,1,0,0
15603.97,3000.0,5.2,18,6,4,39,1,1,2,0
1872.66,3000.0,0.62,10,15,0,6,0,0,0,0
5379.08,8000.0,0.67,11,8,0,15,0,0,0,0
43488.96,12000.0,3.62,8,1,5,16,1,1,1,0
4639.93,4500.0,1.03,10,16,0,36,0,0,0,0
33890.4,6000.0,5.65,20,12,3,15,1,0,0,0
20248.47,12000.0,1.69,9,7,0,34,0,0,0,0
15654.13,12000.0,1.3,8,10,0,49,0,0,0,0
16261.02,3000.0,5.42,11,19,5,24,0,1,1,0
39700.2,1500.0,26.47,3,8,5,9,1,1,2,1
7487.44,8000.0,0.94,11,2,0,14,0,0,1,0
9421.86,2500.0,3.77,15,9,3,28,0,0,1,0
2612.04,3000.0,0.87,13,5,0,20,0,0,0,0
10994.33,3000.0,3.66,6,18,4,46,0,0,1,0
9018.56,6000.0,1.5,19,16,0,31,0,0,0,0
2169.04,3000.0,0.72,19,26,0,49,0,0,0,0
1155.24,1500.0,0.77,20,6,0,44,0,0,0,0
12968.98,2500.0,5.19,17,19,4,26,0,0,1,0
4817.46,6000.0,0.8,9,15,0,31,0,0,0,0
9129.29,2500.0,3.65,15,13,3,25,1,0,0,0
6222.75,4500.0,1.38,8,4,0,14,0,0,0,0
8568.75,1500.0,5.71,17,13,3,41,1,0,1,0
3923.24,2000.0,1.96,15,15,1,49,0,0,0,0
1570.3,2000.0,0.79,12,1,2,44,0,0,0,0
1187.77,1500.0,0.79,12,18,0,32,0,0,0,0
10300.05,6000.0,1.72,19,15,0,36,0,0,0,0
2347.91,2500.0,0.94,19,22,0,14,0,0,0,0
8494.34,6000.0,1.42,20,28,0,16,0,0,0,0
1618.57,1500.0,1.08,15,25,0,48,0,0,0,0
4172.85,6000.0,0.7,7,1,0,16,0,0,0,0
1345.7,2000.0,0.67,8,2,0,25,0,0,0,0
3533.97,3000.0,1.18,11,3,0,45,0,0,0,0
1535.52,1500.0,1.02,15,12,0,39,0,0,1,0
7200.12,4500.0,1.6,12,26,0,21,0,0,0,0
5559.27,8000.0,0.69,11,2,1,28,0,0,0,0
3117.5,4500.0,0.69,12,4,1,35,0,0,0,0
6420.65,6000.0,1.07,19,8,1,36,0,0,1,0
6502.86,6000.0,1.08,15,20,0,36,0,0,0,0
4803.43,4500.0,1.07,21,4,0,38,0,0,0,0
1436.88,3000.0,0.48,18,21,0,37,0,0,1,0
2097.42,3000.0,0.7,13,12,0,31,0,0,0,0
1961.54,2500.0,0.78,7,1,0,31,0,0,0,0
2667.8,4500.0,0.59,16,6,0,13,0,0,0,0
2215.88,2000.0,1.11,14,7,1,12,0,0,0,0
4587.51,4500.0,1.02,13,25,0,47,0,0,0,0
4897.33,4500.0,1.09,8,8,0,12,0,0,0,0
2268.3,1500.0,1.51,11,12,0,34,1,0,0,0
1331.86,1500.0,0.89,18,3,0,19,0,0,0,0
2413.04,2000.0,1.21,11,26,0,49,0,0,0,0
8431.18,8000.0,1.05,18,8,0,42,0,0,0,0
5593.8,8000.0,0.7,17,11,0,19,0,0,0,0
1995.04,2000.0,1.0,11,15,0,15,0,0,0,0
4711.16,8000.0,0.59,18,7,2,8,1,0,0,0
1062.59,1500.0,0.71,7,24,0,8,0,0,0,0
9162.83,6000.0,1.53,6,24,0,43,0,0,1,0
4873.69,3000.0,1.62,0,25,0,36,0,0,0,0
3003.95,3000.0,1.0,11,4,0,42,0,0,0,0
2697.61,2500.0,1.08,21,8,0,46,0,0,0,0
8332.11,6000.0,1.39,10,11,0,14,0,0,0,0
3451.37,3000.0,1.15,10,6,1,34,0,0,0,0
4337.82,4500.0,0.96,14,21,1,6,0,0,0,0
2665.68,6000.0,0.44,17,23,0,30,0,0,1,0
4970.83,4500.0,1.1,18,27,0,19,0,0,0,0
13173.46,12000.0,1.1,16,26,0,35,0,0,0,0
5234.85,3000.0,1.74,13,19,0,45,0,0,0,0
7688.63,6000.0,1.28,10,13,0,17,0,0,1,0
6474.07,8000.0,0.81,19,5,0,24,0,0,0,0
1999.53,3000.0,0.67,13,18,0,49,0,0,0,0
5240.98,8000.0,0.66,17,13,0,45,0,0,0,0
5426.3,8000.0,0.68,14,3,0,12,0,0,0,0
4988.17,8000.0,0.62,22,18,0,46,0,0,0,0
2895.71,3000.0,0.97,15,19,0,46,0,0,0,0
3769.15,2500.0,1.51,19,11,0,24,0,0,0,0
3095.38,3000.0,1.03,19,14,0,33,0,0,0,0
4218.85,4500.0,0.94,11,2,1,41,1,0,0,0
8083.86,1500.0,5.39,15,10,5,5,1,0,2,0
5429.2,6000.0,0.9,16,22,1,21,0,0,0,0
16444.62,12000.0,1.37,15,2,0,46,1,0,0,0
35997.87,1500.0,24.0,1,15,4,14,1,1,2,1
1309.41,2500.0,0.52,20,19,0,34,0,1,0,0
13235.58,12000.0,1.1,17,27,0,23,0,0,0,0
2095.4,1500.0,1.4,12,22,0,40,0,0,0,0
34243.94,8000.0,4.28,13,17,5,18,0,1,2,0
3893.13,3000.0,1.3,10,16,0,21,0,0,0,0
2141.69,2000.0,1.07,19,26,0,49,0,0,0,0
3253.02,4500.0,0.72,6,19,1,21,0,0,2,0
7633.48,4500.0,1.7,13,10,0,36,0,0,2,0
9128.09,6000.0,1.52,9,1,0,32,0,0,1,0
3684.25,3000.0,1.23,9,27,0,12,0,0,1,0
22031.66,4500.0,4.9,8,2,4,40,1,1,1,0
6379.8,8000.0,0.8,18,5,0,34,0,0,0,0
1021.86,1500.0,0.68,11,8,1,50,0,0,0,0
66279.73,12000.0,5.52,9,25,4,29,1,1,1,0
26288.43,6000.0,4.38,18,28,3,13,1,1,0,0
5106.77,6000.0,0.85,21,1,2,14,0,0,1,0
2241.86,2000.0,1.12,17,16,1,49,0,0,0,0
1163.34,1500.0,0.78,8,22,0,38,0,0,1,0
3028.91,2000.0,1.51,12,6,0,19,0,0,0,0
7421.66,6000.0,1.24,15,8,0,33,0,0,0,0
908.24,1500.0,0.61,7,3,0,19,0,0,0,0
5759.02,6000.0,0.96,17,15,0,29,0,0,0,0
15499.47,12000.0,1.29,21,14,0,6,0,0,2,0
9935.11,8000.0,1.24,19,13,0,42,0,0,1,0
10886.88,8000.0,1.36,16,10,0,7,0,0,0,0
1944.17,2500.0,0.78,10,5,0,7,0,0,0,0
20662.9,12000.0,1.72,8,8,0,41,0,0,0,0
2417.52,4500.0,0.54,20,14,0,36,0,0,0,0
2256.31,3000.0,0.75,14,5,0,8,0,0,0,0
5008.46,8000.0,0.63,9,24,0,36,0,0,0,0
840.91,1500.0,0.56,5,17,0,31,0,0,0,0
4288.08,6000.0,0.71,15,7,0,23,0,0,0,0
2898.47,2500.0,1.16,17,14,0,16,0,0,0,0
5186.54,8000.0,0.65,15,11,1,34,0,0,0,0
2981.92,3000.0,0.99,20,27,0,19,0,0,0,0
2876.52,3000.0,0.96,8,8,0,49,0,0,0,0
5453.15,3000.0,1.82,19,17,0,23,1,0,0,0
1411.34,1500.0,0.94,13,4,1,34,0,0,1,0
1374.29,1500.0,0.92,11,13,0,38,0,0,0,0
3200.01,3000.0,1.07,13,25,0,23,0,0,1,0
14394.91,12000.0,1.2,11,16,0,26,0,0,1,0
2753.45,4500.0,0.61,11,24,0,16,0,0,0,0
2086.74,2000.0,1.04,16,28,0,42,0,0,0,0
1145.06,3000.0,0.38,12,11,1,12,0,0,0,0
45305.9,8000.0,5.66,21,4,3,29,1,0,2,0
2402.1,3000.0,0.8,9,13,0,7,0,0,0,0
63786.22,12000.0,5.32,19,28,3,6,0,0,1,0
4683.32,4500.0,1.04,18,7,0,39,0,0,0,0
3666.24,8000.0,0.46,5,13,1,10,0,0,1,0
11858.66,2500.0,4.74,14,6,4,13,1,0,1,0
3513.67,4500.0,0.78,14,9,0,29,0,0,0,0
871.36,2000.0,0.44,7,14,0,11,0,0,0,0
10084.25,8000.0,1.26,9,11,0,10,0,0,0,0
515.84,1500.0,0.34,20,20,0,27,0,0,0,0
10465.01,2500.0,4.19,11,10,5,12,1,0,1,1
2696.9,2000.0,1.35,15,16,0,37,0,0,0,0
5498.1,8000.0,0.69,16,8,0,5,0,0,0,0
1859.98,2000.0,0.93,14,28,0,34,0,0,0,0
6462.22,4500.0,1.44,8,21,0,14,0,0,1,0
11017.27,12000.0,0.92,12,4,0,26,0,0,0,0
45643.16,12000.0,3.8,23,5,5,47,0,0,1,0
6252.29,12000.0,0.52,13,17,0,37,0,0,0,0
3602.66,2000.0,1.8,22,24,1,47,0,0,0,0
5237.0,12000.0,0.44,9,27,0,21,0,0,0,0
8703.0,12000.0,0.73,10,17,0,23,0,0,1,0
20748.8,4500.0,4.61,10,5,4,42,1,0,1,0
9749.18,8000.0,1.22,4,8,1,30,0,0,1,0
2200.98,2000.0,1.1,10,27,0,50,0,0,1,0
2788.18,2000.0,1.39,13,26,0,40,0,0,0,0
4031.32,2500.0,1.61,8,28,0,37,0,0,0,0
1741.58,2500.0,0.7,16,17,0,37,0,0,0,0
5330.21,6000.0,0.89,12,17,0,14,0,0,0,0
4336.18,6000.0,0.72,17,1,0,47,0,0,0,0
24764.91,6000.0,4.13,15,8,4,35,1,1,1,0
32552.06,6000.0,5.43,12,9,5,18,1,0,1,0
6169.85,2500.0,2.47,15,17,0,32,0,0,0,0
1550.5,1500.0,1.03,11,3,0,45,0,0,0,0
11634.18,3000.0,3.88,15,4,4,47,1,1,1,0
2548.16,4500.0,0.57,10,22,0,45,0,0,0,0
2266.56,3000.0,0.76,11,26,0,6,0,0,0,0
2294.67,3000.0,0.76,18,27,0,6,0,0,0,0
6633.97,8000.0,0.83,13,18,0,21,0,0,0,0
1389.14,1500.0,0.93,18,2,0,28,0,0,0,0
2545.42,2500.0,1.02,18,28,0,27,0,0,0,0
7629.36,1500.0,5.09,17,8,3,13,1,0,0,0
13918.73,12000.0,1.16,19,21,0,10,0,0,1,0
2463.97,3000.0,0.82,11,17,1,7,0,0,0,0
14828.82,12000.0,1.24,18,2,0,5,0,0,1,0
2127.09,2000.0,1.06,6,17,0,32,0,0,0,0
4593.6,2500.0,1.84,15,27,0,33,0,0,0,0
3517.18,4500.0,0.78,16,6,1,34,0,0,0,0
10244.84,12000.0,0.85,8,24,0,7,0,0,0,0
1394.21,2000.0,0.7,12,1,0,39,0,0,0,0
13732.88,3000.0,4.58,10,14,4,34,1,0,1,0
3422.2,2000.0,1.71,8,18,0,6,0,0,0,0
42032.6,2500.0,16.81,0,13,7,46,1,1,2,1
4012.81,2500.0,1.61,10,20,0,42,0,0,0,0
5263.44,4500.0,1.17,21,11,1,37,0,0,1,0
2889.09,2000.0,1.44,19,17,0,32,0,0,1,0
2378.48,3000.0,0.79,14,20,0,36,0,0,0,0
3170.42,4500.0,0.7,10,6,0,6,0,0,0,0
13100.32,8000.0,1.64,11,24,0,10,0,0,0,0
870.12,1500.0,0.58,15,20,0,33,0,0,0,0
2253.73,1500.0,1.5,13,10,1,24,0,0,0,0
8439.15,8000.0,1.05,19,14,0,20,0,0,0,0
1240.85,1500.0,0.83,18,5,0,34,0,0,0,0
1546.92,1500.0,1.03,8,27,0,5,0,0,1,0
8092.85,4500.0,1.8,23,4,0,47,0,0,0,0
44509.91,8000.0,5.56,15,8,4,34,0,0,1,0
6756.46,12000.0,0.56,20,26,0,39,0,0,0,0
1363.35,1500.0,0.91,9,10,1,28,0,0,0,0
3568.55,2000.0,1.78,19,5,0,21,0,0,1,0
10745.64,12000.0,0.9,16,24,0,48,0,0,1,0
4762.7,2500.0,1.91,8,11,1,10,0,0,0,0
5677.35,4500.0,1.26,15,11,0,45,0,0,0,0
7318.01,8000.0,0.91,11,15,1,8,0,0,0,0
4742.42,4500.0,1.05,16,8,0,25,0,0,0,0
1065.61,2000.0,0.53,21,18,0,28,0,0,0,0
1695.8,2500.0,0.68,20,10,0,27,0,0,0,0
4928.13,6000.0,0.82,17,24,0,19,0,0,0,0
2574.52,3000.0,0.86,8,18,0,15,0,0,0,0
9830.93,6000.0,1.64,19,22,0,42,0,0,0,0
27021.73,6000.0,4.5,11,20,4,38,0,0,1,0
837.22,1500.0,0.56,9,1,0,38,0,0,0,0
22162.74,4500.0,4.93,20,3,3,31,0,0,1,0
11297.39,12000.0,0.94,16,26,0,35,0,0,1,0
6521.88,12000.0,0.54,8,24,1,19,0,0,0,0
6231.27,6000.0,1.04,9,16,0,32,0,0,0,0
6605.9,6000.0,1.1,16,23,2,47,0,0,0,0
1485.0,1500.0,0.99,7,26,0,24,0,0,0,0
10537.39,12000.0,0.88,13,17,0,45,0,0,0,0
7355.91,12000.0,0.61,16,26,0,13,0,0,0,0
1783.43,2000.0,0.89,13,17,0,32,0,0,0,0
3851.9,6000.0,0.64,14,3,0,30,0,0,0,0
1249.81,2500.0,0.5,15,17,1,25,0,0,0,0
1923.61,2500.0,0.77,13,10,0,6,0,0,0,0
1546.17,2500.0,0.62,11,18,0,25,0,0,1,0
3548.81,3000.0,1.18,18,11,0,41,0,0,1,0
26633.72,12000.0,2.22,11,14,0,26,0,0,0,0
20477.57,4500.0,4.55,16,19,5,17,1,0,0,0
1347.09,2500.0,0.54,11,12,0,14,0,0,0,0
3792.04,4500.0,0.84,15,14,0,34,0,0,0,0
19647.61,3000.0,6.55,14,23,10,32,0,1,1,1
4759.65,6000.0,0.79,19,22,0,29,0,0,0,0
8843.81,8000.0,1.11,7,1,0,30,0,0,1,0
2619.47,3000.0,0.87,15,18,0,10,0,0,0,0
9734.18,12000.0,0.81,19,23,0,45,0,0,0,0
5223.96,12000.0,0.44,13,7,1,47,0,0,0,0
7449.41,4500.0,1.66,13,8,2,29,0,0,0,0
2326.56,2000.0,1.16,9,3,1,44,0,0,0,0
3220.84,4500.0,0.72,16,17,0,11,0,0,0,0
2929.06,2500.0,1.17,17,14,0,42,0,0,0,0
2568.78,2500.0,1.03,22,2,0,23,0,0,0,0
3873.3,3000.0,1.29,14,17,0,38,0,0,0,0
60930.7,12000.0,5.08,11,14,3,28,1,1,0,0
1341.07,2500.0,0.54,15,24,0,32,0,0,0,0
1981.14,1500.0,1.32,14,28,0,7,0,0,1,0
3567.62,4500.0,0.79,19,19,0,6,0,0,0,0
12378.97,8000.0,1.55,11,10,0,21,0,0,0,0
4928.49,6000.0,0.82,18,17,0,28,0,0,0,0
2334.22,1500.0,1.56,17,24,0,23,0,0,0,0
1286.99,1500.0,0.86,2,23,0,46,0,0,0,0
3977.62,8000.0,0.5,15,14,1,49,0,0,0,0
1569.87,2500.0,0.63,9,23,0,47,0,0,0,0
9457.06,4500.0,2.1,18,21,0,14,0,0,0,0
6171.96,6000.0,1.03,16,2,0,35,0,0,0,0
7729.87,6000.0,1.29,14,8,1,45,0,0,1,0
55989.94,12000.0,4.67,16,2,3,14,0,1,0,0
6447.36,6000.0,1.07,20,10,0,13,0,0,0,0
2273.56,1500.0,1.52,14,8,0,47,0,0,0,0
12794.76,12000.0,1.07,19,16,0,23,0,0,0,0
6471.97,8000.0,0.81,15,24,0,22,0,0,1,0
4983.69,2500.0,1.99,4,18,0,37,0,0,2,0
36725.84,8000.0,4.59,12,14,4,10,1,1,1,0
8973.82,8000.0,1.12,14,22,0,44,0,0,0,0
5847.96,4500.0,1.3,16,16,0,17,0,0,0,0
12758.02,12000.0,1.06,9,19,1,27,0,0,0,0
3566.01,6000.0,0.59,14,3,0,17,0,0,0,0
7255.16,6000.0,1.21,17,3,0,17,0,0,0,0
2430.98,2500.0,0.97,18,26,0,49,0,0,0,0
14801.15,3000.0,4.93,18,5,3,45,1,1,1,0
3930.64,8000.0,0.49,20,17,1,15,1,0,0,0
40338.67,8000.0,5.04,6,2,5,9,0,0,2,0
1901.91,3000.0,0.63,13,22,0,9,0,0,0,0
8521.6,6000.0,1.42,9,6,1,6,0,0,0,0
12290.13,12000.0,1.02,6,12,0,11,0,0,0,0
8748.25,2000.0,4.37,15,7,5,5,0,0,1,0
2661.97,1500.0,1.77,8,18,0,37,0,0,0,0
6786.95,8000.0,0.85,14,1,0,16,0,0,0,0
12907.6,12000.0,1.08,15,2,0,15,0,0,0,0
6647.99,8000.0,0.83,9,9,0,8,0,0,1,0
5699.82,4500.0,1.27,10,2,0,6,0,0,0,0
7770.83,8000.0,0.97,12,24,2,7,0,0,0,0
7090.06,2000.0,3.55,9,23,4,15,1,0,0,0
13627.25,12000.0,1.14,11,6,0,12,0,0,0,0
16233.25,3000.0,5.41,21,15,5,5,1,0,1,0
11646.27,12000.0,0.97,11,11,0,15,0,0,1,0
7017.94,8000.0,0.88,11,19,0,40,0,0,1,0
31485.03,6000.0,5.25,18,8,4,35,0,1,1,0
10412.01,2000.0,5.21,17,16,4,43,1,1,1,1
3585.3,2000.0,1.79,9,16,0,37,0,0,0,0
16061.45,3000.0,5.35,14,11,5,37,0,0,1,0
5767.51,3000.0,1.92,21,27,0,32,0,0,0,0
1716.02,1500.0,1.14,0,21,0,48,0,0,0,0
2265.18,1500.0,1.51,19,23,1,38,0,0,1,0
11958.76,2000.0,5.98,16,13,4,44,1,0,1,1
3325.22,3000.0,1.11,20,2,0,6,0,0,0,0
4840.36,3000.0,1.61,9,27,0,48,0,0,0,0
25812.75,6000.0,4.3,14,11,5,35,1,0,0,0
18830.72,12000.0,1.57,18,3,0,27,0,0,0,0
2631.44,1500.0,1.75,16,12,0,37,0,0,0,0
8471.98,1500.0,5.65,17,17,4,41,0,1,1,0
3622.98,6000.0,0.6,18,1,0,17,0,0,0,0
7588.69,4500.0,1.69,8,10,0,5,0,0,0,0
1760.88,1500.0,1.17,19,28,1,11,0,0,0,0
20836.29,4000.0,5.21,14,17,4,32,1,0,1,1
2522.9,4500.0,0.56,10,28,0,13,0,0,0,0
13484.08,12000.0,1.12,7,2,0,22,0,0,0,0
2033.29,2000.0,1.02,9,17,0,27,0,0,0,0
5364.86,8000.0,0.67,18,11,0,28,0,0,0,0
9050.2,8000.0,1.13,13,19,1,45,0,0,2,0
2936.87,2500.0,1.17,6,3,0,31,0,0,0,0
2572.61,2500.0,1.03,11,25,0,41,0,0,0,0
67735.96,12000.0,5.64,8,21,5,11,0,0,1,0
11691.85,2000.0,5.85,11,16,3,50,0,0,1,0
2687.56,1500.0,1.79,7,13,0,27,0,0,0,0
1857.43,2000.0,0.93,6,23,0,8,0,0,1,0
2777.4,2500.0,1.11,18,3,0,13,0,0,0,0
9069.35,2000.0,4.53,15,8,4,28,0,1,1,0
1153.92,1500.0,0.77,21,7,0,25,0,0,1,0
5501.45,6000.0,0.92,12,24,0,44,0,0,0,0
12276.27,8000.0,1.53,15,10,0,36,0,0,1,0
12469.06,6000.0,2.08,16,3,0,42,0,0,0,0
3599.22,6000.0,0.6,12,27,0,26,0,0,0,0
1596.94,2000.0,0.8,15,18,0,10,0,0,0,0
3976.36,8000.0,0.5,14,8,0,50,0,0,0,0
12351.07,8000.0,1.54,13,23,1,40,0,0,0,0
9218.99,8000.0,1.15,15,10,0,48,0,0,0,0
6911.41,8000.0,0.86,19,3,0,7,0,0,1,0
2372.32,1500.0,1.58,19,19,0,14,0,0,0,0
1089.85,1500.0,0.73,19,3,0,7,0,0,0,0
703.25,2000.0,0.35,14,16,0,17,0,0,0,0
1790.58,2000.0,0.9,11,1,0,49,0,0,0,0
4686.62,4500.0,1.04,8,19,0,15,0,0,1,0
11404.85,2500.0,4.56,12,25,5,12,1,0,2,1
4131.63,2000.0,2.07,8,12,1,19,0,0,0,0
5646.25,6000.0,0.94,17,25,0,46,0,0,0,0
9636.61,6000.0,1.61,12,1,0,24,0,0,0,0
8659.57,8000.0,1.08,17,16,1,45,0,0,0,0
2217.41,3000.0,0.74,8,15,0,19,0,0,0,0
1248.11,2000.0,0.62,16,1,0,24,0,0,0,0
2449.86,2500.0,0.98,13,18,0,13,0,0,0,0
17983.75,4500.0,4.0,22,15,3,30,0,0,1,0
2774.3,4500.0,0.62,9,14,1,39,0,0,0,0
14640.39,12000.0,1.22,17,2,0,43,0,0,0,0
9148.37,2500.0,3.66,8,2,3,46,1,1,1,0
2733.67,4500.0,0.61,12,9,0,15,0,0,0,0
5750.38,8000.0,0.72,10,22,0,15,0,0,0,0
1642.27,1500.0,1.09,12,3,0,39,0,0,2,0
14843.23,12000.0,1.24,13,2,0,40,0,0,0,0
1870.67,2000.0,0.94,22,12,0,23,0,0,0,0
1131.59,1500.0,0.75,16,8,0,25,0,0,0,0
2791.77,4500.0,0.62,8,3,1,17,0,0,0,0
10077.71,8000.0,1.26,8,7,0,20,0,0,0,0
10306.42,2500.0,4.12,22,27,4,6,1,1,1,1
6060.65,4500.0,1.35,10,9,1,27,0,0,0,0
10552.96,6000.0,1.76,18,8,0,14,0,0,0,0
762.97,1500.0,0.51,8,19,0,37,0,0,1,0
14045.22,12000.0,1.17,13,25,1,7,0,0,0,0
3537.31,2000.0,1.77,11,19,0,16,0,0,0,0
3125.35,2500.0,1.25,8,5,2,27,0,0,0,0
29635.72,6000.0,4.94,8,2,5,37,0,1,1,0
2426.64,4500.0,0.54,15,25,0,7,0,0,0,0
4632.2,6000.0,0.77,15,9,0,32,0,0,0,0
5644.37,6000.0,0.94,17,16,0,20,0,0,0,0
4014.02,4500.0,0.89,13,12,0,46,0,0,0,0
40742.35,8000.0,5.09,10,14,3,29,0,1,1,0
9516.2,2000.0,4.76,6,20,5,35,0,0,1,0
53276.17,4000.0,13.32,2,12,4,40,1,1,2,1
2417.09,2000.0,1.21,9,7,0,31,0,0,0,0
12947.32,12000.0,1.08,8,12,0,17,0,0,0,0
3529.37,2500.0,1.41,19,15,1,21,0,0,0,0
1417.11,2000.0,0.71,9,6,0,41,0,0,0,0
5069.84,4500.0,1.13,19,16,0,47,0,0,0,0
2531.77,2000.0,1.27,9,5,0,48,0,0,0,0
830.16,1500.0,0.55,16,2,0,28,0,0,0,0
1316.0,1500.0,0.88,5,5,0,39,0,0,0,0
3402.03,1500.0,2.27,7,24,0,11,0,0,0,0
53904.59,12000.0,4.49,8,9,4,11,1,1,0,0
10409.41,6000.0,1.73,18,20,0,28,0,0,0,0
5220.64,6000.0,0.87,17,22,0,36,0,0,0,0
5977.42,6000.0,1.0,14,18,0,14,0,0,0,0
22131.0,6000.0,3.69,8,28,3,37,1,0,1,0
4491.72,6000.0,0.75,18,28,1,44,0,0,0,0
6320.93,1500.0,4.21,3,9,10,42,1,1,2,1
828.54,1500.0,0.55,15,1,0,17,0,0,0,0
1368.36,1500.0,0.91,14,3,0,16,0,0,0,0
3859.79,3000.0,1.29,6,26,0,5,0,0,0,0
4551.95,4500.0,1.01,14,24,0,30,0,0,0,0
5277.97,8000.0,0.66,17,1,0,25,0,0,0,0
5657.52,2500.0,2.26,9,15,0,48,0,0,1,0
5074.21,8000.0,0.63,18,9,0,32,0,0,0,0
6356.78,8000.0,0.79,10,27,0,20,0,0,0,0
15095.6,12000.0,1.26,14,26,0,47,0,0,0,0
14249.26,12000.0,1.19,12,8,1,43,0,0,0,0
6610.01,8000.0,0.83,10,6,1,11,0,0,0,0
3258.48,2000.0,1.63,13,8,0,36,0,0,0,0
2704.48,2000.0,1.35,15,22,0,25,0,0,0,0
7076.73,6000.0,1.18,17,9,0,28,0,0,0,0
2259.18,3000.0,0.75,15,13,0,17,0,0,0,0
7801.56,2000.0,3.9,13,10,5,15,1,1,1,0
2742.23,2000.0,1.37,11,25,0,35,0,0,0,0
9119.35,8000.0,1.14,9,10,0,49,0,0,1,0
1415.81,1500.0,0.94,16,7,0,42,0,1,1,0
6990.95,8000.0,0.87,16,12,0,36,0,0,0,0
5572.41,8000.0,0.7,19,27,0,25,0,0,0,0
1520.47,1500.0,1.01,9,17,0,23,0,0,0,0
20574.61,3000.0,6.86,0,27,5,10,1,0,2,1
10010.71,2500.0,4.0,19,22,4,6,1,0,2,0
26477.91,1500.0,17.65,0,18,8,22,1,1,2,1
2360.05,3000.0,0.79,14,26,0,8,0,0,0,0
5198.37,4500.0,1.16,14,17,1,35,0,0,0,0
1231.79,1500.0,0.82,10,19,0,22,0,0,1,0
2049.45,2000.0,1.02,10,23,0,17,0,0,0,0
9539.38,8000.0,1.19,14,4,0,5,0,0,0,0
2995.72,1500.0,2.0,6,9,2,13,0,0,0,0
4299.03,3000.0,1.43,10,13,1,22,0,0,0,0
6062.6,4500.0,1.35,14,3,0,38,0,0,0,0
1578.48,3000.0,0.53,21,14,1,23,1,0,0,0
1739.18,2000.0,0.87,13,6,0,31,0,0,0,0
3817.18,2500.0,1.53,19,2,2,30,0,0,0,0
3050.48,6000.0,0.51,14,18,0,32,0,0,0,0
7031.22,4500.0,1.56,18,28,0,31,0,0,0,0
2381.72,2500.0,0.95,13,18,0,23,0,0,0,0
7945.41,6000.0,1.32,16,8,0,16,0,0,2,0
954.81,1500.0,0.64,13,11,0,29,1,0,0,0
2005.48,4500.0,0.45,13,9,0,15,0,0,0,0
17530.31,12000.0,1.46,7,22,0,34,0,0,0,0
2285.09,1500.0,1.52,8,18,0,35,0,0,0,0
5445.61,1500.0,3.63,23,16,3,48,1,1,0,0
1523.56,2500.0,0.61,13,4,0,5,0,0,0,0
4504.09,4500.0,1.0,12,19,0,32,0,0,0,0
13397.44,12000.0,1.12,9,28,0,17,0,0,0,0
3320.67,2000.0,1.66,21,7,0,28,0,0,0,0
4602.0,4500.0,1.02,12,28,0,44,0,0,0,0
4485.15,4500.0,1.0,12,14,0,42,0,0,1,0
29436.32,8000.0,3.68,10,25,4,19,0,1,0,0
1750.42,1500.0,1.17,16,16,0,20,0,0,1,0
10908.47,2500.0,4.36,14,22,3,42,1,1,1,0
1311.91,2000.0,0.66,0,8,0,25,0,0,0,0
6417.22,12000.0,0.53,17,24,0,48,0,0,0,0
17785.59,12000.0,1.48,14,1,0,43,0,0,0,0
7345.67,8000.0,0.92,22,2,1,9,0,0,1,0
4138.83,3000.0,1.38,16,10,0,46,0,0,0,0
9407.5,3000.0,3.14,3,16,9,36,1,0,2,1
1550.63,1500.0,1.03,16,18,0,32,0,0,0,0
17843.94,12000.0,1.49,18,10,0,47,0,0,0,0
44257.32,12000.0,3.69,10,5,5,39,1,1,0,0
1025.1,2000.0,0.51,17,3,0,17,0,0,0,0
1532.98,1500.0,1.02,13,22,0,32,0,0,0,0
2518.71,2500.0,1.01,16,13,0,8,0,0,0,0
2005.83,2000.0,1.0,14,11,0,19,0,0,0,0
2411.67,3000.0,0.8,9,23,0,38,0,0,0,0
10260.08,12000.0,0.86,14,14,0,22,0,0,1,0
14643.89,12000.0,1.22,17,26,0,47,0,0,0,0
5874.18,6000.0,0.98,6,18,0,6,0,0,0,0
1385.73,1500.0,0.92,6,1,0,35,0,0,0,0
6507.76,3000.0,2.17,16,2,0,17,0,0,0,0
1211.39,3000.0,0.4,14,9,0,26,0,0,0,0
6211.27,12000.0,0.52,18,16,0,49,0,0,0,0
9238.94,12000.0,0.77,17,22,0,18,0,0,0,0
5472.13,4500.0,1.22,7,11,0,32,0,0,1,0
28890.52,8000.0,3.61,20,10,5,11,1,1,0,0
10610.46,2000.0,5.31,8,9,5,37,1,0,1,0
5783.38,2500.0,2.31,16,3,1,27,0,0,0,0
22361.18,12000.0,1.86,19,17,0,29,0,0,0,0
11577.7,8000.0,1.45,18,25,0,6,0,0,0,0
15134.63,3000.0,5.04,8,12,3,6,1,0,1,0
18555.62,12000.0,1.55,13,21,0,34,0,0,0,0
3077.01,3000.0,1.03,5,1,0,35,0,0,0,0
1019.75,1500.0,0.68,6,21,0,34,0,0,0,0
6278.46,4500.0,1.4,7,17,0,40,0,0,0,0
2327.86,1500.0,1.55,16,24,0,39,0,0,1,0
7602.12,6000.0,1.27,7,20,0,45,0,0,1,0
2000.65,1500.0,1.33,10,28,0,42,0,0,2,0
7041.8,4500.0,1.56,19,7,1,16,0,0,0,0
27244.54,6000.0,4.54,9,16,3,9,0,1,0,0
77513.02,3000.0,25.84,20,6,4,33,1,1,1,1
14000.54,12000.0,1.17,12,14,0,32,0,0,0,0
5777.45,4500.0,1.28,16,8,0,21,0,0,0,0
21334.12,4500.0,4.74,9,28,5,48,0,1,0,0
12012.93,6000.0,2.0,18,22,0,50,0,0,1,0
5552.08,3000.0,1.85,19,16,0,41,0,0,0,0
8703.96,8000.0,1.09,11,10,0,44,0,0,0,0
6155.12,6000.0,1.03,17,22,0,41,0,0,0,0
2731.72,3000.0,0.91,17,16,0,32,0,0,0,0
3086.91,2500.0,1.23,13,1,0,26,0,0,0,0
5097.46,6000.0,0.85,18,15,0,10,0,0,0,0
11414.12,6000.0,1.9,14,5,0,45,0,0,0,0
9538.39,12000.0,0.79,20,4,0,41,0,0,0,0
1485.97,2500.0,0.59,14,17,1,28,0,0,0,0
16565.31,8000.0,2.07,2,25,0,13,0,0,0,0
13141.11,12000.0,1.1,12,3,0,31,0,0,0,0
10142.0,12000.0,0.85,15,17,0,29,0,0,0,0
11744.34,8000.0,1.47,11,15,0,29,0,0,0,0
1751.45,1500.0,1.17,10,16,0,35,0,0,0,0
3186.99,4500.0,0.71,13,1,1,46,0,0,0,0
1528.83,1500.0,1.02,18,13,1,19,0,0,0,0
1784.04,3000.0,0.59,9,5,0,19,0,0,0,0
2793.92,2000.0,1.4,5,3,0,13,0,0,0,0
3862.25,3000.0,1.29,9,24,0,31,0,0,0,0
11562.95,2000.0,5.78,14,14,4,33,1,0,1,0
2324.3,3000.0,0.77,17,13,0,47,0,0,0,0
10798.6,8000.0,1.35,0,3,1,42,0,0,0,0
2436.34,2000.0,1.22,7,5,0,33,0,0,0,0
19443.36,4500.0,4.32,11,18,4,10,1,1,1,0
6946.72,6000.0,1.16,12,23,0,49,0,0,0,0
6205.68,6000.0,1.03,14,26,0,47,0,0,0,0
41601.67,8000.0,5.2,22,6,5,18,0,1,1,0
2767.82,2500.0,1.11,18,21,0,31,0,0,0,0
39048.63,8000.0,4.88,9,17,3,10,0,1,0,0
2584.16,4500.0,0.57,12,22,0,50,0,0,1,0
4714.94,3000.0,1.57,12,25,0,7,0,0,0,0
1818.61,3000.0,0.61,18,20,0,39,0,0,0,0
4205.75,2000.0,2.1,6,22,0,47,0,0,0,0
1565.08,1500.0,1.04,13,22,1,16,0,0,0,0
1402.29,1500.0,0.93,16,27,0,26,0,0,0,0
2334.21,1500.0,1.56,8,20,0,12,0,0,0,0
4649.34,3000.0,1.55,19,19,0,42,0,0,0,0
12044.02,3000.0,4.01,17,15,7,38,1,1,2,1
60556.14,4000.0,15.14,2,20,6,40,1,1,2,1
2337.01,2000.0,1.17,8,1,0,13,0,0,1,0
7426.83,8000.0,0.93,14,1,0,45,0,0,0,0
23150.51,6000.0,3.86,10,23,4,42,1,0,1,0
44852.56,3000.0,14.95,14,11,5,31,1,1,2,1
3761.39,2500.0,1.5,19,13,0,27,0,0,1,0
3684.69,4500.0,0.82,10,20,0,38,0,0,0,0
29249.17,6000.0,4.87,20,19,4,9,0,0,1,0
3664.55,3000.0,1.22,13,15,0,26,0,0,0,0
4366.56,6000.0,0.73,19,7,0,33,0,0,0,0
8519.55,12000.0,0.71,12,22,0,45,0,0,1,0
3393.39,3000.0,1.13,18,3,0,44,0,0,0,0
19097.35,12000.0,1.59,16,3,2,45,0,0,0,0
3847.12,3000.0,1.28,10,24,0,17,0,0,0,0
1715.74,2500.0,0.69,18,25,0,42,0,0,0,0
2150.68,2000.0,1.08,9,20,0,13,0,0,0,0
2823.43,3000.0,0.94,12,28,0,11,0,0,0,0
829.78,1500.0,0.55,19,1,1,27,0,0,0,0
1909.5,3000.0,0.64,17,14,0,39,0,0,0,0
1631.35,2000.0,0.82,8,21,1,5,0,0,1,0
3774.19,8000.0,0.47,19,5,0,5,0,0,0,0
3390.84,2000.0,1.7,19,2,0,19,0,0,0,0
54171.16,12000.0,4.51,7,20,3,48,1,0,0,0
3313.67,2500.0,1.33,16,2,0,5,0,0,0,0
11787.39,2000.0,5.89,12,19,4,20,1,1,2,1
5868.17,4500.0,1.3,19,5,1,43,0,0,0,0
777.48,1500.0,0.52,18,11,0,5,0,0,0,0
1876.07,2000.0,0.94,19,14,0,40,0,0,1,0
22270.18,4500.0,4.95,12,28,4,10,1,1,1,0
3716.88,4500.0,0.83,10,8,0,37,0,0,0,0
5618.9,6000.0,0.94,18,8,0,35,0,0,0,0
2175.51,4500.0,0.48,8,17,0,26,0,1,0,0
11130.83,8000.0,1.39,13,15,0,17,0,0,1,0
55413.86,1500.0,36.94,18,10,4,43,1,1,2,1
3295.11,4500.0,0.73,17,8,0,47,0,0,0,0
2482.68,1500.0,1.66,18,9,0,25,0,0,1,0
5789.95,6000.0,0.96,9,4,0,5,0,0,0,0
7060.27,6000.0,1.18,6,12,0,37,0,0,0,0
989.7,2000.0,0.49,12,13,1,31,0,0,1,0
9624.74,12000.0,0.8,13,5,0,31,0,0,0,0
665.46,1500.0,0.44,11,1,0,34,0,0,0,0
4037.65,6000.0,0.67,13,24,0,41,0,0,1,0
1203.69,2000.0,0.6,9,24,0,30,0,0,0,0
3732.38,3000.0,1.24,15,17,0,20,0,0,1,0
18430.44,12000.0,1.54,11,19,0,32,0,0,0,0
1458.12,1500.0,0.97,14,19,1,40,0,0,0,0
1931.64,1500.0,1.29,14,22,0,12,0,0,1,0
5147.26,6000.0,0.86,8,25,0,10,0,1,0,0
6671.17,6000.0,1.11,21,3,0,5,0,0,0,0
19390.66,12000.0,1.62,12,23,0,38,0,0,0,0
47989.02,12000.0,4.0,17,11,4,44,0,0,1,0
73126.94,2000.0,36.56,10,20,4,44,1,0,1,1
18886.07,12000.0,1.57,13,21,0,34,0,0,0,0
8175.74,8000.0,1.02,14,28,1,45,0,0,0,0
6105.69,6000.0,1.02,20,1,0,22,0,0,0,0
7474.0,12000.0,0.62,8,11,1,6,0,0,1,0
24320.67,12000.0,2.03,6,23,0,40,0,0,0,0
954.43,1500.0,0.64,20,8,0,18,0,0,0,0
2760.3,3000.0,0.92,16,26,0,46,0,0,0,0
1103.08,1500.0,0.74,11,14,0,10,0,0,0,0
7607.98,6000.0,1.27,7,3,0,16,0,0,1,0
7294.67,4500.0,1.62,12,2,1,35,0,0,0,0
4200.28,4500.0,0.93,11,23,0,29,0,0,0,0
2942.94,3000.0,0.98,19,16,0,42,0,0,0,0
8265.32,4500.0,1.84,16,7,1,14,0,0,0,0
2584.69,3000.0,0.86,16,14,1,5,0,0,0,0
9796.47,8000.0,1.22,13,24,0,27,0,0,0,0
3188.5,3000.0,1.06,17,3,0,23,0,0,0,0
10775.96,12000.0,0.9,0,13,0,7,0,0,0,0
6592.76,12000.0,0.55,15,23,0,16,0,0,0,0
9060.24,2000.0,4.53,20,14,4,16,1,1,1,0
1845.45,2500.0,0.74,21,4,0,8,0,0,0,0
3622.89,2000.0,1.81,11,15,0,6,0,0,0,0
4057.83,4500.0,0.9,14,13,0,30,0,0,0,0
7899.69,8000.0,0.99,13,28,0,37,0,0,0,0
23127.09,4000.0,5.78,10,25,3,7,1,0,1,1
40323.1,2000.0,20.16,5,5,3,11,1,1,1,1
5324.27,12000.0,0.44,9,6,0,21,0,0,0,0
2907.65,6000.0,0.48,16,25,0,41,0,0,1,0
10525.62,2000.0,5.26,15,3,3,41,1,0,1,1
4990.24,3000.0,1.66,9,28,1,24,0,0,0,0
6700.59,4500.0,1.49,18,16,0,9,0,0,0,0
3922.07,2500.0,1.57,17,1,0,48,0,0,0,0
31252.83,6000.0,5.21,22,2,3,46,1,0,1,0
3886.97,6000.0,0.65,11,13,0,32,0,0,0,0
25074.68,12000.0,2.09,10,5,0,31,0,0,0,0
2078.39,1500.0,1.39,7,2,0,26,0,0,0,0
16964.81,3000.0,5.65,11,11,3,32,0,1,1,0
2305.05,2500.0,0.92,11,3,1,25,0,0,0,0
3318.96,2000.0,1.66,8,18,0,46,0,0,0,0
50462.87,12000.0,4.21,17,26,5,47,1,1,1,0
7284.52,4500.0,1.62,18,13,0,46,0,0,0,0
11159.96,3000.0,3.72,13,12,4,40,1,0,0,0
11227.51,8000.0,1.4,13,28,0,7,0,0,1,0
12616.03,12000.0,1.05,6,8,0,14,0,0,0,0
3163.41,4500.0,0.7,17,28,0,8,0,0,0,0
7223.59,4500.0,1.61,10,3,0,17,0,0,1,0
8310.78,6000.0,1.39,10,28,0,16,0,0,0,0
1741.42,1500.0,1.16,12,1,0,38,0,0,0,0
16457.37,12000.0,1.37,18,1,0,20,0,0,0,0
2358.18,3000.0,0.79,11,5,0,46,0,0,0,0
10469.31,12000.0,0.87,17,21,0,31,0,0,0,0
11230.56,12000.0,0.94,9,8,0,11,0,0,0,0
2581.8,1500.0,1.72,19,17,0,11,0,0,0,0
11414.15,12000.0,0.95,21,23,0,16,0,0,0,0
9096.61,8000.0,1.14,11,1,0,29,0,0,0,0
11706.75,12000.0,0.98,16,22,0,29,0,0,1,0
43500.69,8000.0,5.44,16,28,4,37,1,0,1,0
13034.33,6000.0,2.17,20,26,0,17,0,0,0,0
8537.19,2000.0,4.27,11,17,5,13,0,0,2,0
3114.6,2500.0,1.25,19,10,2,10,0,0,1,0
6676.68,1500.0,4.45,14,7,3,9,1,1,0,0
6534.47,4500.0,1.45,12,13,0,34,0,0,0,0
4923.22,6000.0,0.82,20,23,0,30,0,0,0,0
1418.33,1500.0,0.95,22,24,2,38,0,0,0,0
1332.83,3000.0,0.44,20,12,0,29,0,0,0,0
8744.21,8000.0,1.09,18,8,0,10,0,0,0,0
3297.89,4500.0,0.73,17,25,0,34,0,0,0,0
4626.02,8000.0,0.58,8,13,0,45,0,0,1,0
5544.72,4500.0,1.23,12,4,0,24,0,0,0,0
16207.42,12000.0,1.35,12,26,1,21,0,0,0,0
781.85,1500.0,0.52,9,4,0,25,0,0,0,0
5418.68,6000.0,0.9,9,19,0,17,0,0,0,0
7457.33,8000.0,0.93,10,21,1,7,0,0,1,0
14574.84,2500.0,5.83,0,6,12,5,0,1,1,1
6353.6,4500.0,1.41,19,17,0,7,0,0,0,0
977.72,1500.0,0.65,12,27,1,40,0,0,0,0
2185.79,2500.0,0.87,9,8,0,18,0,0,0,0
2703.21,2500.0,1.08,20,21,0,21,0,0,0,0
871.58,1500.0,0.58,7,23,0,38,0,0,0,0
9424.0,8000.0,1.18,19,22,0,49,0,0,0,0
24789.46,6000.0,4.13,9,15,3,43,0,1,1,0
5731.07,3000.0,1.91,21,9,0,16,0,0,0,0
3918.78,3000.0,1.31,14,15,0,36,0,0,0,0
6367.0,8000.0,0.8,14,4,0,15,0,0,1,0
1222.28,1500.0,0.81,14,4,0,29,0,0,0,0
831.93,1500.0,0.55,8,26,0,45,0,0,0,0
25636.65,4500.0,5.7,17,25,3,28,1,1,0,0
9092.3,12000.0,0.76,10,6,0,21,0,0,0,0
3520.26,3000.0,1.17,14,4,0,27,0,0,0,0
14034.13,3000.0,4.68,14,23,3,40,1,1,1,0
21893.26,6000.0,3.65,7,5,4,6,1,0,0,0
2550.21,2000.0,1.28,9,22,0,8,0,1,0,0
3219.73,2500.0,1.29,19,16,0,18,0,0,0,0
4820.14,6000.0,0.8,14,2,0,41,0,0,0,0
1489.69,1500.0,0.99,13,21,0,39,0,0,1,0
7049.59,8000.0,0.88,16,6,1,49,0,0,2,0
807.8,1500.0,0.54,13,10,0,45,0,0,0,0
5246.39,4500.0,1.17,17,26,1,35,0,0,0,0
7106.07,8000.0,0.89,19,1,2,26,0,1,0,0
12270.05,12000.0,1.02,18,16,0,22,0,0,0,0
4512.56,4500.0,1.0,18,11,0,48,0,0,0,0
19716.97,12000.0,1.64,8,21,0,42,0,0,0,0
1370.11,2000.0,0.69,12,11,0,28,0,0,0,0
2210.49,1500.0,1.47,7,12,0,44,0,0,0,0
5105.41,6000.0,0.85,11,22,1,36,0,0,0,0
13210.82,6000.0,2.2,8,3,0,44,0,0,0,0
2141.68,2500.0,0.86,12,28,1,15,0,0,0,0
2607.45,4500.0,0.58,17,14,0,7,0,0,0,0
7656.4,4500.0,1.7,10,22,0,46,0,0,1,0
17559.94,4500.0,3.9,19,7,5,12,1,1,2,0
9604.1,2500.0,3.84,14,7,4,14,1,1,1,0
6246.5,4500.0,1.39,20,19,1,46,0,0,1,0
6747.85,1500.0,4.5,14,23,3,16,1,1,1,0
1812.41,2000.0,0.91,16,7,0,38,0,0,0,0
1961.71,4500.0,0.44,15,11,0,7,0,0,0,0
2925.82,2000.0,1.46,8,3,0,12,1,0,0,0
2868.61,2500.0,1.15,14,25,1,15,0,0,0,0
2114.51,2000.0,1.06,9,2,0,8,0,0,0,0
6949.74,6000.0,1.16,9,10,1,34,0,0,0,0
4399.43,2500.0,1.76,8,16,0,18,0,0,0,0
8816.49,8000.0,1.1,9,4,2,31,0,0,0,0
11471.57,8000.0,1.43,10,7,0,49,0,0,0,0
2946.47,1500.0,1.96,9,14,0,34,0,0,0,0
2776.05,1500.0,1.85,20,17,0,12,1,0,0,0
6507.81,6000.0,1.08,11,13,0,43,0,0,0,0
4088.88,6000.0,0.68,8,6,0,19,0,0,1,0
3538.91,2500.0,1.42,8,19,0,34,0,0,0,0
6542.09,4500.0,1.45,12,1,0,12,0,0,0,0
4627.5,6000.0,0.77,17,21,0,25,0,0,0,0
3202.45,3000.0,1.07,8,11,1,8,0,0,0,0
5472.58,6000.0,0.91,21,23,0,46,0,0,0,0
4636.38,4500.0,1.03,13,8,0,35,0,0,0,0
3616.39,4500.0,0.8,18,13,0,6,0,0,0,0
3196.26,2500.0,1.28,12,5,0,31,0,0,0,0
1655.34,1500.0,1.1,11,15,0,36,0,0,0,0
5328.64,4500.0,1.18,19,11,0,6,0,0,0,0
13081.6,2500.0,5.23,18,15,4,24,1,0,1,0
11247.13,6000.0,1.87,16,23,0,43,0,0,0,0
17016.35,12000.0,1.42,12,3,1,22,0,0,0,0
6099.0,4500.0,1.36,17,24,1,8,0,0,0,0
36471.52,8000.0,4.56,15,2,4,5,1,0,1,0
1323.12,2000.0,0.66,19,24,0,16,0,0,0,0
1819.75,3000.0,0.61,11,21,0,5,0,0,0,0
1320.32,1500.0,0.88,20,3,0,24,0,0,0,0
4567.2,4500.0,1.01,15,18,0,30,0,0,0,0
8655.2,8000.0,1.08,5,6,0,16,0,0,0,0
4474.81,8000.0,0.56,18,26,1,30,0,0,0,0
9036.69,12000.0,0.75,19,8,0,34,0,0,0,0
2401.89,2000.0,1.2,1,7,0,18,0,0,0,0
2482.45,2000.0,1.24,6,17,0,11,0,0,0,0
7543.96,12000.0,0.63,9,10,0,29,0,0,0,0
4722.95,8000.0,0.59,12,14,0,26,0,0,0,0
6160.01,12000.0,0.51,14,24,0,42,0,0,0,0
1848.65,1500.0,1.23,8,6,0,21,0,0,0,0
3196.07,3000.0,1.07,12,20,0,29,0,0,0,0
3191.16,3000.0,1.06,10,21,0,33,0,0,1,0
1681.78,2000.0,0.84,19,15,0,25,0,0,0,0
2591.78,4500.0,0.58,10,4,0,46,0,0,0,0
2868.9,2000.0,1.43,13,18,0,41,0,0,0,0
4824.95,6000.0,0.8,13,5,0,8,0,0,0,0
7560.04,6000.0,1.26,0,14,0,42,0,0,0,0
6909.17,8000.0,0.86,14,7,0,20,0,0,0,0
2539.17,2500.0,1.02,20,10,0,50,0,0,0,0
1011.86,2000.0,0.51,16,26,0,34,1,0,0,0
6948.57,8000.0,0.87,11,24,0,12,0,0,0,0
5980.49,4500.0,1.33,5,18,0,20,0,0,0,0
10343.55,2500.0,4.14,11,21,4,15,1,1,1,0
1407.98,1500.0,0.94,14,11,0,13,0,0,0,0
10075.66,2500.0,4.03,18,20,5,6,0,1,1,0
5150.21,4500.0,1.14,13,23,0,14,0,0,0,0
3378.4,2500.0,1.35,18,11,0,50,0,0,2,0
2280.12,1500.0,1.52,14,2,0,11,0,0,0,0
7491.81,2000.0,3.75,17,22,4,6,1,0,2,0
1566.5,2000.0,0.78,16,22,1,26,0,0,0,0
59156.52,12000.0,4.93,5,13,4,26,1,0,1,0
14981.35,2500.0,5.99,7,3,5,28,1,0,2,0
941.07,1500.0,0.63,7,26,0,44,0,0,0,0
1987.18,2500.0,0.79,15,20,1,17,0,0,0,0
3559.07,3000.0,1.19,19,25,0,34,0,0,0,0
3893.47,2000.0,1.95,21,24,0,18,0,0,0,0
1171.96,1500.0,0.78,18,26,0,11,0,0,0,0
2131.14,3000.0,0.71,15,4,0,27,0,0,0,0
3509.47,2000.0,1.75,23,23,0,12,0,0,0,0
9438.94,8000.0,1.18,19,2,0,30,0,0,0,0
6239.6,8000.0,0.78,20,16,0,49,0,0,0,0
9844.72,8000.0,1.23,20,19,0,26,0,0,0,0
2062.1,1500.0,1.37,18,25,0,38,0,0,0,0
1793.0,1500.0,1.2,15,5,0,11,0,0,0,0
6057.34,6000.0,1.01,21,5,1,18,0,0,0,0
15517.92,12000.0,1.29,2,9,0,33,0,0,0,0
28359.0,12000.0,2.36,15,12,0,7,0,0,0,0
1239.29,2000.0,0.62,13,6,0,14,0,0,0,0
12556.04,12000.0,1.05,3,12,0,50,0,0,0,0
2835.79,2000.0,1.42,19,25,0,44,0,0,0,0
63614.47,12000.0,5.3,14,11,5,28,1,1,1,0
44582.86,12000.0,3.72,7,15,3,42,1,0,2,0
7556.8,12000.0,0.63,18,25,0,15,0,0,0,0
5286.86,6000.0,0.88,11,22,0,25,0,0,0,0
3883.38,6000.0,0.65,11,28,0,28,0,0,0,0
1608.4,1500.0,1.07,17,27,0,40,0,0,0,0
8733.01,8000.0,1.09,14,17,0,5,0,0,0,0
1544.73,1500.0,1.03,12,20,0,42,0,0,0,0
10500.86,12000.0,0.88,18,12,0,7,0,0,1,0
6312.6,6000.0,1.05,18,20,0,18,0,0,0,0
1548.09,3000.0,0.52,17,27,0,15,0,0,0,0
22893.63,4500.0,5.09,10,12,5,13,1,1,1,0
1645.23,2000.0,0.82,10,25,0,28,0,0,0,0
5366.21,4500.0,1.19,17,23,2,25,0,0,2,0
17009.22,12000.0,1.42,3,24,0,38,0,0,0,0
7691.54,8000.0,0.96,8,12,1,34,0,0,0,0
21097.82,12000.0,1.76,7,3,0,18,0,1,0,0
2093.8,2000.0,1.05,8,23,0,45,0,0,0,0
4443.19,3000.0,1.48,6,25,1,9,0,0,0,0
2921.76,6000.0,0.49,10,7,2,11,0,0,1,0
29779.19,8000.0,3.72,12,21,5,38,0,1,1,0
2143.22,2000.0,1.07,13,23,0,46,0,0,0,0
1396.92,1500.0,0.93,21,10,0,49,0,0,0,0
11434.66,3000.0,3.81,14,22,3,40,1,1,1,0
2327.63,2500.0,0.93,7,1,0,20,0,0,0,0
4750.43,4500.0,1.06,17,10,1,13,0,0,1,0
4475.8,4500.0,0.99,7,22,0,45,0,0,0,0
60543.07,12000.0,5.05,21,21,3,29,1,0,2,0
3714.24,2000.0,1.86,17,15,0,46,0,0,0,0
3089.16,3000.0,1.03,15,26,0,22,0,0,0,0
1281.35,2000.0,0.64,12,16,0,19,0,0,0,0
5108.96,8000.0,0.64,21,2,0,22,0,0,0,0
31808.21,6000.0,5.3,20,19,5,31,0,1,1,0
1702.38,1500.0,1.13,11,16,0,32,0,0,0,0
1334.66,3000.0,0.44,11,7,0,37,0,0,0,0
3017.6,4500.0,0.67,11,20,0,7,0,0,0,0
1289.55,2000.0,0.64,18,1,1,36,0,0,1,0
26044.49,2000.0,13.02,1,13,5,24,1,1,2,1
1195.72,1500.0,0.8,13,1,1,42,0,0,1,0
4536.09,6000.0,0.76,14,27,1,17,0,0,0,0
3635.46,2000.0,1.82,8,5,0,42,0,0,0,0
1415.88,2000.0,0.71,16,12,0,44,0,0,0,0
9722.87,2500.0,3.89,17,24,3,13,1,0,1,0
5648.67,8000.0,0.71,12,19,0,17,0,0,0,0
8496.7,4500.0,1.89,8,27,0,42,0,0,0,0
7587.08,6000.0,1.26,16,3,0,41,0,0,0,0
10305.38,8000.0,1.29,8,18,0,29,0,0,0,0
1233.42,2000.0,0.62,20,16,0,18,0,0,1,0
3884.5,3000.0,1.29,7,5,0,9,0,0,0,0
8025.52,6000.0,1.34,9,11,0,47,0,0,0,0
3910.35,6000.0,0.65,6,28,0,45,0,0,0,0
4852.46,4500.0,1.08,19,7,0,36,0,0,0,0
1496.38,2500.0,0.6,16,3,0,5,0,0,0,0
11375.36,8000.0,1.42,9,24,0,37,0,0,0,0
3729.39,3000.0,1.24,15,21,0,50,0,0,0,0
1440.07,1500.0,0.96,17,9,1,41,0,0,0,0
11724.28,3000.0,3.91,14,20,5,49,0,1,1,0
13254.07,12000.0,1.1,11,14,0,16,0,0,0,0
3948.36,2000.0,1.97,18,19,0,50,0,0,0,0
14083.22,12000.0,1.17,16,24,0,31,0,0,0,0
10474.6,12000.0,0.87,17,18,0,41,0,0,0,0
1206.8,1500.0,0.8,13,2,2,13,0,0,0,0
3080.16,3000.0,1.03,10,11,0,20,0,1,0,0
2292.72,2000.0,1.15,13,18,0,32,0,0,0,0
3551.44,3000.0,1.18,17,3,0,32,0,0,0,0
12894.58,6000.0,2.15,7,15,0,20,0,0,0,0
19074.27,4500.0,4.24,6,20,3,13,1,0,1,0
11769.23,12000.0,0.98,5,5,0,40,1,0,0,0
2443.73,3000.0,0.81,10,5,0,41,0,0,0,0
18989.3,12000.0,1.58,7,14,0,32,0,0,2,0
1844.46,2000.0,0.92,13,12,0,19,0,0,0,0
15165.21,12000.0,1.26,9,28,0,30,0,0,1,0
20115.71,12000.0,1.68,11,14,0,38,0,0,0,0
1355.98,2500.0,0.54,18,19,0,48,0,0,0,0
14841.59,2500.0,5.94,14,17,3,39,1,0,2,0
4205.66,8000.0,0.53,9,20,0,9,0,0,0,0
4668.29,8000.0,0.58,15,14,0,20,0,0,0,0
5680.03,8000.0,0.71,22,14,0,36,0,0,0,0
34658.33,8000.0,4.33,9,26,3,37,1,1,2,0
3543.38,8000.0,0.44,12,21,0,44,0,0,0,0
2881.11,4500.0,0.64,13,27,0,22,0,0,2,0
3777.32,3000.0,1.26,9,6,0,22,0,0,0,0
2566.4,1500.0,1.71,10,26,1,30,0,0,0,0
3752.72,4500.0,0.83,20,22,0,31,0,0,0,0
7459.39,4500.0,1.66,18,20,2,43,0,0,0,0
11772.95,8000.0,1.47,22,26,0,30,1,0,0,0
2335.03,3000.0,0.78,8,13,0,46,0,0,0,0
1450.35,2500.0,0.58,9,2,0,47,0,0,0,0
5497.36,8000.0,0.69,22,1,0,47,0,0,0,0
7800.87,12000.0,0.65,15,22,1,26,0,0,0,0
2812.17,3000.0,0.94,8,15,1,17,0,0,0,0
1776.27,4500.0,0.39,14,9,0,15,0,0,0,0
3734.55,3000.0,1.24,12,25,1,41,0,0,0,0
2763.36,2000.0,1.38,13,5,0,42,0,0,0,0
4856.7,4500.0,1.08,21,14,0,34,0,0,0,0
6016.42,2500.0,2.41,18,17,0,39,0,0,0,0
11497.91,12000.0,0.96,5,16,0,48,0,0,0,0
2069.07,3000.0,0.69,13,18,0,35,0,0,1,0
10788.09,8000.0,1.35,12,19,0,25,1,0,0,0
6431.25,8000.0,0.8,15,27,0,30,0,0,0,0
6180.69,12000.0,0.52,20,14,0,7,0,0,1,0
8731.97,2000.0,4.37,10,20,5,39,1,0,1,0
10219.41,2500.0,4.09,8,21,4,34,1,0,0,0
5478.57,4500.0,1.22,23,21,0,20,0,0,0,0
3036.05,2500.0,1.21,19,11,1,38,0,0,0,0
4665.96,2500.0,1.87,13,14,1,33,0,0,1,0
63804.63,12000.0,5.32,13,11,3,26,1,0,1,0
3638.02,3000.0,1.21,19,17,0,14,0,0,2,0
1728.72,2000.0,0.86,16,28,0,29,0,1,0,0
1290.0,1500.0,0.86,8,18,0,27,0,0,0,0
6062.74,12000.0,0.51,9,12,0,42,0,0,0,0
17660.58,3000.0,5.89,7,9,5,12,1,0,1,0
1503.89,1500.0,1.0,13,23,0,28,0,0,0,0
5203.5,6000.0,0.87,11,22,0,16,0,0,0,0
1313.23,3000.0,0.44,20,22,0,48,0,0,2,0
68449.53,12000.0,5.7,13,21,4,11,1,1,1,0
9237.13,8000.0,1.15,11,15,0,40,0,0,0,0
2173.65,2000.0,1.09,11,16,1,23,0,0,1,0
1194.77,2000.0,0.6,13,23,0,39,0,0,0,0
3042.57,3000.0,1.01,13,7,0,11,0,0,0,0
2068.67,2000.0,1.03,11,28,0,24,0,0,1,0
12214.07,8000.0,1.53,4,17,0,37,0,0,0,0
8154.38,8000.0,1.02,6,11,1,24,0,0,0,0
26820.96,6000.0,4.47,12,25,3,49,1,0,1,0
1683.68,2500.0,0.67,18,2,1,34,0,0,0,0
4033.71,6000.0,0.67,16,14,1,47,0,0,0,0
8396.17,6000.0,1.4,10,15,0,42,0,0,0,0
24693.71,12000.0,2.06,15,24,0,42,0,0,0,0
14854.79,8000.0,1.86,19,18,0,35,0,0,1,0
12241.69,12000.0,1.02,13,17,0,21,0,0,0,0
2362.49,2500.0,0.94,13,11,0,35,0,0,0,0
3989.8,6000.0,0.66,10,20,0,45,0,0,0,0
17489.85,12000.0,1.46,17,7,0,42,0,0,0,0
26155.39,2500.0,10.46,2,20,7,41,1,1,2,1
14893.9,12000.0,1.24,13,25,0,36,0,0,0,0
33984.93,1500.0,22.66,21,9,3,36,1,1,2,1
975.82,1500.0,0.65,14,16,0,9,0,0,0,0
14379.13,12000.0,1.2,11,12,0,8,0,0,0,0
3134.78,3000.0,1.04,15,3,0,12,0,0,0,0
3341.73,2500.0,1.34,11,17,0,17,0,0,0,0
6190.16,3000.0,2.06,17,17,0,29,0,0,1,0
2233.81,1500.0,1.49,11,24,0,45,0,0,0,0
13922.43,8000.0,1.74,9,12,0,12,0,0,0,0
2634.11,1500.0,1.76,12,17,1,41,0,0,0,0
2983.31,1500.0,1.99,16,11,0,13,0,0,0,0
12714.69,12000.0,1.06,11,13,0,29,0,0,0,0
3583.59,2500.0,1.43,14,2,0,35,0,1,0,0
6831.68,12000.0,0.57,11,27,0,38,0,0,0,0
19471.13,12000.0,1.62,12,2,0,10,0,0,1,0
5177.98,6000.0,0.86,6,15,0,38,0,0,0,0
920.94,1500.0,0.61,15,22,0,34,0,0,0,0
4463.11,4500.0,0.99,12,10,0,50,0,0,0,0
836.2,1500.0,0.56,10,22,0,28,0,0,1,0
10094.14,2000.0,5.05,11,2,4,39,1,0,0,0
5938.13,4500.0,1.32,15,6,0,39,0,0,0,0
1618.88,2000.0,0.81,21,8,1,22,0,0,0,0
13769.33,8000.0,1.72,13,12,0,40,0,0,0,0
3908.59,4500.0,0.87,18,28,0,22,0,0,0,0
7972.92,1500.0,5.32,18,11,3,42,1,0,1,0
21419.16,6000.0,3.57,9,11,3,17,1,0,1,0
4310.03,8000.0,0.54,8,15,0,29,0,0,0,0
9523.27,12000.0,0.79,20,16,0,22,0,0,0,0
1605.07,2500.0,0.64,9,19,0,34,0,0,0,0
1304.36,2000.0,0.65,13,28,0,38,0,0,1,0
10598.54,8000.0,1.32,11,7,0,23,0,0,1,0
16267.83,3000.0,5.42,9,21,5,20,1,0,2,1
8110.23,6000.0,1.35,11,2,0,49,0,0,0,0
55793.57,12000.0,4.65,12,12,5,22,1,0,0,0
6208.75,4500.0,1.38,17,12,0,13,0,0,1,0
11849.08,12000.0,0.99,2,25,1,38,1,0,2,0
17886.69,12000.0,1.49,17,1,0,13,0,0,1,0
4416.02,2500.0,1.77,13,12,0,5,0,0,0,0
8031.64,8000.0,1.0,10,20,0,49,0,0,1,0
11734.13,8000.0,1.47,9,19,0,49,0,0,0,0
1249.23,3000.0,0.42,18,22,0,38,0,1,0,0
2878.76,3000.0,0.96,10,3,0,35,0,0,0,0
2873.27,2500.0,1.15,8,5,0,43,0,0,1,0
2780.85,6000.0,0.46,15,5,0,10,0,0,0,0
1280.68,1500.0,0.85,8,7,0,7,0,0,0,0
48535.64,12000.0,4.04,8,17,3,21,1,1,1,0
1026.24,1500.0,0.68,11,22,0,45,0,0,1,0
9320.1,4500.0,2.07,13,15,0,24,0,0,0,0
724.7,1500.0,0.48,11,18,0,8,0,0,0,0
7332.04,12000.0,0.61,18,7,0,43,0,0,1,0
11028.9,3000.0,3.68,19,3,5,32,1,0,0,0
4790.15,4500.0,1.06,10,16,0,35,0,0,0,0
18229.32,12000.0,1.52,13,12,0,22,0,0,0,0
1077.8,3000.0,0.36,0,11,0,14,0,0,0,0
1712.08,3000.0,0.57,8,23,0,35,0,0,0,0
7744.7,12000.0,0.65,15,23,0,28,0,0,0,0
7865.16,2000.0,3.93,16,20,5,22,1,0,1,0
14423.85,12000.0,1.2,10,13,0,5,0,0,0,0
18853.67,4500.0,4.19,18,28,3,34,1,0,2,0
7796.65,2000.0,3.9,9,16,3,40,1,0,0,0
5083.3,6000.0,0.85,16,25,0,25,0,0,0,0
8138.6,8000.0,1.02,14,16,0,25,1,0,0,0
8235.52,8000.0,1.03,11,18,0,9,0,0,0,0
56916.6,12000.0,4.74,18,6,5,46,0,1,0,0
1024.37,1500.0,0.68,22,26,1,15,0,0,0,0
13085.5,8000.0,1.64,9,3,0,10,0,0,0,0
3484.34,2000.0,1.74,12,14,0,39,0,0,1,0
9658.15,8000.0,1.21,15,18,0,15,0,0,0,0
8016.62,12000.0,0.67,15,24,1,9,0,0,1,0
11061.95,4500.0,2.46,13,5,0,25,0,0,1,0
13813.81,2500.0,5.53,9,27,3,50,1,0,2,0
5437.88,6000.0,0.91,18,28,0,40,0,0,0,0
1628.98,1500.0,1.09,10,24,0,16,0,0,0,0
25640.84,4500.0,5.7,9,21,3,38,1,0,2,0
9848.71,8000.0,1.23,10,18,0,49,0,0,0,0
5846.86,6000.0,0.97,23,2,0,5,0,0,0,0
3460.98,1500.0,2.31,10,24,1,31,0,0,0,0
4815.01,3000.0,1.61,15,21,0,44,0,0,0,0
4774.3,8000.0,0.6,11,6,0,25,0,0,0,0
1937.99,1500.0,1.29,5,5,0,22,0,0,0,0
3166.53,2000.0,1.58,11,12,0,11,0,0,0,0
7453.22,8000.0,0.93,10,26,0,49,0,0,0,0
8843.55,12000.0,0.74,8,21,0,42,0,0,0,0
1224.1,3000.0,0.41,8,20,0,46,0,0,1,0
4133.25,3000.0,1.38,9,7,0,40,0,0,0,0
5299.7,4500.0,1.18,10,14,0,12,0,0,0,0
7302.67,6000.0,1.22,4,14,0,14,0,0,1,0
3936.46,6000.0,0.66,13,1,0,8,0,0,0,0
8238.19,12000.0,0.69,12,11,0,33,0,0,1,0
13404.5,12000.0,1.12,9,13,0,7,0,0,0,0
9226.84,8000.0,1.15,14,6,0,39,0,0,0,0
7308.18,8000.0,0.91,17,6,1,18,0,0,0,0
4009.1,8000.0,0.5,7,22,0,22,0,0,1,0
14697.16,2500.0,5.88,12,27,4,7,1,1,1,1
3129.0,2000.0,1.56,7,4,1,47,0,0,0,0
3531.93,4500.0,0.78,13,28,0,37,0,0,0,0
8209.25,12000.0,0.68,22,14,0,46,0,0,0,0
7323.63,4500.0,1.63,8,7,0,9,0,0,0,0
748.02,1500.0,0.5,18,16,1,37,0,0,0,0
925.47,2000.0,0.46,18,16,1,34,0,0,1,0
11031.86,8000.0,1.38,15,8,1,45,0,0,0,0
3292.86,4500.0,0.73,12,20,0,7,0,0,1,0
5431.73,3000.0,1.81,10,13,0,7,0,0,0,0
2341.94,2500.0,0.94,11,11,1,44,0,0,0,0
35338.99,6000.0,5.89,19,6,3,27,1,1,0,0
2775.9,3000.0,0.93,13,17,0,34,0,0,1,0
7657.11,8000.0,0.96,13,7,0,32,0,0,0,0
7906.9,6000.0,1.32,16,16,1,12,0,0,0,0
6080.99,1500.0,4.05,16,8,5,24,1,1,0,0
1664.89,4500.0,0.37,21,11,1,17,0,0,1,0
8506.98,12000.0,0.71,14,6,0,21,0,0,0,0
5112.78,8000.0,0.64,9,20,0,45,0,0,1,0
14127.78,2500.0,5.65,5,17,5,10,1,0,0,0
539.1,1500.0,0.36,9,21,0,13,0,0,1,0
7286.24,1500.0,4.86,11,20,5,16,1,1,1,0
1665.76,2000.0,0.83,19,13,0,20,0,0,0,0
63680.46,12000.0,5.31,13,19,3,10,1,1,1,0
4045.55,3000.0,1.35,10,28,0,22,0,0,0,0
7719.02,12000.0,0.64,15,19,0,25,0,0,0,0
105159.71,4000.0,26.29,0,27,3,16,1,1,1,1
10516.31,6000.0,1.75,14,23,0,17,0,0,1,0
17680.44,3000.0,5.89,10,17,4,18,1,0,0,0
6060.06,4500.0,1.35,17,12,0,22,0,0,0,0
1981.43,3000.0,0.66,12,25,1,13,0,0,1,0
2724.21,2000.0,1.36,18,25,0,36,0,0,0,0
10694.12,12000.0,0.89,5,9,0,50,0,0,0,0
11406.82,12000.0,0.95,9,9,0,47,0,0,0,0
1445.0,2000.0,0.72,19,8,0,40,0,0,0,0
2888.26,3000.0,0.96,19,10,0,23,0,0,0,0
3858.88,3000.0,1.29,22,15,2,22,0,0,0,0
1716.6,2500.0,0.69,9,6,0,20,0,0,1,0
4311.96,4500.0,0.96,11,1,0,35,0,0,0,0
57945.31,4000.0,14.49,1,10,7,48,1,1,1,1
11985.8,12000.0,1.0,22,1,1,49,0,0,0,0
2375.37,2000.0,1.19,8,23,0,33,0,0,0,0
3511.53,1500.0,2.34,11,24,0,42,0,0,0,0
1128.77,2000.0,0.56,21,26,0,36,0,0,0,0
10181.74,6000.0,1.7,16,2,0,37,0,0,1,0
2557.09,3000.0,0.85,7,17,0,16,0,0,1,0
3229.77,6000.0,0.54,12,5,0,21,0,0,0,0
92166.51,4000.0,23.04,23,4,8,12,1,1,1,1
3766.37,4500.0,0.84,8,18,0,26,0,0,0,0
2987.96,3000.0,1.0,17,17,0,45,0,0,0,0
1459.5,3000.0,0.49,13,6,0,36,0,0,0,0
3528.54,2500.0,1.41,9,4,0,5,0,0,0,0
10648.79,6000.0,1.77,11,10,0,6,0,0,0,0
3606.04,3000.0,1.2,16,2,0,15,0,0,0,0
26305.82,6000.0,4.38,23,24,3,19,1,1,1,0
9499.5,8000.0,1.19,16,19,0,9,0,0,0,0
1368.6,1500.0,0.91,18,24,0,5,0,0,0,0
1513.07,1500.0,1.01,15,25,0,39,0,0,0,0
7756.01,8000.0,0.97,14,19,0,20,0,0,0,0
5275.48,4500.0,1.17,20,27,0,30,0,0,0,0
70031.72,2500.0,28.01,6,5,5,41,1,1,2,1
2562.66,2000.0,1.28,11,15,0,31,0,0,0,0
15712.07,12000.0,1.31,17,15,0,37,0,0,0,0
8263.16,6000.0,1.38,11,24,0,43,0,0,0,0
923.96,1500.0,0.62,13,12,0,40,0,0,0,0
6817.36,6000.0,1.14,12,28,0,12,0,0,0,0
18037.27,12000.0,1.5,20,19,0,17,0,0,1,0
1853.09,2500.0,0.74,19,13,0,9,0,0,0,0
8935.53,2500.0,3.57,8,10,3,16,1,0,1,0
7458.74,6000.0,1.24,18,18,0,19,0,0,0,0
1602.47,2000.0,0.8,10,13,0,39,0,0,0,0
12952.49,8000.0,1.62,2,5,0,7,0,0,0,0
2246.76,3000.0,0.75,19,12,0,13,0,0,0,0
2317.91,2000.0,1.16,9,7,0,44,0,0,0,0
6257.12,8000.0,0.78,14,22,0,22,0,0,0,0
10655.4,1500.0,7.1,2,3,4,18,1,1,1,1
8940.65,8000.0,1.12,15,24,0,34,0,0,0,0
2198.9,3000.0,0.73,14,11,0,28,0,0,0,0
1209.64,1500.0,0.81,19,3,0,14,0,0,0,0
4224.33,2000.0,2.11,17,25,0,34,0,0,0,0
7146.19,6000.0,1.19,18,25,0,22,0,0,0,0
8788.48,1500.0,5.86,12,13,10,11,1,0,1,1
5693.45,6000.0,0.95,8,28,0,25,0,0,0,0
2791.07,3000.0,0.93,12,15,0,17,0,0,0,0
1199.12,4500.0,0.27,8,8,0,22,0,0,0,0
3067.03,2500.0,1.23,14,13,1,16,0,0,0,0
10303.51,2000.0,5.15,11,20,4,39,1,1,2,0
2741.76,4500.0,0.61,17,24,0,7,0,0,0,0
17413.16,12000.0,1.45,12,16,0,27,0,0,0,0
7088.24,2000.0,3.54,11,15,5,29,0,1,1,0
4177.2,4500.0,0.93,18,7,1,11,0,0,0,0
10677.58,12000.0,0.89,17,17,0,33,0,0,0,0
13476.17,2500.0,5.39,16,22,4,43,0,0,2,0
1483.67,2000.0,0.74,9,14,0,15,0,0,2,0
36764.4,8000.0,4.6,13,6,4,31,1,1,1,0
4013.62,2500.0,1.61,10,16,1,45,0,0,1,0
8830.85,1500.0,5.89,15,1,5,9,1,1,1,0
3070.04,2000.0,1.54,15,18,0,32,0,0,0,0
14907.27,12000.0,1.24,9,20,0,30,0,0,1,0
3116.97,2500.0,1.25,16,13,0,41,0,0,0,0
4207.35,8000.0,0.53,12,16,0,23,0,0,0,0
6303.22,6000.0,1.05,11,1,0,13,0,0,1,0
4933.26,3000.0,1.64,6,12,1,33,0,0,0,0
3165.12,2500.0,1.27,16,12,0,46,0,0,0,0
33805.21,6000.0,5.63,15,8,3,22,1,0,0,0
2581.15,2000.0,1.29,5,28,0,11,0,0,1,0
1451.39,1500.0,0.97,11,8,1,46,0,0,0,0
11775.6,6000.0,1.96,8,1,0,40,0,0,0,0
5133.83,3000.0,1.71,15,14,0,47,0,0,0,0
2773.29,6000.0,0.46,17,14,0,16,0,0,0,0
4639.19,6000.0,0.77,10,3,0,20,0,0,0,0
4777.15,3000.0,1.59,16,20,0,32,0,0,1,0
4690.94,6000.0,0.78,16,14,2,31,0,0,0,0
5108.91,8000.0,0.64,21,15,0,46,0,0,0,0
7019.86,8000.0,0.88,19,8,0,41,0,0,0,0
3368.5,4500.0,0.75,18,15,0,20,0,1,0,0
2311.42,2500.0,0.92,9,8,0,26,0,0,0,0
2122.76,3000.0,0.71,19,16,0,43,0,0,0,0
3568.06,2500.0,1.43,21,24,0,19,0,0,0,0
14043.1,2500.0,5.62,15,20,4,36,0,1,2,0
15799.71,4500.0,3.51,14,10,3,24,0,0,1,0
132400.22,4000.0,33.1,1,11,8,22,1,1,2,1
7821.91,2000.0,3.91,17,6,4,44,1,1,1,0
6783.75,8000.0,0.85,22,14,0,21,0,0,1,0
3187.6,2000.0,1.59,7,28,0,47,0,0,0,0
2840.29,1500.0,1.89,9,3,0,25,0,0,0,0
6964.25,6000.0,1.16,8,8,0,8,0,0,0,0
12224.53,12000.0,1.02,19,5,0,18,0,0,1,0
6786.15,6000.0,1.13,17,22,0,34,0,0,0,0
8942.88,2500.0,3.58,16,10,3,7,1,0,2,0
3411.51,1500.0,2.27,15,3,0,36,0,0,0,0
15964.15,12000.0,1.33,13,3,0,18,0,0,0,0
3081.24,4500.0,0.68,15,2,0,45,0,0,0,0
2997.79,4500.0,0.67,11,13,0,36,0,0,0,0
2506.97,2500.0,1.0,20,12,0,33,0,0,1,0
17488.49,8000.0,2.19,10,25,0,36,0,0,0,0
13195.79,12000.0,1.1,19,13,0,21,0,0,0,0
2313.49,4500.0,0.51,19,1,0,31,0,0,1,0
3001.94,3000.0,1.0,19,24,1,27,0,0,0,0
10335.87,6000.0,1.72,10,15,0,9,0,0,0,0
3741.8,2000.0,1.87,19,9,0,8,0,0,0,0
5071.61,8000.0,0.63,13,24,0,9,0,0,0,0
903.69,3000.0,0.3,20,21,0,9,0,0,0,0
21378.23,12000.0,1.78,8,25,0,34,0,0,0,0
2823.68,3000.0,0.94,15,22,1,20,0,0,0,0
5094.99,3000.0,1.7,7,3,0,12,0,0,0,0
4472.31,3000.0,1.49,10,7,1,28,0,0,0,0
16115.95,4500.0,3.58,14,20,4,41,0,1,0,0
14517.68,2500.0,5.81,10,23,5,49,1,0,1,0
3127.29,2000.0,1.56,5,25,0,37,0,0,0,0
1779.81,2000.0,0.89,11,15,0,7,0,0,0,0
20929.16,4500.0,4.65,10,5,3,21,1,0,1,0
2221.84,2500.0,0.89,19,3,0,16,0,0,0,0
3309.27,2000.0,1.65,17,1,1,24,0,0,0,0
7589.01,4500.0,1.69,19,5,0,30,0,0,0,0
13819.89,12000.0,1.15,10,21,0,50,0,0,0,0
1245.07,1500.0,0.83,16,19,0,49,0,1,0,0
9854.22,4500.0,2.19,8,4,0,31,0,0,1,0
3767.03,2500.0,1.51,19,15,0,33,0,0,0,0
1756.61,3000.0,0.59,8,16,0,26,0,0,0,0
4244.94,6000.0,0.71,17,9,1,50,0,0,0,0
2585.37,3000.0,0.86,17,19,1,5,0,0,0,0
1429.59,2500.0,0.57,10,20,0,49,0,0,0,0
3745.56,2500.0,1.5,20,1,0,36,0,0,0,0
7947.58,8000.0,0.99,11,9,0,42,0,0,0,0
2107.17,2000.0,1.05,10,22,0,9,0,0,0,0
1635.11,3000.0,0.55,13,20,1,25,0,0,0,0
3939.05,6000.0,0.66,14,13,0,16,0,0,0,0
2867.35,8000.0,0.36,16,2,0,7,0,0,0,0
1201.62,2000.0,0.6,18,10,0,42,0,0,1,0
13589.84,12000.0,1.13,9,17,0,49,0,0,0,0
8051.72,6000.0,1.34,6,1,0,36,0,0,0,0
7402.53,6000.0,1.23,21,6,0,49,0,0,0,0
3030.07,4500.0,0.67,21,26,0,50,0,0,0,0
6987.3,6000.0,1.16,16,11,0,41,0,0,0,0
1312.24,1500.0,0.87,10,20,0,10,0,0,0,0
11581.65,2000.0,5.79,10,15,3,8,1,1,1,0
7784.13,12000.0,0.65,11,6,0,9,0,0,0,0
4394.0,3000.0,1.46,12,10,2,36,0,0,0,0
3175.54,3000.0,1.06,4,8,1,9,0,0,0,0
4552.9,8000.0,0.57,17,15,0,17,0,0,0,0
9397.76,8000.0,1.17,9,3,0,16,0,0,0,0
3725.57,4500.0,0.83,14,22,0,28,0,0,0,0
2254.87,2500.0,0.9,9,15,0,21,0,0,0,0
1951.14,3000.0,0.65,15,22,1,29,0,0,0,0
7926.09,8000.0,0.99,17,7,0,47,0,0,0,0
28229.19,6000.0,4.7,15,26,4,11,1,1,0,0
20807.63,4500.0,4.62,12,14,4,12,1,0,1,0
2244.67,4500.0,0.5,12,11,0,49,0,0,0,0
6968.92,8000.0,0.87,11,25,1,23,0,0,0,0
1942.64,3000.0,0.65,12,20,0,43,0,0,0,0
7610.88,8000.0,0.95,18,7,1,49,0,0,0,0
4233.35,6000.0,0.71,13,5,0,39,0,0,0,0
1335.24,2000.0,0.67,13,17,0,8,0,0,0,0
38090.84,8000.0,4.76,12,10,4,30,1,0,1,0
20972.31,4500.0,4.66,17,26,4,26,0,0,0,0
3817.22,3000.0,1.27,11,8,0,13,0,0,0,0
1837.83,2500.0,0.74,19,16,0,45,0,0,1,0
3465.8,2500.0,1.39,21,18,0,26,0,0,0,0
9081.41,8000.0,1.14,11,26,0,22,0,0,0,0
11998.5,12000.0,1.0,11,7,1,9,0,0,0,0
9483.95,12000.0,0.79,16,17,0,50,0,0,0,0
48979.83,12000.0,4.08,13,1,5,40,1,1,1,0
2435.28,1500.0,1.62,13,3,0,31,0,0,0,0
1205.13,1500.0,0.8,10,4,0,25,0,0,1,0
10671.93,12000.0,0.89,14,20,0,46,0,0,0,0
4850.31,4500.0,1.08,13,28,0,38,0,0,0,0
12801.14,3000.0,4.27,19,11,3,18,0,0,2,0
10017.74,6000.0,1.67,15,4,0,47,0,0,0,0
2017.57,2500.0,0.81,12,12,0,27,0,0,0,0
15667.72,12000.0,1.31,13,20,0,32,0,0,0,0
8056.59,6000.0,1.34,11,16,0,46,0,0,0,0
5345.39,3000.0,1.78,16,19,0,11,0,0,2,0
2575.74,2500.0,1.03,14,22,0,40,0,0,0,0
1977.13,2500.0,0.79,10,20,0,41,0,0,0,0
2980.25,4500.0,0.66,15,15,0,18,1,0,0,0
9403.9,4500.0,2.09,13,2,1,26,0,0,0,0
2339.78,4500.0,0.52,12,23,0,33,1,0,0,0
2119.12,4500.0,0.47,15,18,0,40,0,0,0,0
2882.93,1500.0,1.92,12,20,0,25,0,0,1,0
1478.9,2500.0,0.59,19,15,0,5,0,0,0,0
907.57,1500.0,0.61,16,11,0,32,0,0,0,0
3013.63,3000.0,1.0,15,7,1,30,0,0,0,0
5430.4,6000.0,0.91,10,16,0,26,0,0,0,0
12014.77,12000.0,1.0,18,16,0,15,0,0,0,0
1710.28,3000.0,0.57,11,1,0,49,0,0,1,0
15766.57,4500.0,3.5,18,25,4,7,1,0,2,0
7013.63,8000.0,0.88,12,10,0,50,0,0,0,0
8683.86,8000.0,1.09,9,18,0,21,0,0,0,0
5530.56,6000.0,0.92,19,15,0,49,0,0,0,0
6398.96,8000.0,0.8,14,27,0,42,0,0,0,0
922.97,1500.0,0.62,11,3,0,12,0,0,0,0
25931.1,4500.0,5.76,10,12,4,24,1,0,1,0
3201.93,3000.0,1.07,23,28,0,6,0,0,0,0
1003.53,2500.0,0.4,13,26,0,35,0,0,0,0
2756.19,3000.0,0.92,16,24,0,31,0,0,0,0
9206.07,8000.0,1.15,0,10,0,13,0,0,0,0
8293.01,4500.0,1.84,13,6,0,5,0,0,0,0
1593.31,3000.0,0.53,16,17,0,37,0,0,0,0
3443.48,2500.0,1.38,8,7,0,30,0,0,0,0
23652.15,12000.0,1.97,18,24,0,28,0,0,1,0
5968.68,4500.0,1.33,5,17,0,41,0,0,0,0
29999.36,8000.0,3.75,17,20,5,29,0,0,2,0
2533.51,2500.0,1.01,14,12,0,25,0,0,0,0
2491.62,3000.0,0.83,18,19,1,17,0,0,0,0
25928.3,4500.0,5.76,19,17,5,16,1,0,2,0
3829.32,3000.0,1.28,12,14,0,16,0,0,0,0
11377.72,12000.0,0.95,11,12,0,43,0,0,0,0
1041.59,1500.0,0.69,17,23,0,21,0,0,0,0
4413.36,6000.0,0.74,20,17,0,23,0,0,1,0
14118.37,12000.0,1.18,9,3,1,46,0,0,0,0
1201.37,1500.0,0.8,19,7,0,43,0,0,0,0
3644.5,4500.0,0.81,17,8,0,44,0,0,0,0
5219.08,3000.0,1.74,9,21,0,22,0,0,0,0
3730.01,6000.0,0.62,19,7,0,6,0,0,0,0
1315.76,2000.0,0.66,11,16,1,21,0,0,1,0
8549.61,8000.0,1.07,14,21,0,8,1,0,0,0
9562.07,4500.0,2.12,16,23,0,41,0,0,0,0
9779.52,12000.0,0.81,8,4,1,38,0,0,0,0
2608.73,1500.0,1.74,17,15,0,7,0,0,1,0
1751.77,2000.0,0.88,18,17,1,48,0,0,0,0
13413.05,3000.0,4.47,0,6,3,11,1,0,1,0
720.12,1500.0,0.48,10,14,2,35,0,0,0,0
1707.15,2500.0,0.68,9,20,0,39,0,0,0,0
1815.45,2000.0,0.91,8,14,0,11,0,0,0,0
20781.7,4500.0,4.62,12,22,4,28,1,1,2,0
13208.75,2500.0,5.28,15,6,3,23,1,1,1,0
2434.47,3000.0,0.81,20,24,0,38,0,0,0,0
8176.54,12000.0,0.68,18,4,1,42,0,0,0,0
8758.97,6000.0,1.46,16,15,0,27,0,0,0,0
5709.46,3000.0,1.9,18,6,0,13,0,0,0,0
4050.8,8000.0,0.51,17,10,0,22,0,0,1,0
19840.65,3000.0,6.61,17,2,10,7,1,1,2,1
7147.97,12000.0,0.6,17,27,0,5,0,0,0,0
6302.6,8000.0,0.79,19,17,0,34,0,0,0,0
10998.04,12000.0,0.92,18,7,0,12,0,0,0,0
2855.22,2000.0,1.43,15,11,1,14,0,0,0,0
2858.41,6000.0,0.48,11,6,0,22,0,0,1,0
3513.19,2000.0,1.76,22,9,0,32,0,0,1,0
13301.77,8000.0,1.66,19,28,0,26,0,0,0,0
17805.13,4500.0,3.96,16,28,4,48,1,1,2,0
17976.63,3000.0,5.99,12,6,4,48,1,1,2,0
2078.23,2500.0,0.83,10,11,0,46,0,0,0,0
23671.72,1500.0,15.78,2,19,5,29,1,1,2,1
59154.29,3000.0,19.72,4,27,7,26,1,1,2,1
2438.37,1500.0,1.63,13,12,0,38,0,0,0,0
2128.62,1500.0,1.42,10,4,0,38,0,0,0,0
5829.47,6000.0,0.97,10,18,0,33,0,0,0,0
5472.28,3000.0,1.82,17,14,1,40,0,0,0,0
11234.93,12000.0,0.94,11,17,0,21,0,0,0,0
1959.58,2000.0,0.98,14,14,0,35,0,0,0,0
6279.11,4500.0,1.4,15,26,1,27,0,0,0,0
44687.14,12000.0,3.72,12,21,3,21,1,0,1,0
7514.44,6000.0,1.25,8,23,0,48,0,0,0,0
3521.4,3000.0,1.17,10,11,0,24,0,0,0,0
7518.06,6000.0,1.25,15,23,0,43,0,0,0,0
2685.63,3000.0,0.9,14,14,0,7,0,0,0,0
11432.23,3000.0,3.81,18,5,4,26,0,0,2,0
17409.04,3000.0,5.8,9,28,5,17,1,1,1,0
3247.54,6000.0,0.54,14,20,0,25,0,0,0,0
9087.24,8000.0,1.14,10,7,0,40,1,0,0,0
8471.48,1500.0,5.65,9,7,4,14,1,0,2,1
706.94,1500.0,0.47,18,6,0,44,0,0,1,0
36882.07,8000.0,4.61,16,26,5,7,1,0,0,0
5001.74,8000.0,0.63,16,19,0,37,0,0,0,0
1521.05,3000.0,0.51,10,4,0,49,0,0,0,0
1577.44,1500.0,1.05,19,14,0,45,0,0,0,0
11711.65,2000.0,5.86,17,6,11,15,1,0,2,1
10618.61,12000.0,0.88,7,9,0,49,0,0,2,0
23244.78,2000.0,11.62,3,18,8,31,1,1,2,1
1908.42,3000.0,0.64,16,4,0,21,0,0,0,0
995.07,1500.0,0.66,10,1,0,39,0,0,1,0
3373.65,4500.0,0.75,17,15,0,40,0,0,0,0
3365.12,2000.0,1.68,9,13,0,25,0,0,0,0
1547.55,2500.0,0.62,9,15,0,5,0,0,0,0
7681.04,4500.0,1.71,18,19,0,37,0,0,0,0
9159.66,8000.0,1.14,12,14,0,6,0,0,0,0
5015.82,2500.0,2.01,17,9,0,11,0,0,0,0
10702.28,12000.0,0.89,11,18,0,7,0,0,0,0
8849.37,6000.0,1.47,8,8,0,22,0,0,1,0
2336.16,2000.0,1.17,12,4,1,42,0,0,0,0
983.08,3000.0,0.33,9,8,0,26,0,0,1,0
5910.93,6000.0,0.99,13,28,0,16,0,0,0,0
11143.3,12000.0,0.93,12,14,0,30,1,0,0,0
5250.95,8000.0,0.66,14,2,0,28,0,0,0,0
3239.23,2000.0,1.62,18,17,1,38,0,0,0,0
1400.82,3000.0,0.47,14,13,0,40,0,0,0,0
2266.76,1500.0,1.51,19,21,0,41,0,0,2,0
1731.62,1500.0,1.15,13,27,2,44,0,0,0,0
9826.67,8000.0,1.23,17,1,0,22,0,0,1,0
1563.53,1500.0,1.04,14,5,0,21,0,0,0,0
6734.74,4500.0,1.5,11,19,0,12,0,0,1,0
4961.29,4500.0,1.1,11,17,0,14,1,0,0,0
1131.76,2500.0,0.45,17,6,0,10,0,0,1,0
10923.42,8000.0,1.37,18,9,1,25,0,0,0,0
7123.77,6000.0,1.19,10,13,0,16,0,0,0,0
1106.71,1500.0,0.74,0,6,0,25,0,0,0,0
12209.24,3000.0,4.07,8,3,4,19,1,1,1,0
8240.95,2000.0,4.12,8,4,4,19,1,0,1,0
2677.82,2000.0,1.34,10,24,0,45,0,0,0,0
3114.87,3000.0,1.04,17,26,0,35,0,0,0,0
1669.89,1500.0,1.11,10,24,0,42,0,0,0,0
898.07,1500.0,0.6,10,17,0,38,0,0,0,0
1880.38,2000.0,0.94,23,2,0,17,0,0,0,0
3165.96,6000.0,0.53,16,19,0,9,0,0,0,0
1946.13,2500.0,0.78,18,27,0,49,0,0,0,0
25135.01,2500.0,10.05,3,7,6,50,1,1,2,1
2095.86,2500.0,0.84,23,8,0,35,0,0,0,0
2415.52,3000.0,0.81,13,1,1,16,0,0,0,0
1699.79,2500.0,0.68,18,26,0,29,0,0,0,0
822.67,2000.0,0.41,8,26,0,8,0,0,0,0
7822.8,12000.0,0.65,22,13,0,47,0,0,0,0
1391.11,1500.0,0.93,12,25,0,15,0,0,0,0
12181.72,8000.0,1.52,11,10,0,34,0,0,0,0
16371.63,1500.0,10.91,6,10,3,16,1,0,2,1
2170.8,2500.0,0.87,18,1,0,11,0,0,0,0
3111.03,3000.0,1.04,12,13,0,33,0,0,0,0
804.17,2000.0,0.4,19,6,0,50,0,0,0,0
5411.24,6000.0,0.9,16,3,1,43,0,0,0,0
2190.4,1500.0,1.46,10,10,0,19,0,0,0,0
2087.4,3000.0,0.7,19,4,0,43,1,0,0,0
2797.29,1500.0,1.86,12,23,0,23,0,0,0,0
5837.51,8000.0,0.73,15,15,0,32,0,0,0,0
11645.8,12000.0,0.97,21,20,0,14,0,0,0,0
2703.23,4500.0,0.6,9,4,0,7,0,0,0,0
1116.36,1500.0,0.74,19,26,0,18,0,0,0,0
4339.4,6000.0,0.72,12,4,0,34,0,0,0,0
1453.32,1500.0,0.97,16,14,0,48,0,0,0,0
21294.43,4500.0,4.73,15,23,5,43,1,0,2,0
1729.01,2500.0,0.69,7,23,0,19,0,0,0,0
2492.4,3000.0,0.83,16,23,0,30,0,0,1,0
5822.11,12000.0,0.49,16,19,0,48,0,0,0,0
4759.22,2500.0,1.9,14,23,0,49,0,0,0,0
2620.12,4500.0,0.58,19,9,0,14,0,0,0,0
6765.65,12000.0,0.56,19,22,1,29,0,0,0,0
4180.86,8000.0,0.52,21,27,0,16,0,0,0,0
1326.49,1500.0,0.88,9,23,0,43,0,0,0,0
3009.14,6000.0,0.5,16,3,0,10,0,0,0,0
24261.77,12000.0,2.02,19,25,0,45,0,0,0,0
2808.76,3000.0,0.94,16,2,0,50,0,0,0,0
13852.69,12000.0,1.15,16,19,0,40,0,0,0,0
20781.37,4500.0,4.62,10,4,4,7,1,0,1,0
22036.63,4500.0,4.9,11,24,3,45,1,1,1,0
920.7,2000.0,0.46,12,16,0,33,0,0,0,0
9404.93,4500.0,2.09,21,21,0,23,0,0,1,0
46687.43,8000.0,5.84,18,28,5,35,1,0,1,0
13302.68,8000.0,1.66,16,18,0,25,0,0,0,0
1589.99,1500.0,1.06,8,13,0,33,0,0,0,0
2095.22,2000.0,1.05,20,10,0,37,0,0,0,0
5305.28,3000.0,1.77,8,14,0,7,0,0,0,0
6745.85,6000.0,1.12,15,2,2,16,0,0,0,0
1782.51,3000.0,0.59,18,11,0,17,0,0,0,0
3703.31,3000.0,1.23,11,11,0,49,0,0,0,0
2962.75,1500.0,1.98,10,2,0,31,0,0,0,0
2994.11,2000.0,1.5,18,19,0,44,0,0,0,0
2622.65,3000.0,0.87,18,20,0,37,0,0,0,0
4006.39,3000.0,1.34,12,25,1,11,0,0,0,0
13952.39,2500.0,5.58,17,21,5,48,1,1,1,0
5508.55,6000.0,0.92,11,25,0,13,0,0,1,0
3564.41,2000.0,1.78,11,20,0,20,0,0,1,0
40416.22,8000.0,5.05,14,15,3,19,1,0,1,0
2185.07,1500.0,1.46,9,3,0,49,0,0,0,0
3950.11,2500.0,1.58,10,16,0,20,0,0,0,0
1177.86,1500.0,0.79,13,16,0,39,0,0,0,0
18065.38,12000.0,1.51,9,4,0,40,0,0,0,0
13801.35,12000.0,1.15,19,22,0,49,0,0,1,0
11165.21,2500.0,4.47,11,4,4,26,1,0,1,0
2218.03,1500.0,1.48,18,28,0,44,0,0,0,0
2329.0,1500.0,1.55,12,3,2,7,0,0,0,0
15010.61,2000.0,7.51,4,6,5,10,1,0,1,1
29512.77,8000.0,3.69,20,22,4,26,1,0,1,0
2447.22,1500.0,1.63,14,21,0,47,0,0,1,0
2079.76,2000.0,1.04,12,21,0,46,0,0,0,0
29356.91,12000.0,2.45,18,21,0,14,0,0,0,0
4722.81,4500.0,1.05,12,26,0,23,0,0,0,0
2187.75,2000.0,1.09,7,10,0,39,0,0,0,0
1352.96,2000.0,0.68,11,3,0,49,0,0,0,0
11179.01,12000.0,0.93,10,25,1,46,0,0,1,0
3869.12,3000.0,1.29,11,15,0,16,0,0,0,0
1303.71,1500.0,0.87,14,12,0,32,0,0,1,0
8720.45,1500.0,5.81,7,26,4,28,1,0,1,0
2622.37,2000.0,1.31,14,26,0,27,0,0,1,0
2002.77,3000.0,0.67,19,17,0,7,0,0,0,0
1890.25,1500.0,1.26,10,22,0,6,0,0,0,0
2763.41,3000.0,0.92,17,13,0,32,0,0,0,0
6760.99,4500.0,1.5,10,20,0,43,0,0,0,0
7901.25,6000.0,1.32,12,17,0,38,0,0,0,0
3044.92,2000.0,1.52,18,3,0,44,0,0,1,0
2533.71,2500.0,1.01,12,27,0,32,0,0,0,0
10349.47,8000.0,1.29,19,4,0,29,0,0,0,0
8127.52,12000.0,0.68,21,23,0,44,1,0,0,0
14832.36,6000.0,2.47,11,7,0,38,0,0,0,0
1504.41,2000.0,0.75,13,12,0,42,0,0,0,0
29308.01,12000.0,2.44,15,5,0,46,0,0,0,0
8518.54,6000.0,1.42,12,19,1,14,0,0,0,0
7538.4,8000.0,0.94,17,27,0,35,0,0,0,0
1920.21,1500.0,1.28,10,11,0,10,0,0,0,0
3354.94,2500.0,1.34,10,15,1,5,0,0,0,0
1978.33,1500.0,1.32,19,11,0,30,0,0,0,0
2927.27,2000.0,1.46,12,11,0,41,0,0,0,0
62665.71,3000.0,20.89,1,16,8,17,1,1,2,1
1435.74,2000.0,0.72,11,5,0,30,0,0,0,0
5000.29,3000.0,1.67,12,14,1,8,0,0,0,0
3651.86,3000.0,1.22,21,5,0,24,0,0,0,0
2289.95,1500.0,1.53,11,25,0,19,0,0,0,0
1202.8,1500.0,0.8,15,11,0,33,0,0,1,0
1946.91,3000.0,0.65,15,2,0,29,0,0,0,0
1099.91,2000.0,0.55,9,5,0,20,0,0,0,0
5947.12,2500.0,2.38,12,6,0,39,0,0,1,0
13482.31,12000.0,1.12,15,11,1,44,0,0,0,0
13033.5,6000.0,2.17,17,27,0,50,0,0,0,0
8868.86,8000.0,1.11,7,27,0,36,0,0,0,0
1519.66,2000.0,0.76,10,10,0,18,0,0,0,0
1341.02,2000.0,0.67,22,25,1,46,0,0,0,0
17576.26,1500.0,11.72,1,18,7,10,1,1,2,1
4541.59,6000.0,0.76,19,18,0,19,1,0,0,0
21214.76,12000.0,1.77,18,25,0,19,0,0,1,0
8506.66,12000.0,0.71,11,24,0,49,0,0,0,0
17070.79,3000.0,5.69,20,16,3,19,1,0,1,0
41335.53,8000.0,5.17,17,11,3,31,0,0,1,0
2904.9,2000.0,1.45,10,13,0,27,0,0,0,0
1421.91,3000.0,0.47,9,13,0,40,0,0,0,0
28374.63,6000.0,4.73,6,2,3,45,1,1,2,0
2875.81,4500.0,0.64,14,6,1,12,0,0,1,0
3360.31,2000.0,1.68,11,6,0,15,0,0,1,0
5317.3,8000.0,0.66,14,23,0,33,0,0,0,0
2553.43,2500.0,1.02,11,14,0,32,0,0,0,0
8579.65,6000.0,1.43,20,16,0,33,0,0,0,0
6531.54,1500.0,4.35,10,22,4,19,1,0,1,0
19431.24,12000.0,1.62,8,3,0,17,0,0,1,0
2222.01,2500.0,0.89,13,2,1,22,0,0,0,0
16493.67,8000.0,2.06,7,13,0,47,0,0,0,0
2229.76,2500.0,0.89,4,11,0,5,0,0,0,0
3526.36,6000.0,0.59,21,17,0,31,0,0,0,0
2733.87,3000.0,0.91,20,20,0,33,0,0,1,0
1763.11,2500.0,0.71,10,22,0,24,0,0,0,0
5894.64,6000.0,0.98,16,23,1,13,0,0,0,0
1727.59,2500.0,0.69,13,24,0,8,0,0,0,0
2089.89,1500.0,1.39,15,24,0,11,0,0,0,0
1890.03,1500.0,1.26,22,15,0,21,0,0,0,0
2366.48,1500.0,1.58,20,11,0,45,0,0,0,0
3963.49,2000.0,1.98,9,1,0,11,0,0,0,0
7217.24,2000.0,3.61,10,24,5,28,1,1,1,0
3755.02,4500.0,0.83,17,20,0,8,0,0,1,0
4738.67,2500.0,1.9,12,22,0,36,0,0,0,0
6050.45,3000.0,2.02,18,1,0,48,0,0,0,0
4055.35,4500.0,0.9,5,3,0,40,0,0,0,0
3598.92,4500.0,0.8,18,6,1,10,0,0,0,0
12039.4,12000.0,1.0,16,22,0,22,0,0,0,0
1295.9,1500.0,0.86,12,26,0,47,0,0,0,0
9412.72,6000.0,1.57,20,7,0,13,0,0,1,0
11475.62,12000.0,0.96,16,2,0,10,0,0,0,0
2055.92,2000.0,1.03,14,13,0,30,0,0,0,0
3207.96,3000.0,1.07,15,21,0,28,0,0,1,0
2196.97,4500.0,0.49,18,15,0,38,0,0,1,0
9572.01,12000.0,0.8,18,9,0,21,0,0,1,0
18774.94,12000.0,1.56,18,4,0,24,0,0,0,0
1927.08,1500.0,1.28,13,27,0,5,0,0,0,0
2842.59,3000.0,0.95,9,18,0,39,0,0,0,0
70781.56,12000.0,5.9,17,19,5,20,0,1,2,0
4194.95,6000.0,0.7,8,17,0,48,0,0,0,0
2068.25,2000.0,1.03,20,27,0,15,0,0,0,0
8706.25,12000.0,0.73,18,15,0,8,0,0,2,0
1496.2,3000.0,0.5,8,9,0,12,0,0,0,0
2117.26,1500.0,1.41,17,26,0,29,0,0,1,0
3503.79,2500.0,1.4,18,15,0,28,0,0,0,0
8023.2,1500.0,5.35,20,21,3,6,1,1,2,1
21794.54,4500.0,4.84,10,28,4,10,1,1,1,0
11305.42,2500.0,4.52,19,25,3,46,1,1,1,0
2461.03,2000.0,1.23,10,28,0,19,0,0,0,0
14737.51,3000.0,4.91,22,22,6,43,1,0,2,1
5089.8,4500.0,1.13,7,15,0,30,0,0,0,0
8164.08,6000.0,1.36,19,13,2,37,0,0,0,0
27911.13,6000.0,4.65,23,28,5,15,0,1,1,0
3982.58,3000.0,1.33,12,22,0,38,0,0,0,0
5478.54,8000.0,0.68,18,6,0,44,0,0,0,0
3633.22,6000.0,0.61,16,11,0,12,0,0,0,0
7273.93,6000.0,1.21,13,13,0,50,0,0,0,0
8622.27,12000.0,0.72,0,1,0,6,0,0,0,0
22902.74,4500.0,5.09,10,26,3,14,0,0,2,0
11660.05,6000.0,1.94,7,17,0,35,0,0,0,0
14889.28,8000.0,1.86,9,6,0,44,0,0,0,0
18169.97,12000.0,1.51,9,14,0,11,0,0,0,0
7576.56,4500.0,1.68,20,25,0,28,0,0,0,0
10316.01,6000.0,1.72,23,10,0,37,0,0,0,0
9515.87,12000.0,0.79,14,3,0,41,0,0,0,0
4371.5,4500.0,0.97,16,28,0,9,0,0,0,0
1604.45,1500.0,1.07,23,11,0,42,0,0,0,0
2301.31,2500.0,0.92,8,25,0,41,0,0,0,0
988.89,1500.0,0.66,22,24,0,10,0,0,0,0
77747.29,4000.0,19.44,3,2,8,32,1,1,2,1
18542.42,4500.0,4.12,19,20,5,7,1,1,2,0
7787.34,4500.0,1.73,20,28,1,47,0,0,0,0
1489.01,3000.0,0.5,8,10,0,24,0,0,0,0
13843.68,12000.0,1.15,12,12,0,45,0,0,0,0
11095.12,12000.0,0.92,14,10,0,40,0,0,0,0
10434.09,6000.0,1.74,11,16,0,29,1,0,0,0
8195.09,1500.0,5.46,11,5,3,26,1,1,0,0
10017.45,8000.0,1.25,18,1,0,28,0,0,0,0
4125.09,3000.0,1.38,8,19,1,41,0,0,0,0
2822.42,2500.0,1.13,18,21,0,30,0,0,0,0
2259.29,1500.0,1.51,10,9,1,34,0,0,0,0
1916.39,2000.0,0.96,19,21,0,46,0,0,0,0
1056.16,1500.0,0.7,18,10,0,5,0,0,1,0
3548.94,3000.0,1.18,9,3,0,35,0,0,0,0
3527.87,2000.0,1.76,18,19,1,19,0,0,0,0
6035.13,8000.0,0.75,16,9,0,31,0,0,1,0
5079.62,6000.0,0.85,13,3,1,21,0,0,0,0
785.09,1500.0,0.52,12,16,0,43,0,0,0,0
1920.88,2500.0,0.77,15,14,0,9,0,0,0,0
1981.11,1500.0,1.32,19,20,0,42,0,0,0,0
2100.91,3000.0,0.7,11,21,0,22,0,0,0,0
3344.21,4500.0,0.74,6,10,0,23,1,0,0,0
11593.1,8000.0,1.45,0,23,0,48,0,0,0,0
2224.08,4500.0,0.49,11,10,0,50,0,0,1,0
4566.92,4500.0,1.01,12,8,0,37,0,0,0,0
3747.86,2500.0,1.5,16,3,0,32,0,0,0,0
9902.43,8000.0,1.24,22,12,1,44,0,0,0,0
2666.85,3000.0,0.89,13,15,1,41,0,0,0,0
3085.43,3000.0,1.03,14,8,0,28,0,0,0,0
1431.85,2000.0,0.72,23,27,1,45,0,0,0,0
9553.62,6000.0,1.59,16,27,0,42,0,0,1,0
3274.62,6000.0,0.55,18,12,0,27,0,0,0,0
1487.3,2500.0,0.59,14,2,0,29,0,0,0,0
12427.5,6000.0,2.07,20,7,0,27,0,0,0,0
1973.65,4500.0,0.44,15,1,0,27,0,0,2,0
12643.7,8000.0,1.58,0,5,0,49,0,0,0,0
9068.85,4500.0,2.02,13,28,0,29,0,0,1,0
662.36,1500.0,0.44,19,14,0,37,0,0,0,0
4326.44,6000.0,0.72,18,14,1,29,0,0,0,0
11533.23,12000.0,0.96,22,17,0,16,0,0,0,0
2742.83,2500.0,1.1,19,20,0,34,0,0,0,0
10967.83,8000.0,1.37,15,19,0,48,0,0,0,0
987.58,1500.0,0.66,5,18,0,10,0,0,0,0
16488.45,12000.0,1.37,14,2,0,44,0,1,1,0
5896.64,3000.0,1.97,7,4,0,8,0,0,1,0
1267.49,1500.0,0.84,11,17,1,8,0,0,0,0
4347.96,6000.0,0.72,18,1,1,11,0,0,1,0
17382.59,3000.0,5.79,9,26,3,48,0,1,1,0
18205.94,4500.0,4.05,10,19,3,23,1,0,1,0
8496.84,6000.0,1.42,10,9,0,16,0,0,0,0
10862.48,8000.0,1.36,18,20,0,12,0,0,0,0
15488.57,3000.0,5.16,18,10,5,36,1,1,0,0
10271.6,12000.0,0.86,11,2,0,10,0,0,0,0
8412.6,2000.0,4.21,18,4,4,33,1,1,1,0
1983.98,1500.0,1.32,19,25,0,36,0,0,0,0
11218.01,12000.0,0.93,10,8,0,43,0,0,0,0
844.33,1500.0,0.56,18,19,0,6,0,0,0,0
46881.0,8000.0,5.86,17,11,3,45,1,0,2,0
152891.48,4000.0,38.22,18,15,3,47,1,0,0,1
3205.96,3000.0,1.07,12,23,0,35,0,0,1,0
6035.49,8000.0,0.75,7,16,0,21,0,0,0,0
3899.79,2500.0,1.56,16,11,0,11,0,0,0,0
4975.39,6000.0,0.83,18,12,0,25,0,1,0,0
2880.99,3000.0,0.96,17,8,0,16,0,0,0,0
4993.02,6000.0,0.83,10,12,0,33,0,0,1,0
1513.57,1500.0,1.01,13,26,0,15,0,0,0,0
25199.59,12000.0,2.1,17,16,0,29,0,0,0,0
11187.18,12000.0,0.93,19,15,0,14,0,0,0,0
2553.23,1500.0,1.7,9,18,0,12,0,0,0,0
1735.35,1500.0,1.16,22,13,0,14,0,0,0,0
7663.34,8000.0,0.96,19,18,0,49,0,0,0,0
11744.42,3000.0,3.91,19,20,4,41,0,0,0,0
64847.31,2500.0,25.94,10,16,4,50,1,1,1,1
14457.16,2500.0,5.78,12,10,4,36,1,1,0,0
8844.16,6000.0,1.47,10,17,0,19,0,0,0,0
2022.35,3000.0,0.67,10,3,0,46,0,1,0,0
882.89,1500.0,0.59,20,16,0,17,0,0,1,0
3027.22,1500.0,2.02,18,6,0,43,0,0,0,0
2108.01,2000.0,1.05,12,10,0,26,0,0,0,0
18412.23,3000.0,6.14,0,20,6,28,1,1,2,1
3398.72,4500.0,0.76,8,15,2,46,0,0,0,0
14320.72,2500.0,5.73,8,19,3,18,0,0,2,0
5224.08,6000.0,0.87,16,23,1,44,0,0,0,0
852.14,2000.0,0.43,17,5,0,19,0,0,0,0
9914.25,2000.0,4.96,13,11,5,21,1,0,1,0
6620.71,6000.0,1.1,12,3,0,42,1,0,0,0
15485.12,3000.0,5.16,10,12,5,37,1,0,1,1
3244.73,2500.0,1.3,16,8,0,48,0,0,0,0
3109.94,4500.0,0.69,17,27,1,6,0,0,0,0
2252.34,2500.0,0.9,16,16,0,19,0,0,1,0
4106.36,3000.0,1.37,15,21,0,44,1,0,0,0
46734.67,12000.0,3.89,22,23,5,46,1,0,0,0
1774.33,2000.0,0.89,18,2,0,6,0,0,0,0
6623.16,3000.0,2.21,22,23,0,5,0,0,0,0
2086.49,1500.0,1.39,8,25,0,40,0,0,0,0
1772.18,2000.0,0.89,7,18,1,47,0,0,0,0
2820.95,2500.0,1.13,11,4,0,5,0,0,0,0
5881.17,4500.0,1.31,15,25,0,45,0,0,0,0
8888.91,8000.0,1.11,10,11,0,8,1,0,0,0
43499.29,8000.0,5.44,12,15,5,18,1,0,0,0
5814.91,4500.0,1.29,9,17,0,26,0,0,0,0
1663.34,1500.0,1.11,13,23,0,24,0,0,0,0
18950.96,4500.0,4.21,19,24,4,11,0,0,1,0
17860.53,3000.0,5.95,16,22,5,41,0,1,2,0
67019.85,2000.0,33.51,19,28,5,47,1,1,2,1
38887.28,8000.0,4.86,16,18,4,21,1,0,0,0
4467.03,4500.0,0.99,19,10,0,26,0,0,0,0
2541.08,3000.0,0.85,8,15,1,33,0,0,0,0
14534.75,8000.0,1.82,8,16,0,7,0,0,0,0
6237.37,4500.0,1.39,9,23,1,24,0,0,0,0
1560.52,2000.0,0.78,14,24,0,6,0,0,0,0
1680.71,2000.0,0.84,20,1,0,35,0,0,0,0
2327.83,1500.0,1.55,19,6,1,32,0,0,0,0
8975.69,8000.0,1.12,18,11,0,23,0,0,0,0
33402.13,6000.0,5.57,11,7,4,10,1,0,0,0
1989.86,2500.0,0.8,10,26,0,5,0,0,1,0
9839.41,12000.0,0.82,13,21,0,7,0,0,0,0
3229.53,4500.0,0.72,12,28,0,43,1,0,0,0
1427.38,2500.0,0.57,12,6,0,14,0,0,1,0
8977.52,6000.0,1.5,11,17,0,17,0,0,0,0
1885.08,1500.0,1.26,2,14,0,30,0,0,0,0
1871.34,2000.0,0.94,0,23,0,30,0,0,0,0
2419.65,4500.0,0.54,10,18,0,30,0,0,1,0
4613.82,3000.0,1.54,17,12,0,27,0,0,0,0
12310.69,2500.0,4.92,16,24,5,10,1,0,1,1
4957.45,4500.0,1.1,18,5,0,33,0,0,1,0
9542.01,12000.0,0.8,17,13,0,27,0,0,0,0
2497.54,1500.0,1.67,10,16,0,45,0,0,0,0
7604.19,1500.0,5.07,20,27,4,39,1,1,2,0
3477.12,3000.0,1.16,20,5,0,16,0,0,0,0
4702.43,12000.0,0.39,13,15,1,24,0,0,0,0
2543.17,3000.0,0.85,11,28,1,28,0,0,0,0
1044.71,2000.0,0.52,14,5,0,15,0,0,0,0
1819.17,2000.0,0.91,18,5,0,46,0,0,0,0
1821.37,4500.0,0.4,11,26,0,49,0,0,0,0
2578.09,2500.0,1.03,8,21,0,49,0,0,0,0
2219.91,1500.0,1.48,10,5,0,29,0,0,0,0
17001.23,12000.0,1.42,9,27,0,44,0,0,1,0
2531.07,3000.0,0.84,5,4,1,23,0,0,0,0
1942.24,1500.0,1.29,9,13,0,29,0,0,1,0
2648.67,2500.0,1.06,15,19,0,50,0,0,0,0
4761.11,6000.0,0.79,11,17,0,47,0,0,0,0
1517.81,3000.0,0.51,9,21,0,31,0,0,0,0
14211.34,12000.0,1.18,13,2,0,25,0,0,0,0
14111.98,2500.0,5.64,9,21,3,50,0,0,0,0
1717.64,2000.0,0.86,18,26,0,16,0,0,1,0
2457.26,1500.0,1.64,15,27,0,21,0,0,0,0
1842.66,2000.0,0.92,21,18,0,11,0,0,0,0
7082.74,6000.0,1.18,18,5,0,28,0,0,0,0
10266.26,3000.0,3.42,7,8,6,46,0,1,2,1
7641.28,6000.0,1.27,17,18,0,40,0,1,0,0
5237.31,6000.0,0.87,23,17,1,24,0,0,0,0
10519.69,8000.0,1.31,16,15,0,19,0,0,0,0
5048.85,3000.0,1.68,23,4,0,19,0,0,0,0
1365.21,2000.0,0.68,13,1,0,6,0,0,0,0
717.29,1500.0,0.48,12,20,1,33,0,0,0,0
2461.8,3000.0,0.82,17,20,0,24,0,0,1,0
2913.17,4500.0,0.65,18,1,0,49,0,0,0,0
3919.44,2500.0,1.57,9,7,0,41,0,0,0,0
8173.19,8000.0,1.02,8,3,0,36,0,0,0,0
2084.34,2000.0,1.04,10,14,0,23,0,0,0,0
5530.35,4500.0,1.23,18,5,0,11,0,0,1,0
1543.16,2000.0,0.77,14,24,0,24,0,0,0,0
2920.62,2000.0,1.46,11,17,0,47,0,0,0,0
1978.18,2500.0,0.79,17,11,0,24,0,0,0,0
766.42,1500.0,0.51,4,15,0,39,0,0,2,0
4957.45,6000.0,0.83,15,25,0,17,0,1,0,0
15789.86,12000.0,1.32,8,28,0,21,0,0,0,0
4501.12,4500.0,1.0,10,1,1,21,0,0,0,0
3770.61,2000.0,1.89,15,9,1,50,0,0,0,0
25392.99,4500.0,5.64,11,5,3,12,1,0,1,0
3210.46,8000.0,0.4,12,26,0,12,0,0,0,0
13023.84,12000.0,1.09,12,6,0,16,0,0,1,0
5501.18,8000.0,0.69,16,16,0,11,0,0,0,0
7977.75,12000.0,0.66,12,23,2,33,0,0,0,0
2415.86,3000.0,0.81,10,16,0,47,0,0,0,0
15155.91,8000.0,1.89,22,26,1,15,0,0,0,0
16700.54,12000.0,1.39,16,11,0,48,0,0,0,0
4626.09,6000.0,0.77,12,17,0,25,0,0,0,0
6027.42,4500.0,1.34,17,7,1,34,0,0,0,0
13601.19,2500.0,5.44,13,2,4,23,1,0,1,0
11959.78,12000.0,1.0,16,27,2,18,0,0,0,0
9703.4,12000.0,0.81,9,7,0,45,1,0,2,0
3798.15,3000.0,1.27,11,12,1,13,0,0,0,0
4572.21,2500.0,1.83,12,2,0,10,0,0,0,0
2002.15,2000.0,1.0,15,21,0,6,1,0,0,0
5875.66,4500.0,1.31,18,7,0,31,0,0,0,0
3252.21,2500.0,1.3,20,5,0,45,0,0,0,0
1929.32,2000.0,0.96,9,23,0,31,0,0,0,0
25194.98,12000.0,2.1,8,20,0,17,0,0,0,0
3855.62,6000.0,0.64,10,3,1,31,0,0,0,0
7896.87,4500.0,1.75,16,1,1,36,0,0,0,0
3159.67,3000.0,1.05,16,16,0,45,0,0,0,0
3637.34,3000.0,1.21,12,24,0,16,0,0,0,0
1797.58,4500.0,0.4,18,13,1,9,0,0,0,0
3179.12,3000.0,1.06,10,11,0,22,0,0,0,0
11651.87,2000.0,5.83,14,22,4,49,1,0,1,1
11065.71,2000.0,5.53,13,3,4,20,1,1,0,0
5067.63,2500.0,2.03,12,20,0,14,0,0,0,0
3341.12,2500.0,1.34,20,27,0,26,0,0,0,0
12391.83,12000.0,1.03,23,23,0,19,0,0,0,0
3711.62,6000.0,0.62,19,18,0,11,0,0,0,0
4541.01,6000.0,0.76,10,4,0,29,0,0,1,0
6451.44,6000.0,1.08,17,6,1,31,0,0,0,0
4664.46,4500.0,1.04,16,5,0,10,0,0,1,0
3732.59,6000.0,0.62,16,20,1,19,0,0,0,0
7654.69,8000.0,0.96,14,7,0,22,0,0,0,0
1237.22,1500.0,0.82,19,14,0,23,0,0,0,0
8887.51,8000.0,1.11,9,15,0,21,0,0,0,0
23652.36,3000.0,7.88,15,23,10,47,1,1,2,1
9326.01,12000.0,0.78,13,18,0,33,0,0,0,0
11211.59,2000.0,5.61,9,21,5,33,0,1,0,0
8967.28,2000.0,4.48,12,15,4,46,0,1,1,0
7621.93,8000.0,0.95,16,16,0,13,0,0,0,0
1496.99,2000.0,0.75,7,3,0,16,0,0,1,0
5710.88,6000.0,0.95,18,7,1,37,0,0,0,0
4568.5,4500.0,1.02,11,18,0,25,0,0,1,0
1290.63,2000.0,0.65,16,11,0,20,0,0,1,0
952.25,1500.0,0.63,7,18,0,46,0,0,0,0
938.79,1500.0,0.63,12,6,0,16,0,0,0,0
8560.96,8000.0,1.07,10,6,1,35,0,0,0,0
10729.65,2500.0,4.29,0,3,3,47,1,0,1,0
959.68,1500.0,0.64,11,19,0,8,0,0,0,0
6317.55,6000.0,1.05,12,18,0,44,0,0,0,0
4352.24,4500.0,0.97,17,12,1,49,0,0,0,0
1610.49,2500.0,0.64,22,6,0,43,0,0,1,0
4946.92,4500.0,1.1,12,10,0,44,0,0,0,0
33971.16,1500.0,22.65,11,14,5,15,1,0,1,1
52511.57,12000.0,4.38,12,26,5,45,1,0,1,0
2405.94,2000.0,1.2,20,5,0,40,0,0,1,0
3909.75,2500.0,1.56,16,7,0,9,0,0,0,0
1787.33,2500.0,0.71,16,5,1,42,0,0,0,0
793.43,1500.0,0.53,8,6,1,24,0,0,0,0
7718.65,8000.0,0.96,14,8,0,29,0,0,1,0
2052.39,2500.0,0.82,6,8,0,7,0,0,0,0
16459.91,12000.0,1.37,11,25,0,17,0,0,1,0
15836.44,12000.0,1.32,18,22,0,8,0,0,0,0
9335.24,12000.0,0.78,21,19,0,33,0,0,0,0
5790.6,8000.0,0.72,12,11,0,35,0,0,0,0
2421.88,3000.0,0.81,5,7,0,50,0,0,0,0
2164.74,2500.0,0.87,19,7,0,45,0,0,0,0
1479.2,3000.0,0.49,13,8,0,32,0,0,0,0
10783.06,2000.0,5.39,6,16,3,5,1,1,0,0
13984.59,2500.0,5.59,18,1,5,37,0,1,2,0
1515.86,2000.0,0.76,10,11,0,22,0,0,0,0
2016.06,1500.0,1.34,20,18,0,6,0,0,1,0
3530.08,2500.0,1.41,5,7,0,24,0,0,0,0
3936.39,4500.0,0.87,11,24,0,11,0,0,0,0
903.85,1500.0,0.6,22,8,0,50,0,0,0,0
2041.13,2500.0,0.82,0,6,0,10,0,0,0,0
767.14,1500.0,0.51,15,1,0,41,0,0,0,0
6168.5,8000.0,0.77,10,26,0,12,1,0,0,0
9276.88,8000.0,1.16,23,22,0,45,0,0,0,0
8379.68,8000.0,1.05,23,9,1,30,0,0,0,0
1453.34,2000.0,0.73,10,18,0,21,0,0,0,0
1767.18,2500.0,0.71,7,11,0,42,1,0,0,0
114266.19,3000.0,38.09,5,1,3,31,1,1,0,1
2795.22,2000.0,1.4,10,1,0,40,0,0,0,0
2536.93,2000.0,1.27,17,4,0,29,0,0,0,0
11247.91,8000.0,1.41,11,26,0,8,0,0,0,0
1960.89,3000.0,0.65,16,18,0,23,0,0,0,0
2895.45,2000.0,1.45,13,5,0,50,0,0,1,0
3030.94,2500.0,1.21,12,26,0,44,0,0,0,0
5103.96,4500.0,1.13,11,2,0,42,0,0,0,0
18181.55,12000.0,1.52,8,23,1,19,0,1,1,0
7380.8,6000.0,1.23,12,19,0,26,0,0,0,0
8466.14,6000.0,1.41,17,7,0,39,0,0,0,0
1604.42,1500.0,1.07,14,6,0,30,0,0,0,0
1336.37,1500.0,0.89,23,25,0,42,0,0,0,0
839.04,1500.0,0.56,8,19,0,14,0,0,0,0
2551.84,3000.0,0.85,17,20,0,8,0,0,0,0
2470.09,2500.0,0.99,9,15,0,25,0,0,0,0
17480.26,3000.0,5.83,18,22,5,41,1,1,2,0
10697.32,12000.0,0.89,17,6,0,24,0,0,0,0
9327.64,8000.0,1.17,15,23,0,39,0,0,0,0
3082.39,3000.0,1.03,16,20,0,7,0,0,0,0
2303.98,3000.0,0.77,11,27,0,11,0,0,1,0
3650.35,2000.0,1.83,13,27,0,42,0,0,0,0
1595.89,2500.0,0.64,15,2,2,47,0,0,0,0
27926.14,6000.0,4.65,8,2,3,28,0,1,1,0
12874.44,8000.0,1.61,8,20,0,19,0,0,0,0
3480.89,4500.0,0.77,18,14,0,46,0,0,2,0
12465.06,2500.0,4.99,18,25,3,48,1,1,2,1
3676.67,3000.0,1.23,10,14,0,40,0,0,0,0
8439.53,6000.0,1.41,22,11,0,26,0,0,0,0
14449.19,3000.0,4.82,11,2,5,28,1,1,2,0
2406.16,2500.0,0.96,18,9,0,49,0,0,0,0
2182.1,2500.0,0.87,7,14,0,25,0,0,1,0
3860.49,6000.0,0.64,5,17,0,32,1,0,0,0
1509.38,1500.0,1.01,15,4,0,32,0,0,0,0
4961.59,8000.0,0.62,11,13,0,11,0,0,0,0
4236.36,4500.0,0.94,15,9,0,20,0,0,2,0
8270.44,4500.0,1.84,18,10,0,10,0,0,0,0
1492.94,1500.0,1.0,18,7,0,29,1,0,0,0
4298.37,6000.0,0.72,16,14,0,6,0,0,0,0
2033.75,2500.0,0.81,15,6,0,25,0,0,0,0
4074.94,2000.0,2.04,13,19,0,47,0,0,0,0
2721.14,2500.0,1.09,9,26,0,41,0,0,0,0
7166.66,6000.0,1.19,13,2,0,28,0,0,0,0
67290.67,12000.0,5.61,7,17,5,40,0,0,1,0
3732.44,3000.0,1.24,9,12,0,21,0,0,0,0
5346.76,8000.0,0.67,11,11,0,37,0,0,0,0
13442.86,8000.0,1.68,10,4,0,18,0,0,0,0
9816.41,6000.0,1.64,9,11,0,38,0,0,0,0
27957.95,12000.0,2.33,7,21,0,32,0,1,0,0
4771.26,4500.0,1.06,19,22,0,19,0,0,0,0
5507.4,3000.0,1.84,9,18,2,39,0,0,0,0
1614.06,1500.0,1.08,21,24,0,25,0,0,0,0
1142.38,1500.0,0.76,7,11,0,39,0,0,0,0
7592.73,12000.0,0.63,12,1,0,29,0,0,0,0
45692.08,12000.0,3.81,7,21,4,21,1,0,1,0
12498.34,12000.0,1.04,10,2,1,40,0,0,0,0
12944.09,6000.0,2.16,17,5,0,20,0,0,0,0
1436.31,2500.0,0.57,10,9,0,20,0,0,0,0
25193.62,12000.0,2.1,17,19,0,11,0,0,0,0
6462.22,12000.0,0.54,10,4,0,25,0,0,0,0
3274.62,4500.0,0.73,10,12,0,25,0,0,1,0
11368.03,2500.0,4.55,15,9,5,38,1,1,1,0
8775.31,1500.0,5.85,21,28,4,9,0,0,0,0
7086.22,8000.0,0.89,20,12,0,29,0,0,0,0
2674.98,1500.0,1.78,12,11,0,48,0,0,0,0
1879.73,2500.0,0.75,16,21,0,11,0,0,0,0
2514.19,3000.0,0.84,17,13,0,41,0,0,0,0
14854.15,12000.0,1.24,14,20,0,36,0,0,0,0
22398.34,6000.0,3.73,11,9,4,39,1,1,1,0
3342.68,4500.0,0.74,15,15,0,5,0,0,0,0
9278.33,12000.0,0.77,16,6,0,8,0,0,0,0
1103.6,1500.0,0.74,10,7,0,29,0,0,0,0
23843.02,4000.0,5.96,21,25,3,14,1,0,1,1
3669.5,4500.0,0.82,12,17,0,22,0,0,0,0
6020.15,6000.0,1.0,18,23,1,5,0,0,0,0
9228.33,2500.0,3.69,8,17,3,11,0,0,1,0
2954.24,2000.0,1.48,19,1,0,50,0,0,2,0
1910.33,3000.0,0.64,0,10,0,35,0,0,0,0
11763.57,12000.0,0.98,12,13,1,28,0,0,1,0
2112.61,2500.0,0.85,9,10,0,23,0,0,0,0
26014.99,12000.0,2.17,8,11,0,18,0,0,1,0
4010.94,6000.0,0.67,9,16,0,12,0,0,0,0
2807.95,3000.0,0.94,14,16,0,37,0,0,0,0
2492.94,2500.0,1.0,9,10,0,47,0,0,0,0
10233.45,8000.0,1.28,23,15,0,30,0,0,1,0
4368.5,2500.0,1.75,15,2,0,12,0,0,0,0
1278.93,2500.0,0.51,11,3,0,5,0,0,0,0
2533.54,2500.0,1.01,11,15,0,44,0,0,0,0
2166.32,3000.0,0.72,15,13,0,21,0,0,0,0
2817.68,2000.0,1.41,9,10,0,29,0,0,0,0
7587.2,8000.0,0.95,15,24,0,23,0,0,0,0
5115.35,8000.0,0.64,15,1,0,8,0,0,0,0
1265.12,1500.0,0.84,13,6,0,23,0,0,0,0
1546.44,2000.0,0.77,16,27,0,19,0,0,0,0
4637.56,6000.0,0.77,18,28,0,44,0,0,1,0
3890.34,3000.0,1.3,10,1,0,46,0,0,0,0
2989.3,2500.0,1.2,16,26,0,38,0,0,0,0
4228.89,4500.0,0.94,12,15,0,25,0,0,0,0
6830.48,4500.0,1.52,16,11,1,15,0,0,0,0
2453.82,3000.0,0.82,12,12,0,27,0,0,0,0
13183.86,12000.0,1.1,15,26,0,48,0,0,0,0
5524.44,6000.0,0.92,10,23,0,12,0,0,0,0
1659.47,3000.0,0.55,18,3,1,38,0,0,0,0
23705.25,4500.0,5.27,23,24,4,28,0,0,1,0
3305.3,3000.0,1.1,9,27,0,18,0,0,0,0
5854.91,8000.0,0.73,13,28,0,14,0,0,0,0
47596.46,8000.0,5.95,16,14,4,32,1,1,1,0
2030.45,1500.0,1.35,13,28,0,33,0,0,0,0
8023.05,6000.0,1.34,11,26,0,20,0,0,0,0
6480.58,4500.0,1.44,11,3,1,19,1,0,1,0
2127.23,3000.0,0.71,6,23,0,34,0,0,0,0
6033.82,4500.0,1.34,5,14,0,34,0,0,0,0
1673.14,1500.0,1.12,9,24,0,32,0,0,1,0
21800.16,12000.0,1.82,18,5,0,14,0,0,0,0
6264.69,1500.0,4.18,13,10,5,40,1,0,1,0
2801.09,3000.0,0.93,21,12,0,17,0,0,0,0
8424.62,12000.0,0.7,18,28,0,21,0,0,0,0
2914.87,2500.0,1.17,13,9,0,46,0,0,0,0
2969.31,4500.0,0.66,15,28,0,24,0,0,0,0
3712.53,4500.0,0.83,18,26,0,31,0,0,1,0
7754.14,1500.0,5.17,13,21,3,31,1,0,1,0
3836.88,3000.0,1.28,17,25,0,8,0,0,0,0
2873.87,2000.0,1.44,17,16,0,45,0,0,0,0
2514.63,1500.0,1.68,19,6,0,25,0,0,0,0
4768.87,4500.0,1.06,11,4,0,24,0,0,0,0
2272.28,3000.0,0.76,13,24,1,34,0,0,0,0
13740.66,8000.0,1.72,20,5,0,7,0,0,0,0
1880.55,1500.0,1.25,13,1,0,24,0,0,0,0
23204.97,4500.0,5.16,12,15,4,23,1,1,2,0
11760.39,12000.0,0.98,22,15,0,21,0,0,0,0
2241.41,2000.0,1.12,11,2,0,5,0,0,1,0
7784.92,6000.0,1.3,10,17,0,20,0,0,0,0
1214.79,1500.0,0.81,17,11,0,33,0,0,0,0
7040.3,6000.0,1.17,13,23,0,36,0,0,0,0
7852.72,12000.0,0.65,17,25,0,48,0,0,1,0
1338.07,1500.0,0.89,5,2,0,5,0,0,0,0
2640.89,6000.0,0.44,11,2,0,11,0,0,0,0
4029.04,6000.0,0.67,8,5,0,8,0,0,0,0
2921.0,3000.0,0.97,17,2,0,24,0,0,1,0
22795.46,4500.0,5.07,12,5,4,15,1,0,1,0
2364.85,1500.0,1.58,13,12,0,30,0,0,1,0
1854.33,1500.0,1.24,19,12,0,44,0,0,0,0
11997.69,3000.0,4.0,15,26,3,29,0,0,1,0
17882.42,8000.0,2.24,9,27,0,28,0,0,0,0
2128.2,2000.0,1.06,13,28,0,27,0,0,0,0
1684.06,1500.0,1.12,14,6,0,41,0,0,0,0
5248.53,6000.0,0.87,17,12,1,14,0,0,0,0
3178.47,3000.0,1.06,16,24,0,13,0,0,0,0
1742.02,2000.0,0.87,16,17,1,15,0,1,0,0
1595.03,2000.0,0.8,12,6,2,16,0,0,0,0
3129.87,4500.0,0.7,20,26,0,10,0,0,0,0
16282.16,1500.0,10.85,3,11,4,37,1,1,2,1
1615.01,1500.0,1.08,15,11,0,22,0,0,1,0
2068.48,4500.0,0.46,18,21,0,19,0,0,0,0
20559.36,4500.0,4.57,18,11,4,40,1,1,2,0
2970.06,3000.0,0.99,7,14,0,24,0,0,0,0
4819.37,2500.0,1.93,23,27,0,32,0,0,0,0
3473.89,6000.0,0.58,13,3,0,19,0,0,0,0
5868.7,8000.0,0.73,18,16,0,43,0,0,0,0
3503.14,2500.0,1.4,16,21,0,16,0,0,0,0
2094.4,1500.0,1.4,11,19,0,17,0,0,0,0
11077.55,12000.0,0.92,22,18,0,8,0,0,0,0
6355.05,3000.0,2.12,13,16,0,18,0,0,0,0
1404.75,2500.0,0.56,16,10,0,39,0,0,0,0
12841.28,8000.0,1.61,11,24,0,15,0,0,0,0
5449.63,8000.0,0.68,17,16,0,28,0,0,0,0
2863.13,6000.0,0.48,20,9,0,38,0,0,0,0
2706.89,3000.0,0.9,15,14,0,35,0,0,0,0
10818.2,1500.0,7.21,2,28,7,36,1,1,1,1
6750.94,1500.0,4.5,18,9,4,29,0,0,0,0
6622.9,6000.0,1.1,23,6,0,36,0,0,0,0
6160.48,8000.0,0.77,18,3,0,44,0,0,0,0
7849.46,4500.0,1.74,22,5,0,41,0,0,0,0
1946.62,3000.0,0.65,10,4,0,47,0,0,0,0
2138.83,2000.0,1.07,9,7,0,13,0,0,0,0
15838.38,12000.0,1.32,16,1,0,14,0,0,0,0
61576.05,12000.0,5.13,12,7,4,20,0,1,0,0
2338.74,1500.0,1.56,22,2,1,30,0,0,1,0
2032.85,2000.0,1.02,13,15,0,18,0,0,1,0
21281.04,4500.0,4.73,12,11,3,22,0,0,1,0
5385.57,6000.0,0.9,22,4,0,37,0,0,0,0
9719.18,12000.0,0.81,16,7,0,43,0,0,0,0
2769.51,1500.0,1.85,11,7,0,46,0,0,0,0
4254.09,3000.0,1.42,14,13,0,40,0,0,0,0
914.58,2500.0,0.37,16,16,0,49,0,0,0,0
8294.84,8000.0,1.04,18,18,0,23,0,0,0,0
6440.54,8000.0,0.81,18,4,0,10,0,0,2,0
13726.21,2500.0,5.49,9,5,3,39,1,0,1,0
13075.04,2500.0,5.23,14,12,4,36,1,0,0,0
6484.76,1500.0,4.32,19,2,5,48,1,0,1,0
6238.97,4500.0,1.39,14,26,1,7,0,0,0,0
2876.1,2000.0,1.44,17,18,0,48,0,0,1,0
6913.36,8000.0,0.86,21,1,0,43,0,0,0,0
1235.0,2000.0,0.62,11,7,0,46,0,0,0,0
1872.58,1500.0,1.25,14,23,0,19,0,0,0,0
4190.92,6000.0,0.7,10,13,0,46,0,0,1,0
1249.78,1500.0,0.83,6,13,0,6,0,0,0,0
17240.85,4500.0,3.83,11,15,5,45,1,0,0,0
15773.55,12000.0,1.31,16,25,0,37,0,0,0,0
3855.41,6000.0,0.64,13,28,0,39,0,0,0,0
18730.23,4500.0,4.16,18,12,3,16,1,1,1,0
5664.0,6000.0,0.94,6,4,0,11,0,0,0,0
7696.39,8000.0,0.96,20,2,0,27,0,0,0,0
5587.72,6000.0,0.93,17,21,0,47,0,0,0,0
1581.06,2500.0,0.63,13,13,1,24,0,0,0,0
1282.55,1500.0,0.86,10,2,0,32,1,0,0,0
722.94,1500.0,0.48,13,27,0,35,0,0,0,0
1966.05,3000.0,0.66,13,15,0,14,0,0,0,0
16901.27,3000.0,5.63,11,1,5,21,1,0,2,0
8867.43,12000.0,0.74,19,3,1,37,0,0,0,0
6563.51,12000.0,0.55,12,1,0,33,0,0,0,0
15767.06,12000.0,1.31,15,18,0,44,0,1,0,0
15873.68,3000.0,5.29,8,27,5,38,1,0,1,1
1695.24,1500.0,1.13,13,3,0,23,0,0,0,0
1611.55,1500.0,1.07,15,13,1,36,0,0,0,0
7447.69,1500.0,4.97,21,19,4,11,1,1,0,0
12960.87,12000.0,1.08,9,4,2,17,0,0,0,0
4031.77,6000.0,0.67,9,16,0,31,0,0,0,0
8837.27,12000.0,0.74,18,7,0,40,0,0,0,0
3095.46,2000.0,1.55,19,4,0,39,0,0,0,0
5034.36,6000.0,0.84,18,12,0,23,0,0,0,0
1805.32,2000.0,0.9,14,18,0,18,0,0,0,0
1436.79,1500.0,0.96,10,3,0,48,0,0,0,0
98675.29,3000.0,32.89,3,13,6,26,1,1,2,1
3749.73,6000.0,0.62,7,1,0,15,0,0,0,0
11449.6,2500.0,4.58,15,5,4,13,0,1,2,0
6682.98,6000.0,1.11,9,21,0,8,0,0,0,0
14243.33,12000.0,1.19,17,19,0,35,0,0,0,0
4199.03,2500.0,1.68,8,28,0,18,0,0,0,0
2003.87,2000.0,1.0,15,10,1,40,0,0,0,0
1798.4,2000.0,0.9,15,20,0,27,0,0,0,0
13191.35,2500.0,5.28,10,12,4,6,1,0,1,0
1301.94,2500.0,0.52,7,20,0,6,0,1,0,0
1102.94,2000.0,0.55,14,14,0,25,0,0,0,0
3834.31,8000.0,0.48,11,19,0,31,0,0,0,0
2032.59,1500.0,1.36,6,18,0,12,0,0,1,0
2549.98,4500.0,0.57,13,28,0,33,0,0,0,0
24366.97,4500.0,5.41,20,18,3,5,1,0,1,0
2872.06,2500.0,1.15,19,28,0,20,0,0,0,0
1772.1,2000.0,0.89,19,10,1,25,0,0,0,0
728.33,2000.0,0.36,18,4,0,40,0,0,0,0
7140.4,6000.0,1.19,12,7,0,47,0,0,0,0
8062.26,2000.0,4.03,17,27,5,35,1,0,1,0
40523.59,8000.0,5.07,8,1,4,45,1,0,2,0
14282.12,8000.0,1.79,10,8,0,33,0,0,0,0
9455.0,8000.0,1.18,11,28,0,10,0,0,0,0
1817.8,2500.0,0.73,13,26,0,9,0,0,0,0
10451.62,6000.0,1.74,17,8,0,48,0,0,0,0
3782.61,3000.0,1.26,18,11,0,34,1,0,0,0
1813.33,1500.0,1.21,8,27,0,40,0,0,0,0
7118.45,6000.0,1.19,13,11,1,19,0,0,0,0
20152.74,12000.0,1.68,18,25,0,8,0,0,0,0
3143.63,2500.0,1.26,17,3,0,20,0,0,0,0
2117.43,1500.0,1.41,8,25,0,9,0,0,0,0
3944.09,4500.0,0.88,12,8,0,15,0,0,0,0
10188.99,12000.0,0.85,16,25,0,19,0,0,0,0
1098.39,1500.0,0.73,11,19,0,47,0,0,0,0
19527.83,4000.0,4.88,12,21,4,23,1,0,1,1
3089.33,4500.0,0.69,8,7,0,44,0,0,0,0
1777.85,1500.0,1.19,14,4,0,42,0,0,0,0
4017.15,2000.0,2.01,11,25,0,26,0,0,1,0
62430.32,12000.0,5.2,16,26,3,8,1,1,0,0
3871.99,6000.0,0.65,17,15,0,32,0,0,0,0
1726.92,2000.0,0.86,9,15,0,5,0,0,0,0
13974.46,12000.0,1.16,16,19,0,37,0,0,0,0
21790.06,4000.0,5.45,17,26,5,50,1,0,1,1
4360.22,3000.0,1.45,14,12,0,39,0,0,0,0
1576.76,2500.0,0.63,14,28,0,25,0,0,0,0
12638.66,3000.0,4.21,12,23,3,10,1,0,2,0
1863.41,2000.0,0.93,15,9,0,32,0,0,0,0
2926.76,2000.0,1.46,23,28,0,19,0,0,0,0
10849.27,6000.0,1.81,12,28,0,36,0,0,0,0
4969.62,6000.0,0.83,13,26,0,30,0,0,1,0
5924.78,12000.0,0.49,17,3,0,48,0,0,1,0
101872.06,3000.0,33.96,4,7,7,24,1,1,2,1
2014.7,3000.0,0.67,10,7,0,24,0,0,0,0
4159.21,8000.0,0.52,19,19,1,26,0,0,0,0
2924.44,3000.0,0.97,8,25,0,38,0,0,2,0
10163.31,2000.0,5.08,9,27,4,11,1,0,1,0
1144.64,1500.0,0.76,15,27,0,38,0,0,0,0
5190.76,4500.0,1.15,17,21,0,12,0,0,0,0
1268.07,2500.0,0.51,14,7,1,23,0,0,0,0
2707.68,2500.0,1.08,16,11,0,16,0,0,0,0
1942.21,2000.0,0.97,18,26,0,33,0,0,0,0
2323.19,1500.0,1.55,12,10,1,36,0,0,1,0
1570.16,2000.0,0.79,4,9,0,40,0,0,0,0
4784.93,2500.0,1.91,12,14,0,41,0,0,0,0
2014.33,2000.0,1.01,22,10,0,12,0,0,1,0
4963.65,2500.0,1.99,14,19,0,20,0,0,0,0
9982.06,2500.0,3.99,12,8,5,47,1,1,1,0
3916.02,6000.0,0.65,12,6,0,49,0,0,0,0
15873.16,8000.0,1.98,20,13,0,9,0,0,0,0
1718.42,2500.0,0.69,12,8,0,36,0,0,1,0
1139.12,1500.0,0.76,14,28,0,29,0,0,0,0
11416.02,12000.0,0.95,7,1,0,12,0,0,0,0
16890.46,2000.0,8.45,22,8,8,15,1,1,2,1
1907.8,1500.0,1.27,18,24,0,47,0,0,0,0
1199.38,1500.0,0.8,6,9,0,19,0,0,1,0
11525.92,2000.0,5.76,17,21,3,19,0,1,2,0
6226.3,6000.0,1.04,13,11,0,27,0,0,0,0
2070.0,3000.0,0.69,17,14,0,27,0,0,0,0
2879.59,3000.0,0.96,19,11,0,42,0,0,0,0
6575.94,6000.0,1.1,19,9,1,47,0,0,0,0
1633.13,2000.0,0.82,16,20,0,15,0,0,0,0
3845.6,3000.0,1.28,8,17,0,13,0,0,0,0
2553.26,2000.0,1.28,18,12,0,26,0,0,0,0
10102.07,2500.0,4.04,17,11,5,5,1,0,2,0
8272.7,4500.0,1.84,17,18,0,43,0,0,0,0
6297.16,12000.0,0.52,17,24,0,12,0,0,0,0
3270.85,1500.0,2.18,12,26,0,7,0,0,0,0
8122.83,12000.0,0.68,17,6,0,31,0,0,0,0
3303.97,4500.0,0.73,8,28,0,48,0,0,0,0
7053.94,4500.0,1.57,16,6,0,40,0,0,1,0
11231.05,6000.0,1.87,14,15,0,47,0,0,0,0
1580.38,2000.0,0.79,13,9,0,31,0,0,0,0
24331.39,12000.0,2.03,7,19,0,24,0,0,0,0
6467.18,4500.0,1.44,17,19,0,6,0,0,0,0
2552.94,4500.0,0.57,16,21,2,44,0,0,0,0
5397.55,4500.0,1.2,18,11,0,22,0,0,0,0
2112.33,3000.0,0.7,19,10,0,44,0,0,0,0
14617.45,8000.0,1.83,13,12,1,26,0,0,0,0
70924.33,12000.0,5.91,12,5,5,46,1,1,1,0
13737.81,8000.0,1.72,11,20,0,32,0,1,0,0
7962.6,2000.0,3.98,12,11,3,24,1,0,1,0
9974.22,2500.0,3.99,19,3,4,46,0,0,1,0
1631.81,1500.0,1.09,21,24,0,39,0,0,1,0
6828.56,8000.0,0.85,11,4,0,44,0,0,0,0
2032.73,2000.0,1.02,11,19,1,18,0,0,0,0
10991.48,12000.0,0.92,19,9,0,48,0,0,1,0
9726.4,12000.0,0.81,12,12,0,31,0,0,0,0
2070.8,3000.0,0.69,11,4,0,50,0,0,0,0
16583.47,8000.0,2.07,17,16,0,16,0,0,0,0
2238.9,4500.0,0.5,12,16,0,24,0,0,0,0
31612.66,8000.0,3.95,10,12,3,8,1,0,1,0
16248.95,3000.0,5.42,0,3,3,26,1,0,0,0
8599.02,8000.0,1.07,9,20,0,41,0,0,0,0
1359.02,2000.0,0.68,12,12,0,21,0,0,0,0
2545.87,1500.0,1.7,14,5,0,49,0,0,0,0
2901.08,3000.0,0.97,11,8,0,44,0,1,0,0
9865.05,2000.0,4.93,14,22,4,47,0,1,1,0
2145.03,2500.0,0.86,12,24,1,49,0,0,0,0
28416.89,12000.0,2.37,13,26,0,44,0,0,0,0
5307.2,8000.0,0.66,10,24,2,30,0,0,0,0
4927.03,6000.0,0.82,9,25,0,45,0,0,0,0
2649.03,2500.0,1.06,10,24,1,21,0,0,0,0
15986.64,4500.0,3.55,19,8,5,42,1,0,1,0
2307.64,1500.0,1.54,7,10,0,9,0,0,0,0
2757.89,2500.0,1.1,9,8,0,47,0,0,0,0
12551.64,3000.0,4.18,23,7,4,50,0,1,1,0
8250.4,8000.0,1.03,22,3,0,34,0,0,0,0
4039.47,4500.0,0.9,9,6,0,27,0,0,0,0
4578.76,3000.0,1.53,16,16,1,41,0,0,0,0
19890.79,12000.0,1.66,10,27,0,20,0,0,0,0
21743.61,12000.0,1.81,21,24,0,45,0,0,0,0
1604.71,2000.0,0.8,3,8,0,39,0,0,0,0
7145.6,6000.0,1.19,11,26,0,43,0,0,0,0
4244.95,6000.0,0.71,8,11,1,47,0,0,0,0
21044.88,12000.0,1.75,14,9,0,23,0,0,0,0
10117.92,6000.0,1.69,19,16,0,38,0,0,0,0
2018.19,2000.0,1.01,5,21,0,31,0,0,0,0
2995.3,4500.0,0.67,7,5,0,18,0,0,1,0
60424.72,3000.0,20.14,22,14,8,25,1,1,2,1
61732.97,2000.0,30.87,4,4,4,42,1,1,2,1
16222.74,12000.0,1.35,19,7,0,28,0,0,0,0
4249.54,6000.0,0.71,14,26,1,20,0,0,0,0
2783.16,2000.0,1.39,10,25,0,37,0,0,0,0
12978.06,8000.0,1.62,14,23,0,43,0,0,0,0
8096.7,12000.0,0.67,8,27,1,15,0,0,0,0
25905.42,4500.0,5.76,21,2,5,24,1,1,1,0
1405.95,2000.0,0.7,13,18,1,46,0,0,0,0
2380.43,3000.0,0.79,21,28,0,32,0,0,0,0
19062.38,3000.0,6.35,18,14,12,20,1,0,2,1
3160.14,4500.0,0.7,15,1,0,18,1,0,0,0
14164.89,2500.0,5.67,12,20,5,27,1,0,1,0
62351.38,12000.0,5.2,19,9,4,47,1,0,1,0
25871.52,6000.0,4.31,18,15,5,49,1,1,0,0
4168.81,4500.0,0.93,9,6,0,6,0,0,0,0
8131.69,6000.0,1.36,18,5,0,45,0,0,0,0
2854.91,3000.0,0.95,20,12,0,17,0,0,0,0
8768.52,1500.0,5.85,6,17,5,12,0,0,1,0
2488.31,1500.0,1.66,14,22,0,33,0,0,0,0
29617.59,4000.0,7.4,10,14,5,26,1,0,2,1
9076.68,8000.0,1.13,11,3,0,5,0,0,0,0
2571.49,2500.0,1.03,16,2,0,33,0,0,0,0
1914.39,1500.0,1.28,18,14,0,17,0,0,0,0
61564.8,12000.0,5.13,15,5,3,50,1,0,1,0
2262.31,3000.0,0.75,21,24,0,20,0,0,0,0
4641.39,6000.0,0.77,10,24,0,32,0,0,0,0
12097.14,12000.0,1.01,9,7,0,36,0,0,0,0
3661.14,4500.0,0.81,17,16,0,14,0,0,0,0
3892.85,2500.0,1.56,12,5,0,44,0,0,0,0
15143.87,12000.0,1.26,14,9,0,41,0,0,1,0
14119.97,3000.0,4.71,16,5,5,17,1,0,1,0
1612.72,2000.0,0.81,12,27,0,13,0,0,0,0
7731.54,8000.0,0.97,1,12,0,5,0,0,0,0
8921.13,8000.0,1.12,11,17,0,37,0,0,0,0
2862.37,6000.0,0.48,15,9,0,34,0,0,0,0
2232.41,1500.0,1.49,8,28,0,32,0,0,0,0
3382.79,3000.0,1.13,12,10,1,37,0,0,1,0
1191.99,1500.0,0.79,8,10,0,5,0,0,0,0
5209.62,6000.0,0.87,23,6,0,37,0,0,1,0
9033.17,12000.0,0.75,12,10,0,6,0,0,2,0
10012.2,12000.0,0.83,5,6,0,36,0,0,0,0
2837.89,2000.0,1.42,16,9,1,9,0,0,0,0
2879.9,2500.0,1.15,9,14,0,21,0,0,0,0
955.69,1500.0,0.64,17,21,0,30,0,0,0,0
10308.51,6000.0,1.72,11,12,0,47,0,0,0,0
13948.88,8000.0,1.74,10,9,0,16,0,0,0,0
15236.41,8000.0,1.9,15,20,0,34,0,0,0,0
13952.38,12000.0,1.16,8,21,0,28,0,0,0,0
2333.35,3000.0,0.78,17,22,0,22,0,0,0,0
1983.04,3000.0,0.66,20,7,0,9,0,0,0,0
1742.78,1500.0,1.16,8,28,1,22,0,0,0,0
4815.9,6000.0,0.8,14,22,1,28,0,0,0,0
1430.74,2000.0,0.72,9,5,0,16,0,0,1,0
9964.21,2000.0,4.98,11,5,3,7,0,0,1,0
39974.78,8000.0,5.0,23,26,5,14,1,0,1,0
17450.71,12000.0,1.45,11,11,0,33,0,0,0,0
49286.14,1500.0,32.86,7,16,3,33,0,1,2,1
978.07,1500.0,0.65,19,9,0,42,1,0,0,0
1830.69,2000.0,0.92,7,7,0,40,0,0,0,0
850.53,1500.0,0.57,8,8,0,37,0,0,0,0
4487.3,4500.0,1.0,9,25,1,33,0,0,0,0
8087.87,4500.0,1.8,10,10,0,9,0,0,0,0
60038.91,2000.0,30.02,2,3,3,47,1,1,2,1
1124.35,1500.0,0.75,10,20,0,33,0,0,0,0
5929.37,12000.0,0.49,8,19,0,37,0,0,0,0
6134.11,8000.0,0.77,20,10,0,22,0,0,0,0
1958.55,2500.0,0.78,5,7,2,33,0,0,0,0
4590.88,6000.0,0.77,9,16,0,29,0,0,0,0
9553.63,12000.0,0.8,16,16,0,8,0,0,0,0
3549.65,4500.0,0.79,19,22,0,11,0,0,0,0
1384.52,1500.0,0.92,0,26,1,44,0,0,0,0
3875.31,4500.0,0.86,15,6,1,21,1,0,0,0
5295.04,8000.0,0.66,17,11,0,20,0,0,0,0
9355.53,2000.0,4.68,17,27,3,45,0,0,1,0
6581.22,4500.0,1.46,20,12,0,6,0,0,0,0
22811.59,2000.0,11.41,3,20,4,10,1,1,2,1
1481.31,2000.0,0.74,20,4,0,35,0,0,1,0
12176.61,2500.0,4.87,13,28,3,11,1,0,1,1
3733.45,3000.0,1.24,14,6,1,6,0,0,0,0
6676.21,6000.0,1.11,12,9,1,9,0,0,0,0
25811.9,4000.0,6.45,11,26,7,39,1,0,1,1
3571.84,2500.0,1.43,21,18,1,6,0,0,0,0
15846.72,12000.0,1.32,12,15,0,28,0,0,0,0
18604.98,12000.0,1.55,21,8,0,7,0,0,0,0
2716.88,3000.0,0.91,9,1,0,34,0,0,0,0
52925.79,12000.0,4.41,20,14,3,21,1,0,0,0
5924.38,6000.0,0.99,20,10,0,30,0,0,1,0
45813.72,2000.0,22.91,2,18,8,47,1,1,2,1
15858.79,12000.0,1.32,20,19,0,17,0,0,0,0
4085.63,6000.0,0.68,6,18,0,50,0,0,0,0
8736.09,4500.0,1.94,13,15,0,34,0,0,0,0
5509.33,4500.0,1.22,12,8,1,36,0,0,0,0
2800.48,1500.0,1.87,10,15,0,18,0,0,0,0
1368.21,2000.0,0.68,15,28,0,48,0,0,0,0
1812.21,2000.0,0.91,7,2,2,42,0,0,2,0
15761.36,4500.0,3.5,2,3,4,45,0,1,0,0
2783.07,4500.0,0.62,0,22,0,44,0,0,0,0
3129.27,3000.0,1.04,19,25,0,37,0,0,0,0
14627.81,6000.0,2.44,14,14,0,34,0,0,0,0
2946.92,6000.0,0.49,18,9,1,13,0,0,0,0
4902.94,8000.0,0.61,9,6,0,8,0,0,0,0
14152.9,12000.0,1.18,10,18,0,17,0,0,0,0
3540.82,4500.0,0.79,6,18,1,32,0,0,0,0
1724.58,2500.0,0.69,10,21,0,49,0,0,0,0
1975.68,2500.0,0.79,9,15,0,50,0,0,0,0
17909.06,4500.0,3.98,13,26,3,24,1,0,2,0
3270.02,4500.0,0.73,8,18,0,5,0,0,0,0
2225.87,2500.0,0.89,15,23,0,28,0,0,0,0
3324.04,2000.0,1.66,9,12,0,32,0,0,0,0
1281.52,1500.0,0.85,10,20,0,17,0,0,0,0
5574.92,6000.0,0.93,7,3,0,8,0,0,0,0
6705.11,1500.0,4.47,13,13,5,8,1,1,1,1
8230.02,6000.0,1.37,18,15,0,18,0,0,0,0
3304.5,2500.0,1.32,11,10,0,20,0,0,0,0
7426.47,6000.0,1.24,17,5,0,47,0,0,0,0
20487.89,4500.0,4.55,8,7,4,22,1,1,1,0
6002.74,3000.0,2.0,15,13,0,18,0,0,0,0
14281.92,3000.0,4.76,21,9,5,44,1,1,1,0
12525.97,12000.0,1.04,13,15,0,23,0,0,1,0
970.94,2000.0,0.49,0,19,0,20,0,0,0,0
3180.9,2000.0,1.59,5,6,0,17,0,0,0,0
5133.17,3000.0,1.71,19,13,0,18,0,0,0,0
135363.23,4000.0,33.84,1,10,7,8,1,1,2,1
13900.41,12000.0,1.16,7,11,0,42,1,0,0,0
1496.97,1500.0,1.0,18,15,0,36,1,0,0,0
16497.23,12000.0,1.37,19,27,0,11,0,0,1,0
3513.84,2500.0,1.41,2,27,0,42,0,0,0,0
7702.63,8000.0,0.96,16,28,0,9,0,0,0,0
4360.41,2500.0,1.74,16,22,0,19,0,0,0,0
891.46,1500.0,0.59,15,26,0,40,0,0,0,0
10508.78,8000.0,1.31,9,10,0,25,0,0,0,0
5314.1,4500.0,1.18,6,16,0,25,0,0,0,0
5574.56,6000.0,0.93,19,26,0,11,0,0,1,0
11756.46,2000.0,5.88,18,16,5,34,1,1,1,0
17961.93,12000.0,1.5,18,25,0,42,0,0,0,0
8232.16,6000.0,1.37,15,7,0,13,0,0,0,0
3320.17,8000.0,0.42,13,7,0,49,0,0,0,0
2439.18,1500.0,1.63,19,25,0,7,0,0,0,0
8433.81,1500.0,5.62,16,8,3,48,1,0,1,0
4474.45,12000.0,0.37,19,27,0,34,0,0,0,0
4686.97,3000.0,1.56,16,12,0,37,0,0,0,0
3285.75,4500.0,0.73,6,4,0,35,0,0,0,0
3681.61,3000.0,1.23,12,17,0,35,0,0,0,0
3492.04,2500.0,1.4,14,1,0,44,0,0,0,0
1755.65,1500.0,1.17,18,3,0,17,0,0,0,0
1254.19,1500.0,0.84,13,24,0,48,0,0,0,0
6743.47,6000.0,1.12,19,27,0,45,0,0,0,0
4509.37,3000.0,1.5,8,10,0,40,0,0,0,0
3493.29,2500.0,1.4,10,19,1,17,1,0,1,0
4223.44,6000.0,0.7,17,11,0,16,0,0,0,0
5879.96,8000.0,0.73,17,15,0,42,0,0,1,0
7016.03,6000.0,1.17,16,22,0,27,0,0,0,0
1130.93,1500.0,0.75,17,13,0,7,0,0,0,0
2402.14,3000.0,0.8,19,1,0,38,0,0,0,0
7960.34,12000.0,0.66,23,17,2,45,1,0,1,0
9828.23,6000.0,1.64,9,7,0,26,0,0,1,0
2881.4,3000.0,0.96,10,3,0,43,0,0,1,0
11365.57,8000.0,1.42,20,19,0,23,0,0,0,0
18194.6,12000.0,1.52,19,15,0,6,0,0,0,0
1534.37,3000.0,0.51,10,10,0,25,0,0,0,0
4585.74,6000.0,0.76,13,7,0,39,0,0,0,0
2562.14,4500.0,0.57,18,2,0,6,0,0,0,0
5052.49,2500.0,2.02,8,6,0,16,0,0,0,0
4575.92,4500.0,1.02,23,22,0,38,0,0,0,0
584.96,1500.0,0.39,22,7,1,8,0,0,0,0
1583.86,2000.0,0.79,11,1,2,47,0,1,1,0
1136.47,2000.0,0.57,12,21,0,19,0,0,0,0
1431.71,2000.0,0.72,10,19,0,16,0,0,1,0
2632.8,2500.0,1.05,8,3,0,11,0,0,0,0
4962.45,3000.0,1.65,4,17,0,43,1,0,0,0
1765.43,2500.0,0.71,11,7,0,47,0,0,1,0
6406.44,1500.0,4.27,17,14,4,6,1,1,0,0
3758.98,3000.0,1.25,17,20,0,30,0,0,2,0
11928.25,8000.0,1.49,13,10,0,28,0,0,1,0
5153.36,4500.0,1.15,10,10,0,41,0,0,0,0
16032.04,2500.0,6.41,6,12,8,43,1,1,2,1
12936.72,12000.0,1.08,10,14,0,50,1,0,0,0
3575.58,2500.0,1.43,17,26,0,50,0,0,0,0
2099.52,2000.0,1.05,6,8,0,12,0,0,0,0
1692.74,2000.0,0.85,21,14,1,20,0,0,0,0
1372.24,2000.0,0.69,16,20,0,6,0,0,0,0
11072.62,3000.0,3.69,0,10,3,35,1,0,1,0
10847.13,12000.0,0.9,20,1,0,14,0,0,0,0
17575.46,8000.0,2.2,9,11,0,31,0,0,0,0
16754.03,12000.0,1.4,13,24,0,34,0,0,1,0
5114.82,2500.0,2.05,18,21,0,16,0,0,0,0
1550.96,2500.0,0.62,22,18,0,36,0,0,0,0
5649.5,6000.0,0.94,11,3,0,6,0,0,0,0
3717.99,4500.0,0.83,13,14,0,9,0,0,0,0
723.67,2500.0,0.29,12,9,0,7,0,0,0,0
1914.31,2500.0,0.77,18,25,0,42,0,0,0,0
28812.53,8000.0,3.6,9,9,3,27,1,1,1,0
1713.25,1500.0,1.14,16,21,0,44,0,0,0,0
908.66,1500.0,0.61,10,14,0,20,0,0,0,0
3645.63,4500.0,0.81,20,6,0,30,0,0,0,0
15371.65,3000.0,5.12,7,13,5,18,1,0,1,0
1390.58,2500.0,0.56,15,10,0,26,0,0,0,0
1421.15,2500.0,0.57,6,9,0,50,0,0,0,0
3866.11,6000.0,0.64,14,2,0,35,0,0,0,0
2193.07,2000.0,1.1,10,11,0,17,0,0,0,0
6758.29,1500.0,4.51,18,26,5,37,1,1,1,0
9422.89,8000.0,1.18,12,20,0,38,0,0,2,0
43946.03,2000.0,21.97,1,14,5,47,1,1,1,1
1786.25,2500.0,0.71,20,19,1,38,0,0,0,0
3368.67,2000.0,1.68,9,22,2,47,0,0,0,0
11232.14,8000.0,1.4,21,7,0,28,0,0,0,0
1440.96,2500.0,0.58,19,28,0,30,0,0,1,0
1404.73,1500.0,0.94,15,16,0,35,0,0,0,0
15687.01,3000.0,5.23,13,9,3,22,1,0,0,0
16550.57,12000.0,1.38,13,4,1,32,0,0,0,0
2635.85,3000.0,0.88,15,15,0,5,0,0,0,0
1619.07,2000.0,0.81,16,23,0,6,0,0,0,0
1594.7,2500.0,0.64,18,17,0,39,0,0,1,0
4625.49,8000.0,0.58,16,5,0,14,0,0,0,0
1449.1,2500.0,0.58,19,21,0,25,0,0,0,0
4647.84,4500.0,1.03,14,22,1,24,0,0,0,0
3439.73,2500.0,1.38,13,19,0,19,0,0,0,0
8212.69,6000.0,1.37,10,1,0,16,0,0,0,0
2966.79,3000.0,0.99,9,22,0,29,0,0,0,0
6993.32,1500.0,4.66,13,24,3,18,1,1,0,0
5453.38,3000.0,1.82,10,22,0,8,0,0,0,0
5158.26,4500.0,1.15,12,19,0,6,0,0,0,0
24594.34,6000.0,4.1,15,19,5,20,1,1,2,0
43014.3,8000.0,5.38,13,13,4,9,1,0,2,0
3421.24,4500.0,0.76,9,5,0,18,0,0,0,0
2952.13,2000.0,1.48,9,7,1,50,0,0,0,0
1574.97,2500.0,0.63,18,19,0,7,0,0,0,0
8742.77,12000.0,0.73,8,2,0,35,0,0,0,0
5394.06,2500.0,2.16,9,23,1,22,0,0,0,0
942.52,2000.0,0.47,9,5,0,48,0,0,0,0
11880.64,2000.0,5.94,14,20,3,33,1,0,0,0
1985.05,2000.0,0.99,18,13,0,45,0,0,0,0
11177.63,12000.0,0.93,13,12,0,24,0,0,1,0
1796.94,2000.0,0.9,15,6,0,5,0,0,0,0
1187.79,1500.0,0.79,12,18,0,5,0,0,0,0
1155.78,4500.0,0.26,13,25,0,41,0,0,2,0
1812.0,3000.0,0.6,11,4,0,30,0,0,0,0
3060.96,2000.0,1.53,12,28,0,25,0,0,0,0
1548.36,2000.0,0.77,12,19,0,41,0,0,0,0
4953.64,3000.0,1.65,13,17,0,28,0,0,0,0
5136.96,6000.0,0.86,19,18,0,36,0,0,0,0
10576.2,3000.0,3.53,11,9,4,41,1,0,1,0
1844.95,2500.0,0.74,14,16,0,12,0,0,0,0
2783.35,3000.0,0.93,8,2,0,27,0,0,1,0
10539.65,8000.0,1.32,20,19,0,47,0,0,0,0
2051.01,2500.0,0.82,8,24,0,5,0,0,0,0
6836.23,4500.0,1.52,12,22,0,45,0,0,0,0
2927.1,2500.0,1.17,18,28,0,38,0,0,0,0
3633.89,2500.0,1.45,18,26,0,28,0,0,1,0
1236.17,1500.0,0.82,21,13,0,42,0,0,0,0
1455.32,2500.0,0.58,15,5,0,39,0,0,0,0
5323.99,1500.0,3.55,15,28,4,25,1,0,1,0
5144.05,6000.0,0.86,8,8,0,18,0,0,0,0
3112.88,2000.0,1.56,12,7,1,47,0,0,0,0
2857.03,2000.0,1.43,17,23,0,17,0,1,0,0
4426.95,4500.0,0.98,8,15,0,32,0,0,0,0
2329.17,2000.0,1.16,10,6,0,27,0,0,0,0
5871.34,8000.0,0.73,11,3,0,18,0,0,1,0
4265.37,2000.0,2.13,10,20,0,8,0,0,1,0
6111.86,6000.0,1.02,10,21,1,28,0,0,0,0
1801.89,1500.0,1.2,11,10,0,5,0,0,0,0
4354.81,3000.0,1.45,16,27,1,12,0,0,1,0
16564.21,3000.0,5.52,13,22,4,46,1,1,1,0
12152.87,12000.0,1.01,11,9,0,32,0,0,0,0
24110.38,4500.0,5.36,13,22,4,50,1,0,1,0
5631.7,6000.0,0.94,11,12,0,9,0,0,0,0
4882.15,4500.0,1.08,11,25,0,18,0,0,1,0
8763.91,12000.0,0.73,18,19,0,38,0,0,2,0
1719.67,2000.0,0.86,8,6,0,10,0,0,0,0
7839.75,12000.0,0.65,5,22,0,29,0,0,0,0
14796.17,6000.0,2.47,18,7,0,19,0,0,0,0
862.05,1500.0,0.57,13,17,0,24,0,0,0,0
1851.15,3000.0,0.62,9,8,0,16,0,0,0,0
28776.59,6000.0,4.8,17,25,5,36,1,0,1,0
1194.37,2500.0,0.48,13,14,0,8,0,0,1,0
8633.22,2500.0,3.45,19,23,6,47,1,0,1,1
2477.46,2500.0,0.99,11,12,0,5,0,0,0,0
3233.2,4500.0,0.72,18,25,0,24,0,1,0,0
4893.48,4500.0,1.09,12,4,1,13,0,0,1,0
16141.76,3000.0,5.38,21,4,5,10,1,1,1,0
8614.27,8000.0,1.08,18,28,0,15,0,0,0,0
3304.64,6000.0,0.55,17,10,0,43,0,1,0,0
7415.26,12000.0,0.62,3,1,1,29,0,1,0,0
12521.5,8000.0,1.57,16,12,0,40,0,0,0,0
1078.21,2000.0,0.54,17,4,0,17,0,0,0,0
10600.99,8000.0,1.33,8,20,0,15,0,0,0,0
938.2,2000.0,0.47,19,7,0,7,0,0,0,0
58553.05,12000.0,4.88,19,11,3,28,1,0,1,0
2966.26,2500.0,1.19,16,16,0,18,0,0,0,0
2654.02,2500.0,1.06,20,16,0,14,0,0,0,0
1293.91,2000.0,0.65,6,6,0,8,0,0,0,0
3179.63,4500.0,0.71,14,11,0,50,0,0,0,0
7391.18,3000.0,2.46,16,2,0,36,0,0,0,0
38654.2,2000.0,19.33,8,4,5,35,1,1,1,1
2084.01,2500.0,0.83,14,16,0,6,0,0,0,0
2720.31,2000.0,1.36,8,3,0,50,0,0,0,0
4553.2,3000.0,1.52,10,12,0,39,0,0,0,0
8926.97,3000.0,2.98,15,17,12,30,0,1,1,1
6550.16,4500.0,1.46,9,27,1,31,0,0,0,0
70680.08,12000.0,5.89,13,17,4,30,0,0,1,0
22054.2,6000.0,3.68,5,18,3,39,0,0,0,0
1766.72,1500.0,1.18,20,16,0,49,0,0,0,0
966.02,1500.0,0.64,10,3,0,33,0,0,0,0
3758.45,4500.0,0.84,18,25,0,32,0,0,0,0
5630.18,6000.0,0.94,12,1,1,25,0,0,0,0
2467.53,2000.0,1.23,6,25,0,49,0,0,0,0
1935.86,3000.0,0.65,8,17,0,26,0,0,0,0
22192.74,12000.0,1.85,13,23,0,17,0,0,1,0
7641.09,6000.0,1.27,18,27,1,11,0,0,0,0
3469.2,2500.0,1.39,15,15,0,19,0,0,0,0
14531.32,12000.0,1.21,22,23,0,43,0,0,0,0
3965.47,3000.0,1.32,22,1,0,48,0,0,0,0
1626.41,2000.0,0.81,21,1,0,26,0,0,0,0
11604.16,2000.0,5.8,14,26,5,45,1,0,1,0
2396.39,3000.0,0.8,15,7,1,12,0,0,0,0
1301.53,1500.0,0.87,20,24,0,30,0,0,0,0
2819.14,3000.0,0.94,19,10,0,21,0,0,0,0
4133.79,4500.0,0.92,18,27,0,39,0,0,0,0
12998.87,8000.0,1.62,23,7,0,46,0,0,0,0
1999.6,1500.0,1.33,17,9,0,44,0,0,0,0
7899.53,12000.0,0.66,8,6,0,22,0,0,0,0
16155.55,12000.0,1.35,12,14,1,32,0,0,1,0
41305.25,2000.0,20.65,17,24,4,32,1,1,2,1
3029.15,3000.0,1.01,11,7,0,16,0,0,0,0
2600.0,4500.0,0.58,19,25,0,41,0,1,0,0
5855.28,2500.0,2.34,9,2,0,16,0,0,1,0
1966.23,2000.0,0.98,18,22,0,7,0,0,0,0
8623.13,12000.0,0.72,10,26,0,16,0,0,0,0
1948.77,1500.0,1.3,18,16,0,21,0,0,0,0
11223.47,12000.0,0.94,18,24,0,24,0,0,0,0
11815.47,12000.0,0.98,9,9,0,30,0,0,1,0
2408.45,2000.0,1.2,8,2,2,12,0,0,0,0
2208.53,3000.0,0.74,10,17,0,44,0,0,0,0
2404.32,1500.0,1.6,21,11,0,37,0,0,0,0
45519.42,8000.0,5.69,8,3,3,16,0,1,2,0
7580.58,8000.0,0.95,18,17,0,43,0,0,0,0
7938.68,1500.0,5.29,18,13,5,11,1,0,1,1
12435.55,12000.0,1.04,17,27,0,50,0,0,0,0
12158.76,8000.0,1.52,7,21,0,43,0,0,0,0
3188.08,3000.0,1.06,14,25,1,40,0,0,1,0
1886.14,2000.0,0.94,18,18,0,31,0,0,0,0
1613.9,1500.0,1.08,8,7,0,15,0,0,0,0
1026.74,1500.0,0.68,7,28,0,41,0,0,0,0
4726.55,4500.0,1.05,10,21,0,7,0,0,0,0
11283.74,12000.0,0.94,9,25,0,38,0,0,0,0
23318.94,4500.0,5.18,10,15,3,9,0,0,2,0
5071.69,8000.0,0.63,10,7,0,25,0,1,0,0
12118.33,12000.0,1.01,18,2,0,42,0,0,0,0
2239.21,1500.0,1.49,19,1,1,25,0,0,0,0
2644.7,3000.0,0.88,10,3,0,24,0,0,1,0
11431.49,6000.0,1.91,16,20,0,38,1,0,0,0
1448.09,1500.0,0.97,4,7,0,31,0,0,0,0
8098.64,1500.0,5.4,17,4,3,43,1,1,2,1
1543.86,2500.0,0.62,18,27,0,24,0,0,1,0
5032.89,6000.0,0.84,10,4,0,22,0,0,0,0
31937.49,2000.0,15.97,0,19,4,44,1,1,1,1
7623.27,8000.0,0.95,12,23,0,36,0,0,0,0
2538.07,2500.0,1.02,18,9,1,28,0,0,0,0
9203.94,8000.0,1.15,11,15,0,9,0,0,0,0
8921.63,8000.0,1.12,21,2,0,21,0,0,0,0
7488.52,8000.0,0.94,10,7,0,48,0,0,0,0
15457.86,12000.0,1.29,12,22,0,43,0,0,0,0
37753.32,8000.0,4.72,18,3,5,34,1,1,1,0
13511.56,3000.0,4.5,15,4,5,12,1,1,1,1
11742.27,12000.0,0.98,12,14,0,45,0,0,0,0
6416.7,6000.0,1.07,13,26,0,38,0,0,0,0
45391.93,12000.0,3.78,12,7,4,25,1,1,2,0
1559.92,3000.0,0.52,20,7,0,16,0,0,0,0
3381.31,4500.0,0.75,11,22,0,8,0,0,0,0
2634.95,2000.0,1.32,15,26,0,42,0,0,1,0
3149.19,3000.0,1.05,7,2,0,15,0,0,0,0
13654.24,12000.0,1.14,20,1,0,49,0,0,0,0
17679.0,4500.0,3.93,18,14,5,33,1,1,1,0
97647.46,2500.0,39.06,21,18,5,37,1,0,1,1
8060.07,4500.0,1.79,11,24,0,7,0,0,0,0
3999.28,6000.0,0.67,12,14,1,20,0,0,0,0
7121.46,6000.0,1.19,19,8,0,47,0,0,0,0
2647.84,2000.0,1.32,11,11,0,18,0,0,0,0
2684.23,2000.0,1.34,17,17,0,13,0,0,0,0
2941.86,3000.0,0.98,13,19,0,42,0,0,0,0
13202.51,2500.0,5.28,10,3,4,10,1,0,1,0
3817.81,8000.0,0.48,16,9,0,20,0,0,0,0
9869.79,2000.0,4.93,6,17,3,49,1,1,1,0
50582.01,12000.0,4.22,18,20,3,24,1,0,0,0
6611.03,6000.0,1.1,10,20,0,34,0,0,0,0
1590.87,2000.0,0.8,23,4,0,44,0,0,0,0
3286.18,2500.0,1.31,18,23,0,29,0,0,1,0
33403.5,8000.0,4.18,12,4,5,26,1,1,1,0
2475.05,4500.0,0.55,17,2,0,13,0,0,0,0
1683.77,1500.0,1.12,18,14,0,21,0,0,0,0
7540.17,4500.0,1.68,14,25,0,33,0,0,0,0
18507.44,8000.0,2.31,11,21,0,14,0,0,1,0
3566.54,3000.0,1.19,3,16,0,40,0,0,0,0
2170.09,2500.0,0.87,20,26,0,21,0,0,0,0
3161.74,2000.0,1.58,11,26,0,33,0,0,0,0
1243.27,2000.0,0.62,16,28,0,28,0,0,0,0
10452.89,12000.0,0.87,10,10,0,42,0,0,0,0
2257.66,3000.0,0.75,9,5,0,24,0,0,2,0
4378.39,2000.0,2.19,14,4,0,17,0,0,0,0
97061.15,4000.0,24.27,1,18,8,32,1,1,2,1
2973.39,4500.0,0.66,21,24,0,40,0,0,0,0
6936.36,6000.0,1.16,9,1,0,10,0,0,0,0
47545.2,12000.0,3.96,18,12,4,26,1,0,2,0
2523.08,3000.0,0.84,14,3,0,48,0,0,0,0
3723.02,4500.0,0.83,18,22,0,44,0,0,0,0
6597.46,6000.0,1.1,7,14,0,25,0,0,0,0
1426.64,3000.0,0.48,9,2,0,24,0,0,0,0
2533.45,4500.0,0.56,19,20,0,44,0,0,2,0
2050.42,2000.0,1.03,10,3,0,23,0,0,0,0
1920.38,3000.0,0.64,22,25,0,33,0,0,0,0
7925.07,8000.0,0.99,16,4,1,50,0,0,0,0
8721.84,8000.0,1.09,17,23,0,43,0,0,0,0
620.38,2000.0,0.31,10,15,2,5,0,0,0,0
2298.46,2500.0,0.92,6,2,1,10,0,0,0,0
2297.88,3000.0,0.77,15,18,0,32,0,0,0,0
3209.22,2000.0,1.6,21,5,0,5,0,0,0,0
8538.56,6000.0,1.42,12,16,0,9,0,0,0,0
29209.25,8000.0,3.65,15,9,3,9,0,0,2,0
5761.56,6000.0,0.96,18,16,0,12,0,1,0,0
12656.58,8000.0,1.58,6,12,0,39,0,0,0,0
2356.22,6000.0,0.39,16,23,0,17,0,0,0,0
4301.46,3000.0,1.43,15,19,0,43,0,0,1,0
6468.92,12000.0,0.54,10,28,0,28,0,0,0,0
5921.04,2500.0,2.37,19,25,0,19,0,0,0,0
2323.48,2500.0,0.93,13,9,0,10,0,0,0,0
3161.36,1500.0,2.11,22,1,0,46,0,0,0,0
10587.38,12000.0,0.88,6,7,0,17,0,0,0,0
11162.31,12000.0,0.93,16,16,0,8,0,1,0,0
1373.8,1500.0,0.92,11,22,0,18,0,0,0,0
3268.06,3000.0,1.09,10,26,0,7,0,0,0,0
40894.59,8000.0,5.11,11,21,5,11,0,0,1,0
4898.17,4500.0,1.09,15,21,0,9,0,0,0,0
2121.08,2500.0,0.85,10,28,0,33,0,0,0,0
10257.67,8000.0,1.28,13,24,0,6,0,0,0,0
17336.06,12000.0,1.44,16,20,0,24,0,0,0,0
15332.43,12000.0,1.28,16,20,1,13,0,0,0,0
1522.37,2000.0,0.76,8,3,1,20,0,0,1,0
966.26,1500.0,0.64,7,16,0,10,0,0,1,0
3290.72,3000.0,1.1,16,20,0,45,0,0,0,0
2283.04,2000.0,1.14,20,2,0,7,0,0,1,0
16541.83,3000.0,5.51,17,9,4,48,1,0,0,0
22976.62,4500.0,5.11,13,28,3,14,1,0,0,0
7713.44,8000.0,0.96,15,11,0,22,0,0,0,0
5568.95,3000.0,1.86,12,23,0,22,0,0,1,0
5772.24,6000.0,0.96,11,12,1,18,0,0,0,0
7448.89,8000.0,0.93,7,23,0,31,0,0,0,0
13288.47,2500.0,5.32,18,13,11,43,1,0,2,1
13654.57,8000.0,1.71,16,21,0,34,0,0,0,0
43468.18,8000.0,5.43,17,7,4,34,1,1,1,0
16745.1,3000.0,5.58,17,15,5,40,1,1,0,0
8858.1,12000.0,0.74,9,5,0,28,0,0,2,0
1385.2,1500.0,0.92,7,19,0,32,0,0,1,0
1506.94,2000.0,0.75,9,22,0,30,0,0,0,0
13809.51,2500.0,5.52,12,1,3,46,1,0,1,0
3828.55,3000.0,1.28,9,11,0,25,0,0,0,0
3779.68,4500.0,0.84,12,24,1,26,0,0,0,0
3659.84,2500.0,1.46,17,21,1,8,0,0,0,0
1071.47,2000.0,0.54,7,4,0,31,0,0,0,0
1909.61,2500.0,0.76,9,3,0,37,0,0,1,0
5204.88,6000.0,0.87,10,24,1,28,0,0,0,0
3460.48,4500.0,0.77,16,12,0,34,0,0,0,0
1391.56,2500.0,0.56,13,24,0,31,0,0,0,0
14038.01,12000.0,1.17,9,20,0,41,0,0,0,0
7197.76,12000.0,0.6,16,1,2,17,0,0,1,0
10483.22,2000.0,5.24,12,22,5,23,1,1,0,0
2168.56,2500.0,0.87,11,26,2,21,0,0,0,0
45813.83,8000.0,5.73,8,13,4,33,0,0,1,0
40847.86,1500.0,27.23,4,20,4,8,1,1,2,1
6165.62,4500.0,1.37,10,10,1,32,0,0,0,0
12494.4,8000.0,1.56,14,9,1,18,0,0,0,0
1337.38,3000.0,0.45,16,15,0,45,0,0,0,0
5539.14,3000.0,1.85,10,15,1,39,0,0,0,0
11235.4,8000.0,1.4,17,9,0,17,0,0,1,0
3610.51,4500.0,0.8,9,17,0,43,0,0,0,0
2105.32,1500.0,1.4,18,15,0,22,0,0,0,0
13684.17,12000.0,1.14,14,21,0,17,0,0,0,0
11811.51,12000.0,0.98,18,13,0,21,0,0,0,0
2293.24,2000.0,1.15,17,17,0,9,0,0,0,0
4522.8,3000.0,1.51,12,10,0,8,0,0,0,0
21600.15,6000.0,3.6,17,13,5,17,0,0,0,0
9492.62,8000.0,1.19,14,24,0,50,0,0,0,0
4645.58,4500.0,1.03,15,17,0,23,0,0,0,0
7513.23,8000.0,0.94,7,21,1,25,0,0,1,0
3550.51,4500.0,0.79,21,21,0,37,0,0,1,0
2448.01,1500.0,1.63,8,19,0,7,0,0,1,0
1722.6,2500.0,0.69,17,6,0,29,0,0,0,0
3166.96,4500.0,0.7,15,28,0,38,0,0,1,0
2827.02,2500.0,1.13,11,26,0,9,0,1,0,0
12490.93,8000.0,1.56,13,20,0,7,0,0,0,0
8293.81,2000.0,4.15,12,14,5,35,1,0,1,0
1499.66,1500.0,1.0,6,17,0,48,0,0,0,0
4611.08,6000.0,0.77,13,28,0,5,0,0,1,0
1648.45,2000.0,0.82,16,8,0,22,0,0,0,0
2815.7,2500.0,1.13,19,5,0,35,0,0,0,0
7547.76,1500.0,5.03,13,3,3,34,1,0,1,0
16904.05,12000.0,1.41,17,10,1,46,0,0,1,0
5794.98,1500.0,3.86,9,2,5,17,1,1,1,0
1633.6,4500.0,0.36,12,21,0,47,0,0,0,0
1461.15,1500.0,0.97,17,19,0,14,0,0,0,0
4652.95,3000.0,1.55,19,24,0,49,0,0,0,0
1547.74,2000.0,0.77,18,8,0,43,0,0,0,0
4592.01,6000.0,0.77,5,8,0,6,0,0,0,0
1148.54,1500.0,0.77,21,11,0,13,0,0,1,0
2043.27,1500.0,1.36,15,8,0,20,0,0,1,0
2694.88,2000.0,1.35,14,22,0,6,0,0,0,0
1287.36,2000.0,0.64,12,21,0,9,0,0,1,0
1058.86,2000.0,0.53,19,6,0,30,0,0,0,0
6129.26,2500.0,2.45,18,24,0,9,1,0,0,0
8586.05,12000.0,0.72,18,19,0,43,0,0,0,0
2218.6,3000.0,0.74,19,22,0,11,0,0,0,0
3021.0,1500.0,2.01,19,21,0,31,0,0,0,0
2140.89,2500.0,0.86,13,26,0,26,0,0,0,0
8276.52,2000.0,4.14,18,20,4,40,0,0,1,0
22517.02,12000.0,1.88,13,22,0,42,0,0,1,0
1120.69,1500.0,0.75,16,26,0,8,0,0,0,0
6034.6,4500.0,1.34,15,17,0,46,0,0,1,0
2336.21,2500.0,0.93,10,9,0,49,0,0,1,0
2301.26,2500.0,0.92,17,16,0,15,0,0,0,0
4032.55,4500.0,0.9,22,20,1,42,0,0,0,0
4700.32,8000.0,0.59,23,16,0,45,0,0,0,0
2532.29,2000.0,1.27,23,3,0,32,0,0,0,0
8973.08,12000.0,0.75,12,4,1,9,0,0,0,0
11118.42,3000.0,3.71,20,9,4,39,1,0,2,0
1806.67,1500.0,1.2,10,14,0,24,0,0,1,0
9470.44,2000.0,4.74,10,5,4,20,1,1,2,0
13041.49,2500.0,5.22,11,19,4,17,1,0,1,0
6303.28,6000.0,1.05,14,23,1,5,0,0,0,0
6865.98,6000.0,1.14,10,10,0,16,0,0,1,0
5225.93,6000.0,0.87,9,7,1,12,0,0,0,0
1546.42,1500.0,1.03,13,19,1,48,0,0,0,0
3062.42,3000.0,1.02,20,23,0,7,0,0,0,0
1705.3,2000.0,0.85,18,13,0,23,0,0,0,0
8206.13,12000.0,0.68,12,23,0,17,0,1,1,0
2957.77,4500.0,0.66,22,6,0,9,0,0,0,0
11821.37,12000.0,0.99,20,18,0,42,0,0,0,0
3106.43,3000.0,1.04,15,21,1,39,0,0,0,0
3882.89,3000.0,1.29,10,5,0,27,0,0,0,0
5768.66,8000.0,0.72,10,13,0,14,0,0,0,0
4657.05,8000.0,0.58,16,26,0,22,0,0,0,0
2322.88,3000.0,0.77,12,1,0,25,0,0,0,0
6030.81,12000.0,0.5,7,12,1,36,0,0,0,0
17301.86,8000.0,2.16,0,22,0,36,0,0,1,0
22600.64,6000.0,3.77,9,3,3,33,0,1,0,0
2967.16,4500.0,0.66,19,2,1,10,0,0,0,0
7844.05,2000.0,3.92,7,25,4,15,0,1,2,0
2008.87,1500.0,1.34,15,12,0,18,0,0,0,0
2808.44,2500.0,1.12,14,21,0,17,0,0,0,0
2883.79,3000.0,0.96,16,12,0,22,0,0,0,0
4438.24,3000.0,1.48,9,16,0,6,0,0,0,0
2309.17,4500.0,0.51,17,10,0,20,0,0,0,0
9428.53,6000.0,1.57,19,9,0,22,0,0,0,0
10924.58,4500.0,2.43,10,27,0,28,0,0,0,0
4278.5,2500.0,1.71,15,21,0,26,0,0,0,0
27055.66,12000.0,2.25,11,1,0,24,0,0,1,0
5632.07,4500.0,1.25,9,21,0,48,0,0,0,0
1144.31,1500.0,0.76,9,2,0,30,0,0,0,0
5129.96,4500.0,1.14,12,23,0,16,0,0,1,0
2466.96,1500.0,1.64,10,15,0,17,0,0,0,0
31406.93,6000.0,5.23,18,10,3,33,1,0,0,0
2369.5,2500.0,0.95,17,11,1,11,0,0,0,0
7119.28,6000.0,1.19,12,3,0,25,0,0,0,0
2368.93,3000.0,0.79,20,16,0,42,0,0,0,0
16794.34,3000.0,5.6,10,20,5,41,0,0,1,0
1978.38,2000.0,0.99,15,10,1,30,0,0,0,0
1362.33,1500.0,0.91,6,23,0,43,0,0,2,0
10562.1,8000.0,1.32,22,18,0,18,0,0,0,0
2643.57,3000.0,0.88,7,3,0,15,0,0,0,0
2819.09,2500.0,1.13,6,15,0,29,0,0,1,0
3344.93,2000.0,1.67,17,19,0,37,0,0,1,0
35260.38,8000.0,4.41,15,25,4,20,1,0,1,0
7634.77,2500.0,3.05,4,14,5,46,1,1,2,1
1955.86,2000.0,0.98,11,14,0,38,0,0,0,0
2679.98,1500.0,1.79,10,16,0,29,0,0,0,0
67277.78,12000.0,5.61,20,13,3,41,1,1,1,0
3353.46,4500.0,0.75,15,22,0,25,0,0,0,0
7061.33,2000.0,3.53,11,16,4,35,1,1,1,0
2999.58,1500.0,2.0,10,26,0,39,0,0,0,0
1513.4,2000.0,0.76,5,14,0,19,0,0,0,0
1881.36,6000.0,0.31,19,27,0,23,0,1,0,0
7894.31,4500.0,1.75,9,15,0,7,0,0,0,0
3216.89,8000.0,0.4,8,22,0,21,0,0,0,0
3761.54,3000.0,1.25,11,22,0,38,0,0,1,0
8569.87,8000.0,1.07,16,5,0,26,0,0,0,0
2090.54,1500.0,1.39,15,3,0,27,0,0,1,0
1703.49,2500.0,0.68,18,5,0,7,0,0,0,0
2819.91,2000.0,1.41,11,16,1,16,1,0,0,0
8855.09,1500.0,5.9,11,10,4,10,1,1,1,0
9929.97,12000.0,0.83,3,1,0,25,0,0,0,0
1625.65,2500.0,0.65,19,28,0,29,0,0,0,0
14897.55,2500.0,5.96,10,21,5,30,1,1,1,0
2026.26,3000.0,0.68,13,24,1,22,0,0,0,0
13783.61,12000.0,1.15,8,28,1,37,0,0,0,0
3813.24,12000.0,0.32,13,22,0,47,0,0,0,0
9247.88,12000.0,0.77,8,11,0,50,0,1,0,0
13024.73,12000.0,1.09,14,23,1,29,0,0,0,0
1650.18,1500.0,1.1,15,15,1,17,0,0,0,0
2455.93,1500.0,1.64,22,6,0,20,0,0,0,0
10024.55,12000.0,0.84,14,18,2,22,0,0,1,0
12279.03,6000.0,2.05,21,28,0,11,0,0,0,0
8947.71,2000.0,4.47,15,2,4,11,1,0,2,1
2372.94,1500.0,1.58,18,25,0,48,0,0,1,0
2075.7,2000.0,1.04,14,28,0,5,0,0,0,0
12253.56,8000.0,1.53,10,17,0,47,0,0,0,0
2053.83,1500.0,1.37,21,26,0,37,0,0,0,0
1233.55,2000.0,0.62,9,11,0,27,0,0,1,0
11210.75,12000.0,0.93,19,12,0,20,0,0,0,0
12431.81,12000.0,1.04,15,14,0,6,0,0,0,0
5520.04,6000.0,0.92,12,17,0,15,0,0,0,0
5042.63,3000.0,1.68,7,1,0,24,0,0,1,0
933.79,1500.0,0.62,17,1,0,49,0,0,0,0
3188.76,2000.0,1.59,4,28,0,41,0,0,2,0
1647.02,2500.0,0.66,13,17,1,19,0,0,0,0
2827.95,2500.0,1.13,16,27,0,35,0,0,0,0
8355.33,6000.0,1.39,12,4,2,15,0,0,0,0
8026.74,1500.0,5.35,10,8,4,12,1,1,1,0
4543.94,6000.0,0.76,11,18,0,46,0,0,0,0
1735.74,4500.0,0.39,8,12,0,48,0,0,0,0
1679.11,2500.0,0.67,14,17,0,7,0,0,0,0
7591.53,12000.0,0.63,12,16,0,8,0,0,0,0
20698.68,12000.0,1.72,18,22,1,35,0,0,0,0
6638.87,12000.0,0.55,18,9,0,28,0,0,0,0
6036.43,8000.0,0.75,14,26,0,16,0,0,2,0
2062.19,4500.0,0.46,12,2,0,13,0,0,0,0
2113.35,1500.0,1.41,15,9,0,10,0,1,1,0
1799.96,1500.0,1.2,1,19,0,16,0,0,0,0
4563.51,6000.0,0.76,16,4,0,41,0,0,0,0
2313.97,1500.0,1.54,10,16,1,46,1,0,0,0
8186.28,12000.0,0.68,17,9,0,22,0,0,0,0
1337.73,1500.0,0.89,14,14,0,26,0,0,0,0
8538.37,6000.0,1.42,13,18,1,46,0,0,0,0
9940.69,4500.0,2.21,19,13,0,30,0,0,0,0
1411.25,2500.0,0.56,11,9,0,49,0,0,0,0
8350.2,1500.0,5.57,8,16,4,42,1,0,1,1
1977.7,1500.0,1.32,18,20,0,35,0,0,1,0
11495.67,8000.0,1.44,19,11,1,36,0,0,0,0
9720.91,6000.0,1.62,6,13,0,46,0,0,0,0
1656.43,1500.0,1.1,18,18,0,8,0,0,0,0
6738.66,6000.0,1.12,16,4,0,39,0,0,0,0
1684.62,2000.0,0.84,17,6,1,50,0,0,1,0
6167.01,8000.0,0.77,20,27,0,10,1,0,0,0
5073.89,4500.0,1.13,15,9,0,42,0,0,0,0
2397.83,2000.0,1.2,10,17,0,17,0,0,0,0
4753.43,4500.0,1.06,17,13,1,31,0,0,0,0
3219.19,4500.0,0.72,21,2,0,44,0,0,0,0
753.69,1500.0,0.5,10,4,1,29,0,0,0,0
1245.47,2000.0,0.62,10,16,0,10,0,0,0,0
1601.59,1500.0,1.07,10,13,0,26,0,0,0,0
7571.9,6000.0,1.26,17,14,0,41,0,0,0,0
11144.18,2000.0,5.57,7,12,3,23,1,1,1,0
3378.09,3000.0,1.13,14,18,0,11,0,0,0,0
2381.32,1500.0,1.59,10,5,0,31,0,0,0,0
4117.57,6000.0,0.69,11,22,0,5,0,0,0,0
2529.92,1500.0,1.69,11,21,0,12,0,0,0,0
8925.79,8000.0,1.12,17,27,0,46,0,0,0,0
10012.89,12000.0,0.83,0,20,1,46,0,0,0,0
3550.98,2500.0,1.42,9,8,0,7,0,0,1,0
3719.13,3000.0,1.24,14,14,0,5,0,0,0,0
2342.69,4500.0,0.52,10,13,0,49,0,0,0,0
7999.58,8000.0,1.0,11,2,0,11,0,0,0,0
42266.12,12000.0,3.52,9,12,3,35,1,0,2,0
17575.72,8000.0,2.2,18,19,0,43,0,0,0,0
20309.9,12000.0,1.69,18,26,0,24,0,0,1,0
9309.1,6000.0,1.55,10,26,0,22,0,0,0,0
6113.97,1500.0,4.08,12,8,4,30,1,0,1,0
1073.29,1500.0,0.72,17,3,1,45,0,0,1,0
1050.23,1500.0,0.7,11,13,1,6,0,0,0,0
2009.03,3000.0,0.67,12,22,0,30,0,0,0,0
6296.38,4500.0,1.4,18,1,0,12,0,0,1,0
17471.5,4500.0,3.88,7,17,3,11,1,0,0,0
4738.26,6000.0,0.79,13,10,0,30,0,0,0,0
76916.42,4000.0,19.23,3,20,7,38,1,1,2,1
12214.87,2500.0,4.89,10,26,5,28,1,1,1,1
33129.76,6000.0,5.52,7,16,5,25,1,0,1,0
2402.77,2500.0,0.96,20,10,0,10,0,0,0,0
6668.01,8000.0,0.83,14,6,1,32,0,0,0,0
6035.51,4500.0,1.34,11,10,1,30,0,0,0,0
10352.29,8000.0,1.29,9,16,0,47,0,0,0,0
8694.16,12000.0,0.72,18,9,0,21,0,0,1,0
25987.26,4500.0,5.77,9,3,4,47,1,0,1,0
5498.42,12000.0,0.46,15,20,0,46,0,0,0,0
14446.03,8000.0,1.81,14,9,1,22,0,0,0,0
4238.29,4500.0,0.94,19,6,0,36,0,0,0,0
4332.87,6000.0,0.72,4,8,0,31,0,0,0,0
3235.41,3000.0,1.08,13,26,1,24,0,0,0,0
69490.95,12000.0,5.79,12,2,5,7,1,0,0,0
24891.2,4500.0,5.53,9,11,4,22,0,0,0,0
6615.37,12000.0,0.55,12,7,0,21,0,0,0,0
2791.51,3000.0,0.93,22,9,0,26,0,0,0,0
12430.21,8000.0,1.55,12,12,0,21,0,0,0,0
39065.69,8000.0,4.88,12,28,5,39,0,0,1,0
3948.21,2000.0,1.97,11,10,0,27,0,0,0,0
2928.71,3000.0,0.98,14,20,0,28,0,0,0,0
1420.35,2000.0,0.71,14,15,0,10,0,0,0,0
1670.58,2500.0,0.67,16,25,1,30,0,0,0,0
3275.68,3000.0,1.09,9,18,0,42,0,0,2,0
11171.04,4500.0,2.48,14,10,1,19,0,0,0,0
4080.16,4500.0,0.91,0,22,0,25,0,0,0,0
1667.77,1500.0,1.11,12,15,0,39,0,0,1,0
5787.92,3000.0,1.93,9,4,0,24,0,0,0,0
2510.95,3000.0,0.84,9,24,0,28,0,0,0,0
704.85,1500.0,0.47,17,14,0,39,0,0,1,0
10046.36,12000.0,0.84,13,8,0,34,0,0,0,0
3866.8,3000.0,1.29,9,1,0,38,0,0,0,0
3919.8,2000.0,1.96,22,12,0,40,0,0,0,0
2229.4,1500.0,1.49,9,18,0,9,0,0,0,0
3249.56,2000.0,1.62,21,18,0,13,0,0,0,0
1627.38,2000.0,0.81,16,1,0,29,0,0,1,0
10897.33,2500.0,4.36,6,16,3,30,1,1,1,0
4092.73,8000.0,0.51,19,27,1,42,0,0,1,0
7876.14,6000.0,1.31,15,16,1,20,0,0,0,0
1598.49,1500.0,1.07,6,16,0,48,0,0,0,0
7663.66,12000.0,0.64,13,1,0,13,0,0,0,0
17513.76,12000.0,1.46,14,20,0,22,0,0,0,0
1247.27,1500.0,0.83,17,11,0,22,0,0,0,0
13363.03,12000.0,1.11,12,6,0,11,0,0,0,0
1091.92,1500.0,0.73,20,24,0,22,0,0,0,0
4171.06,6000.0,0.7,15,28,0,9,0,0,0,0
9400.38,8000.0,1.18,18,26,0,33,0,0,0,0
1074.28,2500.0,0.43,8,25,1,6,0,0,0,0
3014.14,2000.0,1.51,10,18,0,33,0,0,0,0
6915.1,8000.0,0.86,13,21,0,32,0,0,0,0
17764.93,3000.0,5.92,9,7,4,31,1,0,1,0
5791.63,6000.0,0.97,11,5,0,45,0,0,0,0
9114.23,12000.0,0.76,16,14,0,28,0,0,0,0
8851.13,6000.0,1.48,19,24,0,36,0,0,0,0
2700.39,2000.0,1.35,13,25,0,29,0,0,0,0
2388.22,2000.0,1.19,9,19,0,7,0,0,0,0
2772.92,3000.0,0.92,15,14,0,5,0,0,0,0
18197.86,4500.0,4.04,8,14,5,17,1,1,1,0
1757.17,2000.0,0.88,14,13,0,44,0,0,0,0
6706.04,4500.0,1.49,19,15,1,7,0,0,0,0
5479.23,8000.0,0.68,10,25,0,15,0,0,0,0
13361.22,3000.0,4.45,18,5,6,34,1,0,2,1
7659.81,8000.0,0.96,4,3,0,8,0,0,0,0
5806.08,4500.0,1.29,15,19,1,5,0,0,0,0
1805.4,2000.0,0.9,0,19,0,26,0,0,0,0
2243.02,1500.0,1.5,16,5,0,18,0,0,0,0
9466.5,12000.0,0.79,20,3,0,30,0,0,0,0
6982.99,6000.0,1.16,12,11,0,11,0,0,0,0
4922.22,6000.0,0.82,14,19,2,18,0,0,0,0
1807.51,2000.0,0.9,17,6,0,10,0,0,0,0
2637.32,2000.0,1.32,9,5,0,42,0,0,1,0
3707.85,4500.0,0.82,10,3,0,13,1,0,0,0
6582.17,12000.0,0.55,13,8,0,11,0,0,0,0
1092.83,1500.0,0.73,15,26,0,36,0,0,0,0
4258.58,4500.0,0.95,4,26,1,39,0,0,0,0
58461.47,12000.0,4.87,10,13,4,6,1,0,0,0
3896.38,2500.0,1.56,12,25,0,20,0,0,0,0
3629.17,6000.0,0.6,10,27,0,32,0,0,0,0
3928.64,4500.0,0.87,15,1,0,10,0,0,0,0
2938.15,4500.0,0.65,12,1,0,42,0,0,0,0
4066.7,8000.0,0.51,21,6,0,47,0,0,0,0
16163.81,12000.0,1.35,16,16,0,34,0,0,0,0
4543.69,6000.0,0.76,18,17,0,47,0,0,0,0
2084.3,2500.0,0.83,10,5,0,27,0,0,0,0
33485.07,6000.0,5.58,9,8,4,18,1,0,1,0
2733.89,1500.0,1.82,8,11,0,27,0,0,0,0
7445.43,12000.0,0.62,21,13,0,12,0,0,0,0
8403.81,8000.0,1.05,17,8,0,19,0,0,0,0
3943.02,4500.0,0.88,10,1,0,14,0,0,0,0
10438.76,6000.0,1.74,11,17,1,33,0,0,0,0
1895.55,1500.0,1.26,15,7,0,12,0,0,0,0
839.9,1500.0,0.56,10,11,0,6,0,0,1,0
29235.88,8000.0,3.65,16,21,3,6,0,0,2,0
23779.22,12000.0,1.98,20,16,0,24,0,0,0,0
2013.58,2000.0,1.01,10,4,1,29,1,0,0,0
5733.58,4500.0,1.27,1,18,0,16,0,0,1,0
1744.81,2000.0,0.87,10,12,0,27,0,0,0,0
4077.62,3000.0,1.36,9,9,0,44,0,0,1,0
60443.41,2000.0,30.22,20,14,6,49,1,0,0,1
6775.15,1500.0,4.52,17,11,4,49,0,1,1,0
10302.57,8000.0,1.29,14,18,0,47,0,0,0,0
9893.17,12000.0,0.82,9,22,0,42,0,0,0,0
54708.54,12000.0,4.56,17,13,5,5,1,1,0,0
5692.93,6000.0,0.95,18,3,0,47,0,0,0,0
4838.41,3000.0,1.61,8,18,0,26,0,0,0,0
6857.86,6000.0,1.14,18,20,0,25,0,0,0,0
5417.07,8000.0,0.68,12,25,0,28,0,0,0,0
2828.69,2000.0,1.41,9,24,0,10,0,0,1,0
15207.6,3000.0,5.07,19,10,5,22,1,0,0,0
2719.82,2500.0,1.09,18,11,0,42,0,0,0,0
1707.49,2000.0,0.85,13,14,0,14,0,0,1,0
1462.7,3000.0,0.49,11,6,0,49,0,0,0,0
936.84,1500.0,0.62,9,8,0,33,0,0,0,0
7138.17,6000.0,1.19,8,4,0,10,0,0,0,0
1075.19,1500.0,0.72,10,6,0,16,0,0,0,0
4729.03,6000.0,0.79,18,14,1,23,0,0,1,0
1615.83,2500.0,0.65,13,22,0,11,0,0,0,0
15943.15,8000.0,1.99,10,26,1,6,0,0,0,0
32668.48,8000.0,4.08,18,26,4,45,0,1,1,0
5653.54,3000.0,1.88,15,25,0,25,0,0,0,0
28097.41,6000.0,4.68,15,19,3,8,1,0,1,0
2266.55,2500.0,0.91,7,10,0,6,0,0,0,0
31275.84,6000.0,5.21,18,24,4,49,1,1,1,0
9871.55,12000.0,0.82,13,17,0,42,0,0,1,0
1220.22,2000.0,0.61,17,12,1,8,0,0,1,0
3647.42,4500.0,0.81,10,26,0,37,0,0,1,0
1874.54,3000.0,0.62,19,26,1,26,0,0,0,0
4453.55,4500.0,0.99,14,24,0,14,0,0,0,0
432.8,1500.0,0.29,19,8,0,32,0,0,0,0
4813.53,6000.0,0.8,17,4,0,16,0,0,1,0
8844.38,8000.0,1.11,19,3,0,12,0,0,0,0
3086.5,2500.0,1.23,15,2,0,26,0,0,0,0
21732.15,12000.0,1.81,7,11,0,32,0,0,0,0
66078.97,3000.0,22.03,23,23,8,49,1,1,1,1
13085.54,8000.0,1.64,17,15,0,5,0,0,0,0
8580.22,6000.0,1.43,8,25,0,5,0,0,0,0
2005.47,1500.0,1.34,11,5,0,29,0,0,0,0
2016.78,2000.0,1.01,16,11,0,49,0,0,0,0
8644.35,2000.0,4.32,10,19,4,25,1,1,2,0
2596.71,3000.0,0.87,19,6,1,32,0,0,1,0
2085.51,1500.0,1.39,19,20,0,29,0,0,0,0
11256.33,3000.0,3.75,20,18,5,42,1,0,2,0
4683.16,3000.0,1.56,15,27,0,36,0,0,0,0
3552.38,2500.0,1.42,8,10,0,32,1,0,0,0
4476.51,4500.0,0.99,12,21,0,31,0,0,0,0
16340.89,3000.0,5.45,10,24,3,34,0,1,0,0
1045.82,1500.0,0.7,14,23,0,34,0,0,2,0
7353.59,6000.0,1.23,17,21,0,9,0,0,0,0
1280.47,1500.0,0.85,11,10,1,40,0,0,1,0
12854.68,3000.0,4.28,8,14,3,30,1,1,2,0
2342.48,2500.0,0.94,11,28,1,19,0,0,0,0
4690.05,8000.0,0.59,21,25,0,22,0,0,2,0
2600.83,3000.0,0.87,17,26,0,22,0,0,1,0
9360.02,6000.0,1.56,9,22,0,44,0,0,0,0
2279.35,2000.0,1.14,3,12,0,35,0,0,0,0
2166.1,1500.0,1.44,13,5,0,19,1,0,0,0
1986.04,1500.0,1.32,12,15,0,32,0,0,2,0
14258.93,8000.0,1.78,11,21,0,23,0,0,0,0
57135.29,2500.0,22.85,17,5,3,48,0,0,2,1
8855.49,2000.0,4.43,10,4,4,25,0,1,0,0
5759.8,4500.0,1.28,12,20,0,46,0,0,1,0
3339.29,3000.0,1.11,11,8,0,7,0,0,0,0
8403.61,8000.0,1.05,19,8,1,39,0,0,0,0
14572.52,3000.0,4.86,5,5,5,31,1,1,1,0
1182.57,1500.0,0.79,16,10,0,13,0,0,0,0
2472.77,2500.0,0.99,10,22,0,25,0,0,0,0
1823.05,2000.0,0.91,21,23,0,35,0,0,0,0
14036.53,8000.0,1.75,12,6,0,28,0,0,0,0
6109.71,1500.0,4.07,12,9,3,50,1,0,2,0
3864.25,3000.0,1.29,20,5,0,48,0,0,0,0
4673.2,6000.0,0.78,11,14,0,26,0,0,0,0
3595.13,6000.0,0.6,10,24,0,49,0,0,2,0
5818.63,8000.0,0.73,12,21,1,47,0,0,0,0
27195.32,1500.0,18.13,23,28,6,11,1,1,2,1
9912.9,12000.0,0.83,10,16,0,47,0,0,0,0
10350.17,2500.0,4.14,8,18,4,37,1,0,1,0
6114.05,4500.0,1.36,10,22,0,39,0,0,0,0
11422.87,12000.0,0.95,16,22,1,24,0,0,0,0
837.48,1500.0,0.56,21,16,1,9,0,0,0,0
13274.03,12000.0,1.11,11,2,2,6,0,0,0,0
1853.11,1500.0,1.24,19,19,0,14,0,0,0,0
43744.57,3000.0,14.58,2,14,6,5,1,1,2,1
14531.03,12000.0,1.21,13,2,0,9,0,0,0,0
4952.55,6000.0,0.83,10,12,0,34,0,0,1,0
6116.02,8000.0,0.76,19,12,0,31,0,0,0,0
19510.81,12000.0,1.63,8,13,1,42,0,0,0,0
4448.86,2000.0,2.22,15,4,1,27,0,0,1,0
4709.84,8000.0,0.59,5,6,0,44,0,0,0,0
4928.0,6000.0,0.82,16,5,1,12,0,0,0,0
18474.93,12000.0,1.54,20,22,0,23,0,0,0,0
1599.91,4500.0,0.36,9,28,0,33,0,0,0,0
2317.61,2000.0,1.16,8,14,0,46,0,0,0,0
1079.85,2000.0,0.54,11,8,0,24,0,0,1,0
5774.97,4500.0,1.28,12,3,0,41,0,0,0,0
2808.99,2500.0,1.12,11,26,0,41,0,0,0,0
2272.09,6000.0,0.38,7,5,1,33,0,0,0,0
2645.02,2500.0,1.06,9,18,0,36,0,0,0,0
10143.56,12000.0,0.85,16,28,0,32,0,1,0,0
68154.3,12000.0,5.68,11,2,5,41,1,1,2,0
48437.96,12000.0,4.04,11,6,5,27,1,0,2,0
8966.3,12000.0,0.75,17,26,0,9,0,0,1,0
20178.07,12000.0,1.68,17,6,0,42,0,0,0,0
13423.61,2000.0,6.71,21,4,6,45,1,1,2,1
1989.75,1500.0,1.33,11,15,1,22,0,0,0,0
1938.69,2000.0,0.97,8,9,0,31,0,0,0,0
2808.02,3000.0,0.94,8,11,0,14,0,0,0,0
1240.44,1500.0,0.83,17,20,0,17,0,0,0,0
77301.04,3000.0,25.77,2,25,8,44,1,1,2,1
30287.81,3000.0,10.1,2,5,3,18,1,1,2,1
1996.09,2500.0,0.8,19,19,0,48,1,0,0,0
4107.84,6000.0,0.68,12,12,0,42,0,0,0,0
1875.81,2500.0,0.75,11,19,0,18,0,0,1,0
2558.95,2500.0,1.02,17,25,0,19,0,0,0,0
1010.12,2000.0,0.51,13,21,0,33,0,0,0,0
12207.92,8000.0,1.53,12,16,1,9,0,0,0,0
16667.21,8000.0,2.08,12,24,1,24,0,0,0,0
6407.9,4500.0,1.42,10,9,0,17,0,0,0,0
1203.95,2000.0,0.6,14,7,0,20,0,0,1,0
1239.81,2000.0,0.62,11,10,0,6,0,0,0,0
9743.27,2500.0,3.9,13,3,4,16,0,1,1,0
1789.68,1500.0,1.19,16,20,0,20,0,0,0,0
7118.08,1500.0,4.75,16,16,4,5,1,0,1,0
4994.8,8000.0,0.62,15,18,0,16,0,0,0,0
1753.21,1500.0,1.17,16,21,0,50,0,0,0,0
2962.44,2000.0,1.48,14,13,0,33,0,0,0,0
27930.65,6000.0,4.66,0,27,4,34,0,1,1,0
13888.04,12000.0,1.16,12,13,0,15,0,0,0,0
1829.77,2000.0,0.91,18,18,0,26,0,0,0,0
6846.34,6000.0,1.14,6,10,0,43,0,0,1,0
838.53,1500.0,0.56,19,28,0,44,0,0,0,0
1203.03,2000.0,0.6,1,4,0,49,1,0,0,0
6260.9,12000.0,0.52,13,2,0,30,0,0,0,0
6100.77,8000.0,0.76,9,24,0,14,0,0,0,0
2062.43,1500.0,1.37,8,13,0,50,0,0,0,0
23964.99,4500.0,5.33,19,10,5,39,1,0,1,0
1984.06,2500.0,0.79,13,2,1,25,0,0,0,0
997.71,1500.0,0.67,16,9,1,26,0,0,0,0
2346.73,2000.0,1.17,17,15,0,10,0,0,0,0
4238.8,3000.0,1.41,13,15,0,25,0,0,0,0
18653.47,12000.0,1.55,18,22,0,39,0,0,0,0
6037.1,8000.0,0.75,10,18,0,43,0,0,0,0
3936.34,4500.0,0.87,16,24,0,45,0,0,0,0
7631.37,6000.0,1.27,11,28,0,45,0,0,2,0
10980.35,12000.0,0.92,17,3,1,44,0,0,0,0
1504.51,3000.0,0.5,18,13,0,48,0,0,0,0
2905.86,2500.0,1.16,19,16,0,36,0,0,1,0
9636.48,8000.0,1.2,15,7,0,7,0,0,0,0
30449.32,8000.0,3.81,15,26,3,43,0,0,2,0
2949.3,4500.0,0.66,18,2,0,31,0,0,0,0
2551.84,2500.0,1.02,11,11,0,44,0,0,0,0
3190.55,2000.0,1.6,10,8,0,41,0,0,0,0
6285.17,1500.0,4.19,11,25,3,14,1,1,0,0
12921.22,12000.0,1.08,21,3,0,47,0,0,0,0
7602.86,1500.0,5.07,10,4,5,31,1,0,2,1
765.31,1500.0,0.51,14,16,0,17,0,0,1,0
24801.92,12000.0,2.07,16,26,0,11,0,0,0,0
4902.11,4500.0,1.09,8,5,1,48,0,0,2,0
2980.32,3000.0,0.99,11,10,0,24,0,0,0,0
6634.37,6000.0,1.11,6,3,0,26,0,0,1,0
4044.51,2000.0,2.02,15,10,0,8,0,0,0,0
2845.69,2500.0,1.14,12,25,0,18,0,0,0,0
4109.99,2500.0,1.64,8,6,0,40,0,0,0,0
1147.49,2000.0,0.57,7,18,0,19,1,0,1,0
13878.78,3000.0,4.63,9,16,5,23,1,1,0,0
2721.05,4500.0,0.6,12,16,1,33,0,0,0,0
14147.08,12000.0,1.18,10,17,0,15,0,0,0,0
26743.59,6000.0,4.46,15,14,3,47,1,1,0,0
7051.66,12000.0,0.59,17,20,0,50,0,0,0,0
7348.53,6000.0,1.22,19,28,1,41,0,0,0,0
2308.16,2500.0,0.92,13,1,0,49,0,0,0,0
1473.67,2000.0,0.74,11,21,0,39,0,0,0,0
2957.74,2500.0,1.18,16,2,0,20,1,0,0,0
5454.14,4500.0,1.21,17,27,0,17,0,0,0,0
9955.55,12000.0,0.83,14,6,0,33,0,0,0,0
13282.27,8000.0,1.66,18,7,0,19,0,0,0,0
12606.09,6000.0,2.1,5,27,0,26,0,0,0,0
1198.44,1500.0,0.8,10,28,1,30,0,0,0,0
24349.05,4500.0,5.41,17,6,4,11,0,0,1,0
1961.88,2000.0,0.98,16,16,0,21,0,0,1,0
2754.57,6000.0,0.46,18,28,0,18,0,0,0,0
8219.92,6000.0,1.37,18,9,0,36,0,0,0,0
42205.15,8000.0,5.28,17,25,4,17,1,1,1,0
16405.87,12000.0,1.37,13,12,0,49,0,0,0,0
1585.54,1500.0,1.06,19,5,0,45,0,0,1,0
3895.13,2500.0,1.56,19,28,1,44,0,0,0,0
4582.87,4500.0,1.02,12,25,1,36,0,0,0,0
6254.3,6000.0,1.04,11,11,1,15,0,1,0,0
1232.09,1500.0,0.82,14,17,0,47,0,0,0,0
6362.24,4500.0,1.41,19,6,0,27,0,0,0,0
9003.47,6000.0,1.5,18,3,0,18,0,0,0,0
1906.12,2000.0,0.95,6,8,0,17,0,0,0,0
1087.31,1500.0,0.72,19,1,0,30,0,0,2,0
4967.29,2500.0,1.99,18,22,0,18,0,0,0,0
15594.94,12000.0,1.3,17,18,0,11,0,0,1,0
6499.27,4500.0,1.44,13,1,0,18,0,0,0,0
10701.62,4500.0,2.38,8,4,0,6,0,0,1,0
10814.32,2500.0,4.33,8,15,5,19,1,1,2,1
3099.88,3000.0,1.03,18,4,0,48,0,0,0,0
2341.4,2000.0,1.17,12,19,0,32,0,0,0,0
1979.29,1500.0,1.32,23,21,0,24,0,0,0,0
5878.2,12000.0,0.49,21,5,0,30,0,0,0,0
7412.89,8000.0,0.93,19,9,1,12,0,0,0,0
3643.57,4500.0,0.81,18,25,0,42,0,0,0,0
2537.74,2500.0,1.02,16,7,0,15,0,0,0,0
3103.22,2500.0,1.24,12,16,0,16,0,0,0,0
13550.97,3000.0,4.52,10,11,3,5,1,0,2,0
1988.79,3000.0,0.66,10,1,0,46,0,0,0,0
6090.77,8000.0,0.76,14,11,0,42,0,0,0,0
2345.39,6000.0,0.39,15,28,0,12,0,0,0,0
15941.1,12000.0,1.33,10,25,0,40,0,0,1,0
1112.46,1500.0,0.74,12,1,0,24,0,0,0,0
1763.85,2500.0,0.71,12,4,1,7,0,0,0,0
2279.7,3000.0,0.76,15,2,0,31,0,0,0,0
1598.74,2000.0,0.8,13,3,0,34,0,0,0,0
10540.73,8000.0,1.32,17,1,0,49,0,0,0,0
58587.2,12000.0,4.88,7,27,3,49,0,1,1,0
9012.46,8000.0,1.13,10,7,0,6,0,0,0,0
3239.27,3000.0,1.08,18,24,0,26,1,0,0,0
4471.66,6000.0,0.75,8,23,0,19,0,1,1,0
38190.13,8000.0,4.77,9,17,5,28,1,0,1,0
34556.15,6000.0,5.76,8,8,5,10,1,0,1,0
8789.3,6000.0,1.46,10,11,0,6,0,0,0,0
11606.76,2500.0,4.64,14,13,5,5,1,0,2,0
5323.7,8000.0,0.67,13,3,1,50,0,0,0,0
4018.0,2500.0,1.61,11,17,0,42,0,0,0,0
3080.06,2500.0,1.23,13,24,0,17,0,0,0,0
1702.2,2000.0,0.85,13,17,0,38,0,0,0,0
23906.13,4500.0,5.31,8,6,4,17,0,0,1,0
7269.2,1500.0,4.85,12,2,3,5,1,0,1,0
15056.66,8000.0,1.88,10,2,0,11,0,0,1,0
906.69,2000.0,0.45,16,24,0,33,0,0,0,0
863.21,2500.0,0.35,7,16,0,38,0,0,1,0
40502.4,8000.0,5.06,19,17,4,12,1,1,1,0
6607.24,6000.0,1.1,9,4,0,19,0,0,1,0
1406.61,2000.0,0.7,20,5,0,19,0,0,0,0
5571.93,2500.0,2.23,11,20,0,12,0,0,0,0
7472.02,4500.0,1.66,18,2,0,15,1,0,0,0
8122.09,4500.0,1.8,9,7,0,21,0,0,0,0
5988.82,6000.0,1.0,7,4,0,31,0,0,0,0
63349.21,12000.0,5.28,12,3,4,10,1,0,1,0
2445.93,1500.0,1.63,15,5,0,50,0,0,0,0
6881.29,8000.0,0.86,11,9,0,13,0,0,0,0
9919.98,12000.0,0.83,11,15,0,43,0,0,0,0
5499.31,3000.0,1.83,10,11,0,7,0,0,1,0
25603.81,6000.0,4.27,10,21,5,36,1,1,1,0
6848.97,6000.0,1.14,10,15,0,31,0,0,0,0
6075.02,6000.0,1.01,19,15,1,5,0,1,0,0
3839.18,2500.0,1.54,7,1,0,33,0,0,0,0
11979.78,2500.0,4.79,13,23,4,19,1,1,1,0
4644.21,6000.0,0.77,13,1,0,15,0,0,2,0
2252.08,2500.0,0.9,15,24,0,43,0,0,0,0
9426.78,6000.0,1.57,13,20,0,48,0,0,0,0
2699.5,2000.0,1.35,11,10,1,34,0,0,0,0
3640.69,2500.0,1.46,18,11,0,10,0,0,0,0
5205.66,6000.0,0.87,13,9,0,9,1,0,0,0
1449.17,3000.0,0.48,19,27,0,15,0,0,0,0
3976.16,3000.0,1.33,18,26,0,42,0,0,0,0
803.87,1500.0,0.54,1,21,1,47,0,0,0,0
2597.61,2500.0,1.04,14,27,2,29,0,0,0,0
2170.51,2500.0,0.87,13,14,0,18,0,0,1,0
5987.07,1500.0,3.99,14,6,3,49,1,0,0,0
9484.54,12000.0,0.79,6,17,0,20,0,0,0,0
2596.6,2000.0,1.3,15,12,0,24,0,0,0,0
2322.9,2000.0,1.16,18,5,0,5,0,0,0,0
11948.22,2000.0,5.97,21,1,4,41,0,1,2,0
7867.3,2000.0,3.93,8,11,3,25,1,0,1,0
2678.29,2500.0,1.07,22,2,0,26,0,0,0,0
10437.82,12000.0,0.87,6,12,0,42,0,0,1,0
5549.14,4500.0,1.23,16,23,0,21,0,0,1,0
7958.3,12000.0,0.66,10,11,0,40,0,0,0,0
1292.4,1500.0,0.86,12,24,0,6,0,0,0,0
3561.92,2000.0,1.78,9,1,0,7,0,0,0,0
5159.19,4500.0,1.15,20,2,0,48,0,0,0,0
1747.18,1500.0,1.16,12,4,0,29,0,0,0,0
59554.42,12000.0,4.96,15,8,5,13,0,1,1,0
4817.83,4500.0,1.07,8,13,0,31,0,0,0,0
2654.27,1500.0,1.77,10,22,0,25,0,0,0,0
2026.11,2000.0,1.01,9,1,0,21,0,0,0,0
6908.75,6000.0,1.15,9,10,2,41,0,0,0,0
1223.09,1500.0,0.82,19,8,0,45,0,0,0,0
6481.67,6000.0,1.08,8,24,0,12,1,0,0,0
8878.44,1500.0,5.92,21,10,3,23,1,0,2,1
10762.52,6000.0,1.79,14,10,0,5,0,0,0,0
4714.74,6000.0,0.79,11,1,0,12,0,0,0,0
2023.06,2500.0,0.81,13,9,0,46,0,0,0,0
8740.37,6000.0,1.46,13,26,0,8,0,0,0,0
2245.44,2000.0,1.12,10,11,0,32,0,0,0,0
4660.81,6000.0,0.78,15,18,0,9,0,0,0,0
5971.94,6000.0,1.0,18,6,0,17,0,0,0,0
6244.02,4500.0,1.39,17,25,0,15,0,0,1,0
12127.28,8000.0,1.52,18,1,0,43,0,0,0,0
13041.21,12000.0,1.09,18,22,0,46,0,0,0,0
2232.82,1500.0,1.49,14,13,0,29,0,0,0,0
4072.99,3000.0,1.36,19,6,0,20,0,0,2,0
12379.4,12000.0,1.03,18,20,0,24,0,0,0,0
7348.98,8000.0,0.92,20,19,0,42,0,0,0,0
1572.53,1500.0,1.05,14,6,0,35,0,0,0,0
1119.78,1500.0,0.75,12,22,2,44,1,0,0,0
771.04,1500.0,0.51,9,7,0,45,0,0,0,0
2061.23,3000.0,0.69,10,26,0,45,0,0,0,0
2655.48,3000.0,0.89,9,5,0,17,0,0,0,0
6282.45,6000.0,1.05,12,5,2,30,0,0,0,0
7063.24,1500.0,4.71,11,19,4,48,1,0,2,0
3196.32,6000.0,0.53,19,20,0,19,0,0,0,0
3038.55,4500.0,0.68,14,17,0,35,0,0,0,0
29437.93,8000.0,3.68,8,8,3,50,1,0,1,0
3548.37,2500.0,1.42,17,17,0,31,0,0,0,0
8170.82,8000.0,1.02,16,6,0,35,0,0,0,0
1247.53,1500.0,0.83,13,11,0,38,0,0,0,0
4197.56,4500.0,0.93,18,13,0,31,0,0,0,0
3324.73,2000.0,1.66,8,10,0,5,0,0,0,0
1791.13,4500.0,0.4,17,25,0,27,0,0,0,0
1904.05,1500.0,1.27,16,24,0,30,0,0,0,0
7554.54,6000.0,1.26,9,27,0,22,0,0,0,0
6571.72,4500.0,1.46,10,10,0,47,0,0,0,0
4011.48,4500.0,0.89,7,23,0,48,0,0,0,0
3660.42,2000.0,1.83,20,25,0,13,0,0,0,0
7346.07,12000.0,0.61,16,20,0,39,0,0,1,0
2301.5,1500.0,1.53,1,20,0,25,0,0,0,0
4402.89,4500.0,0.98,7,3,0,36,0,0,0,0
10394.31,2000.0,5.2,19,18,5,48,0,0,1,0
1757.73,3000.0,0.59,18,9,0,6,0,0,0,0
5766.4,1500.0,3.84,16,9,4,26,1,1,1,0
3617.39,4500.0,0.8,12,22,0,13,0,0,0,0
12461.18,3000.0,4.15,19,27,11,29,1,0,1,1
11768.33,2000.0,5.88,21,4,3,12,1,0,2,0
14097.03,12000.0,1.17,18,6,0,44,0,0,1,0
10214.45,12000.0,0.85,15,15,0,8,0,0,0,0
9941.6,6000.0,1.66,16,3,0,31,0,0,0,0
2866.04,1500.0,1.91,10,10,0,15,0,0,0,0
4173.09,4500.0,0.93,17,10,0,18,0,0,0,0
11968.68,2000.0,5.98,10,22,3,23,1,1,2,0
4586.99,4500.0,1.02,13,27,0,8,0,0,0,0
19563.49,12000.0,1.63,14,5,0,45,0,0,0,0
11702.56,8000.0,1.46,15,25,0,40,0,0,0,0
2833.57,2500.0,1.13,13,12,1,41,0,0,0,0
4228.46,4500.0,0.94,13,19,0,30,0,0,0,0
1803.87,2500.0,0.72,16,4,0,27,0,0,0,0
4116.59,2500.0,1.65,10,11,0,14,0,0,0,0
11382.3,8000.0,1.42,8,28,0,31,1,0,0,0
9547.58,8000.0,1.19,9,10,0,28,0,0,0,0
3155.16,2500.0,1.26,7,6,0,19,0,0,0,0
2519.98,2500.0,1.01,14,21,1,39,0,0,2,0
2140.07,2500.0,0.86,6,5,0,36,0,0,2,0
1897.45,1500.0,1.26,6,19,0,18,0,1,0,0
3096.54,3000.0,1.03,17,23,2,32,0,0,0,0
29023.57,8000.0,3.63,14,1,5,23,1,0,1,0
11638.08,2500.0,4.66,9,25,4,29,0,0,1,0
4823.14,3000.0,1.61,23,19,0,7,0,0,1,0
1135.1,2500.0,0.45,11,3,0,11,0,0,0,0
10485.58,8000.0,1.31,16,25,0,40,0,0,0,0
1444.38,2000.0,0.72,9,21,0,5,0,0,0,0
6738.59,2500.0,2.7,11,14,11,14,0,1,2,1
2289.34,3000.0,0.76,17,1,0,46,0,0,2,0
5144.75,4500.0,1.14,8,8,0,30,0,0,2,0
2797.73,2500.0,1.12,17,24,0,25,0,0,0,0
6569.94,1500.0,4.38,21,20,4,16,0,0,1,0
2081.08,2000.0,1.04,19,16,0,13,0,0,0,0
5032.99,8000.0,0.63,13,25,0,5,0,0,0,0
46289.49,4000.0,11.57,1,15,6,40,1,1,2,1
4686.34,8000.0,0.59,17,21,0,27,0,0,0,0
11017.17,12000.0,0.92,6,22,0,48,0,0,0,0
8148.3,8000.0,1.02,19,14,0,15,0,0,0,0
4401.17,6000.0,0.73,14,10,0,35,0,1,0,0
1455.55,1500.0,0.97,9,15,0,7,0,0,0,0
17439.45,12000.0,1.45,16,8,0,27,0,0,0,0
12115.25,12000.0,1.01,14,10,1,50,0,0,0,0
4355.78,3000.0,1.45,17,20,0,29,0,0,0,0
7488.63,12000.0,0.62,0,4,0,27,0,0,1,0
2198.25,3000.0,0.73,8,20,0,48,0,0,0,0
5803.2,6000.0,0.97,15,3,0,37,0,0,0,0
3506.14,3000.0,1.17,6,8,0,45,0,0,0,0
12371.91,8000.0,1.55,17,24,0,19,0,0,0,0
4089.98,6000.0,0.68,10,16,0,50,0,0,0,0
1085.85,1500.0,0.72,8,26,1,34,0,0,0,0
5238.96,4500.0,1.16,16,19,0,6,0,0,0,0
6084.49,8000.0,0.76,15,18,0,19,0,0,0,0
2468.62,2500.0,0.99,14,11,1,12,0,0,0,0
7634.3,8000.0,0.95,19,20,0,10,0,0,1,0
2490.27,3000.0,0.83,18,27,0,41,0,0,0,0
16615.08,12000.0,1.38,12,17,2,11,0,0,0,0
3117.63,4500.0,0.69,14,22,0,45,0,0,0,0
12114.88,2500.0,4.85,18,13,5,7,1,0,2,0
3607.82,3000.0,1.2,18,9,0,38,0,0,0,0
1990.32,2000.0,1.0,18,21,0,43,0,0,0,0
18924.93,8000.0,2.37,8,25,0,10,0,0,0,0
1498.18,2000.0,0.75,10,1,0,37,0,0,0,0
16615.35,3000.0,5.54,18,12,3,23,0,1,0,0
9222.11,8000.0,1.15,13,17,1,46,0,0,1,0
16728.43,12000.0,1.39,10,22,0,33,0,0,0,0
59192.12,12000.0,4.93,9,23,3,32,1,0,1,0
4819.39,6000.0,0.8,9,8,0,49,0,0,0,0
7409.36,4500.0,1.65,11,28,2,12,0,0,0,0
4828.18,4500.0,1.07,21,25,0,27,0,0,0,0
7388.2,12000.0,0.62,14,27,0,40,0,0,0,0
2422.6,2500.0,0.97,13,3,0,47,0,1,0,0
7052.18,4500.0,1.57,9,2,1,38,0,0,0,0
4218.55,4500.0,0.94,9,21,0,22,0,0,1,0
656.82,2000.0,0.33,13,4,1,50,0,0,0,0
11501.6,8000.0,1.44,17,25,0,34,0,0,0,0
3625.86,2000.0,1.81,9,20,0,50,0,0,0,0
8993.28,12000.0,0.75,9,4,0,26,0,0,0,0
2048.11,1500.0,1.37,12,23,0,19,0,0,0,0
33306.36,2000.0,16.65,3,4,6,29,1,1,2,1
1868.43,2500.0,0.75,22,6,0,8,0,0,0,0
15129.56,2500.0,6.05,0,15,8,28,1,1,2,1
12599.47,12000.0,1.05,21,19,0,30,0,0,0,0
3169.36,3000.0,1.06,17,20,0,32,0,0,0,0
5308.17,3000.0,1.77,17,26,0,25,0,0,0,0
10139.96,8000.0,1.27,11,12,0,14,0,0,0,0
1018.56,2000.0,0.51,10,23,1,39,0,0,0,0
3768.69,2500.0,1.51,10,10,0,23,0,0,0,0
10102.6,4500.0,2.25,0,9,0,31,0,0,0,0
2261.14,3000.0,0.75,14,5,0,9,0,1,0,0
3233.41,3000.0,1.08,13,13,0,20,0,0,0,0
1767.44,3000.0,0.59,17,9,0,40,0,0,1,0
68235.11,12000.0,5.69,12,24,4,34,0,0,1,0
6711.31,6000.0,1.12,14,9,0,40,0,0,0,0
5722.98,2000.0,2.86,7,8,12,36,1,0,1,1
848.29,2000.0,0.42,7,1,0,37,0,0,0,0
23364.25,4500.0,5.19,15,19,4,40,1,0,1,0
1395.0,2000.0,0.7,18,12,0,19,0,0,0,0
25930.25,4500.0,5.76,12,16,4,44,1,1,2,0
4015.29,8000.0,0.5,16,21,0,13,0,0,0,0
1977.44,1500.0,1.32,9,19,0,28,1,0,0,0
14559.4,12000.0,1.21,8,24,1,42,0,0,0,0
1732.1,2500.0,0.69,18,28,0,13,0,0,0,0
10048.65,2500.0,4.02,12,28,4,38,1,1,1,0
2248.65,1500.0,1.5,2,15,0,43,0,0,1,0
4054.1,4500.0,0.9,7,12,0,10,0,0,0,0
4499.01,4500.0,1.0,21,9,0,10,0,1,1,0
11418.13,12000.0,0.95,17,9,0,25,0,0,0,0
4865.58,3000.0,1.62,9,21,0,47,0,0,0,0
4885.56,3000.0,1.63,7,16,0,19,0,0,0,0
3894.81,4500.0,0.87,14,11,0,13,0,0,0,0
5900.87,6000.0,0.98,14,13,0,15,0,0,0,0
9730.77,8000.0,1.22,15,19,0,34,0,0,0,0
2943.61,2500.0,1.18,18,9,0,7,0,0,0,0
2154.98,2000.0,1.08,10,4,0,26,0,0,0,0
1884.47,1500.0,1.26,11,22,0,22,0,0,0,0
2167.59,2000.0,1.08,10,15,0,6,0,0,2,0
7697.73,12000.0,0.64,7,8,0,33,0,0,0,0
38133.58,8000.0,4.77,3,2,3,22,0,1,0,0
8186.43,1500.0,5.46,9,10,3,33,1,0,1,0
11454.26,12000.0,0.95,17,13,0,10,0,0,0,0
1722.71,1500.0,1.15,11,20,0,16,0,0,0,0
590.56,1500.0,0.39,15,25,0,28,0,0,0,0
4943.67,4500.0,1.1,10,2,0,40,0,0,0,0
4957.42,6000.0,0.83,13,7,0,38,0,0,0,0
10371.61,2500.0,4.15,12,6,4,40,1,0,2,0
1524.56,2000.0,0.76,10,14,0,32,0,0,0,0
11617.14,2000.0,5.81,16,19,4,31,0,1,0,0
1434.88,1500.0,0.96,8,14,0,42,0,0,0,0
5073.02,4500.0,1.13,9,17,0,25,0,0,0,0
1086.95,1500.0,0.72,17,1,0,47,0,0,0,0
2372.34,1500.0,1.58,10,24,0,41,0,0,0,0
5016.01,2500.0,2.01,15,5,0,27,0,0,1,0
11114.13,2000.0,5.56,15,27,4,13,1,1,1,0
2474.74,2500.0,0.99,11,25,0,21,0,0,0,0
2393.34,4500.0,0.53,17,22,0,36,0,0,0,0
1916.73,2000.0,0.96,12,21,0,26,0,0,0,0
7234.39,4500.0,1.61,9,4,0,13,0,0,0,0
1934.51,2000.0,0.97,13,2,0,7,0,0,0,0
2989.14,4500.0,0.66,10,8,0,13,0,0,0,0
53327.4,12000.0,4.44,11,1,4,37,1,1,1,0
4833.13,8000.0,0.6,7,3,0,48,0,0,0,0
8045.34,6000.0,1.34,14,12,0,48,0,0,0,0
2230.57,4500.0,0.5,8,26,0,21,0,0,0,0
2293.5,2000.0,1.15,19,20,0,47,0,0,0,0
5652.77,6000.0,0.94,19,3,1,25,0,0,0,0
53100.26,12000.0,4.43,19,7,3,25,1,0,1,0
1212.39,1500.0,0.81,13,21,0,50,0,0,0,0
7088.18,6000.0,1.18,8,21,0,19,0,0,0,0
9709.72,8000.0,1.21,19,20,0,5,0,0,0,0
12878.03,8000.0,1.61,15,19,0,38,0,0,0,0
1592.27,1500.0,1.06,13,8,0,21,0,0,0,0
4791.22,4500.0,1.06,18,20,0,50,1,0,1,0
12373.91,6000.0,2.06,9,24,0,30,0,0,0,0
50602.4,4000.0,12.65,13,11,3,29,1,0,1,1
1386.94,1500.0,0.92,7,18,0,20,0,0,0,0
4251.67,6000.0,0.71,19,14,0,17,0,0,1,0
9911.01,2000.0,4.96,8,7,9,25,0,0,1,1
3226.49,2000.0,1.61,12,28,0,12,0,0,0,0
3422.16,4500.0,0.76,4,16,0,18,0,0,0,0
2653.3,2500.0,1.06,14,14,0,41,1,0,0,0
1521.39,2000.0,0.76,10,3,0,32,0,1,0,0
7835.38,1500.0,5.22,20,17,5,41,0,0,1,0
5257.09,4500.0,1.17,14,8,0,24,0,0,0,0
4270.33,3000.0,1.42,17,4,0,8,0,0,0,0
8466.29,12000.0,0.71,12,18,0,35,0,0,0,0
7873.35,8000.0,0.98,15,14,1,15,0,0,0,0
2040.68,3000.0,0.68,15,10,1,27,0,0,0,0
5401.53,2500.0,2.16,12,18,0,43,0,0,0,0
1953.91,2000.0,0.98,15,12,0,30,0,0,0,0
2828.93,2500.0,1.13,12,9,1,5,0,1,0,0
2162.36,2500.0,0.86,16,11,0,48,0,0,1,0
6685.17,6000.0,1.11,18,1,1,12,0,0,0,0
1163.71,1500.0,0.78,16,25,0,22,0,0,1,0
8150.81,8000.0,1.02,23,22,1,37,0,0,0,0
7063.78,12000.0,0.59,10,15,1,10,0,0,0,0
4276.04,6000.0,0.71,10,22,0,6,0,0,0,0
1359.04,2000.0,0.68,18,27,0,46,0,0,0,0
80275.07,3000.0,26.76,4,14,7,36,1,1,2,1
2570.07,3000.0,0.86,19,16,0,19,0,0,0,0
2472.72,3000.0,0.82,23,19,0,11,0,0,0,0
7340.99,4500.0,1.63,18,13,0,16,0,0,0,0
10733.21,12000.0,0.89,12,21,0,5,0,0,0,0
4702.84,8000.0,0.59,15,25,0,14,0,0,0,0
6985.94,8000.0,0.87,10,17,1,30,0,0,0,0
1796.05,1500.0,1.2,14,19,0,17,0,0,0,0
8934.57,12000.0,0.74,22,14,0,37,0,0,0,0
7853.49,1500.0,5.24,6,28,5,24,1,1,2,0
1641.21,3000.0,0.55,11,3,0,31,0,0,0,0
5515.0,4500.0,1.23,18,13,1,40,0,0,0,0
10140.45,8000.0,1.27,9,7,0,44,0,0,0,0
6185.44,8000.0,0.77,15,24,0,12,0,0,0,0
1346.16,2500.0,0.54,21,22,0,39,0,0,0,0
1319.59,2000.0,0.66,11,5,0,32,0,0,0,0
4227.42,3000.0,1.41,16,10,0,30,0,0,0,0
3675.13,2000.0,1.84,12,13,0,12,0,0,0,0
35676.56,8000.0,4.46,12,19,5,11,1,0,1,0
3397.4,2500.0,1.36,20,24,0,19,0,0,0,0
949.4,1500.0,0.63,12,17,1,12,0,0,0,0
1804.99,2000.0,0.9,20,7,0,26,0,0,0,0
12177.79,12000.0,1.01,13,22,1,33,0,0,2,0
4785.89,8000.0,0.6,19,10,0,22,0,0,0,0
8166.67,2000.0,4.08,13,28,3,14,1,0,2,1
5159.81,6000.0,0.86,10,24,1,25,0,0,0,0
1466.2,2000.0,0.73,9,15,2,43,0,0,0,0
3917.89,3000.0,1.31,11,25,1,45,0,0,1,0
6180.72,1500.0,4.12,9,25,5,31,1,1,1,0
4458.49,4500.0,0.99,17,16,0,26,0,0,0,0
3618.73,2500.0,1.45,8,27,0,23,0,0,0,0
36976.43,8000.0,4.62,12,6,4,23,1,0,2,0
4457.41,3000.0,1.49,17,23,0,46,0,0,0,0
10889.37,8000.0,1.36,14,24,1,41,0,1,0,0
28739.35,6000.0,4.79,10,14,4,38,1,1,0,0
6016.6,4500.0,1.34,11,20,2,13,0,0,0,0
1768.73,2000.0,0.88,17,22,0,35,0,0,0,0
12006.63,12000.0,1.0,17,17,0,8,0,0,0,0
2164.78,2500.0,0.87,13,7,0,24,0,0,0,0
2738.25,6000.0,0.46,13,12,0,18,0,0,0,0
10100.86,12000.0,0.84,15,2,0,46,0,0,0,0
4662.7,4500.0,1.04,21,13,0,36,0,0,0,0
3575.21,3000.0,1.19,17,1,0,49,0,0,0,0
19288.66,12000.0,1.61,7,27,0,29,0,0,0,0
2519.8,2500.0,1.01,17,27,0,40,0,0,0,0
39477.07,4000.0,9.87,22,20,7,17,1,1,2,1
5330.37,8000.0,0.67,13,24,0,27,0,0,0,0
8289.57,1500.0,5.53,8,21,4,30,1,1,0,0
18930.52,12000.0,1.58,7,9,0,31,0,0,0,0
3029.53,2000.0,1.51,10,15,0,6,0,0,0,0
1649.94,3000.0,0.55,16,3,0,6,0,0,0,0
2921.91,2000.0,1.46,3,20,0,28,0,0,0,0
9112.55,12000.0,0.76,10,28,0,5,0,0,0,0
2112.39,2500.0,0.84,12,26,0,6,0,0,0,0
7392.63,1500.0,4.93,12,17,5,10,1,1,1,0
5612.72,8000.0,0.7,8,28,0,23,0,0,0,0
14819.61,12000.0,1.23,14,8,0,22,0,0,0,0
3576.73,2500.0,1.43,5,16,0,46,0,0,0,0
6809.06,4500.0,1.51,15,9,1,41,0,0,0,0
1488.22,1500.0,0.99,9,2,0,47,0,0,1,0
2864.9,4500.0,0.64,16,20,0,31,0,0,0,0
4012.76,3000.0,1.34,19,5,0,13,0,0,0,0
2204.81,2500.0,0.88,18,23,0,12,0,0,0,0
4120.44,2500.0,1.65,22,17,0,24,0,0,0,0
3565.47,4500.0,0.79,10,18,0,42,0,0,0,0
2738.27,3000.0,0.91,12,9,0,48,0,0,0,0
8311.18,6000.0,1.39,16,4,0,22,0,0,0,0
1723.54,2500.0,0.69,18,6,0,13,0,0,0,0
12678.15,12000.0,1.06,19,9,0,28,0,0,0,0
11237.37,12000.0,0.94,20,16,1,24,0,0,1,0
2434.48,3000.0,0.81,16,28,0,28,1,0,1,0
3027.03,6000.0,0.5,15,20,0,8,0,0,0,0
3846.28,3000.0,1.28,14,22,2,29,0,0,0,0
6414.39,1500.0,4.28,13,1,3,11,1,0,0,0
4185.39,3000.0,1.4,17,18,0,49,0,0,0,0
2460.24,3000.0,0.82,12,13,0,28,0,0,0,0
5004.11,2500.0,2.0,9,22,0,13,0,0,0,0
3558.12,3000.0,1.19,9,16,0,18,0,0,0,0
2089.63,2500.0,0.84,19,27,0,34,0,0,0,0
2866.49,1500.0,1.91,9,24,0,25,0,0,0,0
8456.94,8000.0,1.06,12,5,0,27,0,1,0,0
6933.07,8000.0,0.87,17,5,0,13,0,0,0,0
7967.59,6000.0,1.33,13,12,0,20,0,0,0,0
2502.74,2500.0,1.0,16,25,0,13,0,0,0,0
3649.78,2500.0,1.46,15,14,0,36,0,0,1,0
10005.38,12000.0,0.83,9,18,0,15,0,0,0,0
6018.99,1500.0,4.01,11,18,3,36,1,0,0,0
55996.91,12000.0,4.67,10,10,3,23,0,1,1,0
1518.36,2000.0,0.76,9,24,2,19,0,0,0,0
917.6,1500.0,0.61,13,10,0,33,0,0,0,0
4169.69,4500.0,0.93,16,11,0,49,0,0,0,0
4807.0,8000.0,0.6,6,6,0,9,0,0,1,0
10845.58,8000.0,1.36,9,9,1,45,0,0,0,0
1382.18,1500.0,0.92,13,19,0,21,0,0,0,0
13778.16,3000.0,4.59,15,11,3,43,1,0,0,0
4798.13,8000.0,0.6,11,9,0,14,0,0,0,0
3091.28,4500.0,0.69,20,1,0,46,0,0,0,0
17105.67,3000.0,5.7,16,13,5,31,1,0,1,0
29356.93,6000.0,4.89,14,12,5,11,1,1,2,0
13692.78,8000.0,1.71,9,16,0,46,0,0,0,0
2668.17,2000.0,1.33,9,15,0,27,0,0,0,0
3483.74,3000.0,1.16,12,20,0,47,0,0,0,0
2762.93,2500.0,1.11,21,14,0,15,0,0,1,0
3184.4,2500.0,1.27,15,23,0,9,0,0,0,0
1262.3,3000.0,0.42,14,13,0,38,0,0,0,0
2605.29,3000.0,0.87,19,6,0,14,0,0,1,0
9261.98,2500.0,3.7,13,20,3,36,1,1,2,0
4818.8,3000.0,1.61,9,5,0,9,0,0,0,0
1782.37,2000.0,0.89,14,3,1,33,0,0,1,0
5279.88,6000.0,0.88,17,20,0,45,0,0,1,0
3081.26,3000.0,1.03,7,26,0,13,0,0,1,0
3526.17,2000.0,1.76,12,15,0,21,0,0,1,0
727.83,1500.0,0.49,11,3,0,50,0,0,0,0
50256.36,12000.0,4.19,17,11,4,18,1,0,1,0
2560.63,1500.0,1.71,12,23,0,30,0,0,0,0
10158.79,8000.0,1.27,15,8,0,24,0,0,1,0
26535.8,12000.0,2.21,11,7,1,34,0,0,0,0
6858.98,12000.0,0.57,8,8,0,19,0,0,0,0
1908.28,3000.0,0.64,18,8,0,50,0,0,0,0
2819.48,3000.0,0.94,11,24,0,14,1,0,0,0
1653.62,1500.0,1.1,16,17,0,38,0,0,1,0
8854.85,8000.0,1.11,14,20,0,10,0,0,1,0
2570.84,1500.0,1.71,9,27,1,31,0,0,0,0
16271.86,4500.0,3.62,8,13,4,26,1,0,1,0
1369.74,1500.0,0.91,20,24,2,9,0,0,0,0
7698.8,8000.0,0.96,21,20,0,28,0,0,0,0
3293.7,3000.0,1.1,17,20,0,36,0,0,0,0
2422.9,3000.0,0.81,9,1,0,39,0,0,0,0
2997.34,2500.0,1.2,16,10,0,23,0,0,1,0
9890.48,8000.0,1.24,20,21,2,47,0,0,0,0
23735.5,4500.0,5.27,19,9,5,30,1,0,0,0
5162.86,4500.0,1.15,0,12,1,28,0,0,0,0
3625.4,4500.0,0.81,8,20,1,15,0,1,0,0
4418.51,2500.0,1.77,16,1,0,12,0,0,0,0
1595.65,2000.0,0.8,17,15,0,22,0,0,0,0
2498.84,2000.0,1.25,18,3,0,31,0,0,0,0
3928.22,8000.0,0.49,10,28,0,35,0,0,0,0
2143.34,2500.0,0.86,18,5,0,30,0,0,0,0
2393.77,3000.0,0.8,9,22,0,35,0,0,0,0
1842.09,1500.0,1.23,15,21,0,45,0,0,0,0
577.36,1500.0,0.38,7,1,0,20,0,0,0,0
8453.48,4500.0,1.88,12,15,0,13,0,0,0,0
4607.9,4500.0,1.02,12,23,1,24,0,0,0,0
2430.79,2000.0,1.22,5,7,0,8,0,0,0,0
1150.6,1500.0,0.77,16,23,0,39,0,0,0,0
1437.24,1500.0,0.96,0,12,0,13,0,0,0,0
8738.79,8000.0,1.09,17,27,0,13,0,0,0,0
12151.95,8000.0,1.52,11,24,1,21,0,0,0,0
2181.12,3000.0,0.73,20,3,0,49,0,0,1,0
14071.96,2500.0,5.63,13,27,5,47,1,0,0,0
6509.53,8000.0,0.81,8,6,0,25,0,0,0,0
8055.2,12000.0,0.67,7,5,1,10,0,0,0,0
1301.51,2000.0,0.65,16,19,0,15,0,0,0,0
1543.39,2000.0,0.77,1,22,0,23,0,0,0,0
1186.71,2500.0,0.47,12,3,0,31,0,0,0,0
1945.97,3000.0,0.65,14,8,0,14,0,0,0,0
5346.81,6000.0,0.89,9,20,1,16,0,0,0,0
6777.11,6000.0,1.13,17,6,0,13,0,0,0,0
2092.85,3000.0,0.7,11,22,0,15,0,0,0,0
1582.94,2000.0,0.79,9,10,0,14,0,0,0,0
2815.91,3000.0,0.94,7,1,0,48,0,0,2,0
1567.31,3000.0,0.52,18,18,0,37,0,0,0,0
6035.36,6000.0,1.01,10,24,1,5,0,0,0,0
1938.46,2500.0,0.78,10,3,0,41,0,0,0,0
8100.52,1500.0,5.4,0,6,4,48,1,1,1,0
5599.85,12000.0,0.47,18,26,0,18,0,0,0,0
1082.66,2000.0,0.54,11,16,0,23,0,0,0,0
1181.05,1500.0,0.79,10,10,0,38,0,0,0,0
2038.12,2500.0,0.82,10,8,0,49,0,0,0,0
3556.43,2000.0,1.78,8,5,0,24,0,0,0,0
10213.87,6000.0,1.7,19,28,0,31,0,0,0,0
1143.33,1500.0,0.76,10,21,0,50,0,0,1,0
8615.06,8000.0,1.08,18,7,0,13,0,0,0,0
4118.15,3000.0,1.37,9,10,0,28,0,0,0,0
5723.32,8000.0,0.72,11,4,0,9,0,0,0,0
3326.47,4500.0,0.74,10,25,2,22,0,0,0,0
11583.33,2000.0,5.79,16,25,5,5,0,0,1,0
1441.72,1500.0,0.96,2,2,2,28,0,0,0,0
3756.86,2500.0,1.5,12,24,0,31,0,0,0,0
4616.6,6000.0,0.77,16,23,0,34,0,0,0,0
24534.8,4500.0,5.45,18,9,3,31,1,1,1,0
2425.37,4500.0,0.54,17,5,0,33,0,0,0,0
4715.02,6000.0,0.79,10,14,0,17,0,0,0,0
3963.37,3000.0,1.32,9,28,0,31,0,0,0,0
13439.27,12000.0,1.12,19,27,0,44,0,0,0,0
8588.31,8000.0,1.07,17,8,0,13,0,0,0,0
1208.86,1500.0,0.81,11,9,0,42,0,0,0,0
6608.96,4500.0,1.47,16,9,0,41,0,0,0,0
11592.58,12000.0,0.97,14,16,0,46,0,0,0,0
9021.79,8000.0,1.13,18,6,1,18,0,0,0,0
3994.97,2500.0,1.6,10,6,0,43,0,0,0,0
9635.63,12000.0,0.8,15,6,0,34,0,0,1,0
2406.31,1500.0,1.6,14,11,0,31,0,0,1,0
17926.89,12000.0,1.49,21,24,0,35,0,0,0,0
1073.81,3000.0,0.36,11,24,0,11,0,0,2,0
2099.59,3000.0,0.7,17,20,0,36,0,0,1,0
1832.87,1500.0,1.22,17,12,1,16,0,0,0,0
3732.29,2500.0,1.49,8,2,0,22,0,0,0,0
2528.47,2000.0,1.26,22,28,0,27,0,0,0,0
1443.96,1500.0,0.96,18,13,0,42,0,0,0,0
2279.25,3000.0,0.76,18,17,0,29,0,0,0,0
9199.4,8000.0,1.15,15,14,0,25,0,0,0,0
2836.77,2500.0,1.13,13,19,0,33,0,0,0,0
1742.88,1500.0,1.16,6,10,0,41,0,0,0,0
5067.02,4500.0,1.13,19,4,0,18,0,0,0,0
5930.59,12000.0,0.49,15,4,1,37,0,0,1,0
3660.96,4500.0,0.81,20,8,0,27,0,0,0,0
17349.84,12000.0,1.45,15,6,0,28,0,0,1,0
57459.27,4000.0,14.36,1,5,6,47,1,1,2,1
12841.52,12000.0,1.07,14,11,0,33,0,0,0,0
4900.94,6000.0,0.82,9,7,0,43,0,0,0,0
1267.67,1500.0,0.85,17,2,1,14,0,0,0,0
2379.29,3000.0,0.79,10,4,0,41,0,0,0,0
1427.12,2000.0,0.71,13,4,0,45,0,0,2,0
1546.11,2500.0,0.62,11,5,1,30,0,0,0,0
5223.51,4500.0,1.16,10,27,0,9,0,0,0,0
2442.66,2500.0,0.98,11,15,1,26,0,0,0,0
10547.85,2000.0,5.27,14,5,4,38,0,1,1,0
3794.24,3000.0,1.26,9,7,0,39,0,0,0,0
15990.05,12000.0,1.33,10,6,0,30,0,0,0,0
22594.62,4000.0,5.65,19,20,5,5,1,0,2,1
2078.79,1500.0,1.39,18,21,1,39,0,0,0,0
1189.34,1500.0,0.79,20,20,0,17,0,0,0,0
39390.24,8000.0,4.92,20,2,3,7,1,1,1,0
22325.96,4500.0,4.96,19,24,3,24,0,0,2,0
28554.98,8000.0,3.57,18,6,3,22,0,0,0,0
12225.38,2500.0,4.89,19,26,5,38,0,1,1,0
8918.89,1500.0,5.95,11,25,3,24,1,0,1,0
2458.77,2500.0,0.98,11,24,0,35,0,0,0,0
2253.19,2000.0,1.13,16,11,0,40,0,0,0,0
5217.91,4500.0,1.16,8,7,1,16,0,0,0,0
3410.08,4500.0,0.76,12,27,0,26,1,0,0,0
3592.38,3000.0,1.2,17,15,0,10,0,0,0,0
1740.57,4500.0,0.39,12,18,0,47,0,1,1,0
3866.11,4500.0,0.86,17,25,0,20,0,0,0,0
3994.95,3000.0,1.33,15,26,0,42,0,0,0,0
1641.08,3000.0,0.55,19,12,0,32,0,0,0,0
5345.54,2500.0,2.14,15,22,0,26,0,0,0,0
4248.22,6000.0,0.71,18,18,0,41,0,0,0,0
1715.54,1500.0,1.14,9,28,0,28,0,0,1,0
2606.0,3000.0,0.87,18,19,0,28,1,0,0,0
3866.97,3000.0,1.29,18,24,0,45,0,0,0,0
13560.58,12000.0,1.13,18,24,0,45,0,0,0,0
15494.69,8000.0,1.94,13,12,0,30,0,0,0,0
32697.39,6000.0,5.45,18,17,3,43,0,1,0,0
7542.82,12000.0,0.63,16,14,0,48,0,0,1,0
2460.43,2500.0,0.98,13,1,0,44,0,0,0,0
1821.44,2000.0,0.91,13,15,0,21,0,0,0,0
2917.64,2500.0,1.17,9,25,0,40,0,0,0,0
10832.35,12000.0,0.9,12,15,0,46,0,0,0,0
1280.35,2500.0,0.51,15,18,0,12,0,0,0,0
4458.63,6000.0,0.74,15,20,0,16,0,0,0,0
6807.7,8000.0,0.85,10,8,0,14,0,0,0,0
8266.0,2000.0,4.13,8,11,3,27,1,0,1,0
10968.58,12000.0,0.91,17,1,0,17,0,0,0,0
2595.26,2500.0,1.04,16,20,0,45,0,0,1,0
7066.98,6000.0,1.18,11,10,0,36,0,0,0,0
2345.18,2000.0,1.17,23,22,0,16,0,0,0,0
1812.33,2000.0,0.91,16,14,0,12,0,0,0,0
3942.34,2000.0,1.97,13,24,0,32,0,0,0,0
1721.16,2500.0,0.69,12,15,0,47,0,0,0,0
2079.38,2000.0,1.04,18,17,0,42,0,0,0,0
3185.88,2000.0,1.59,13,23,0,40,0,0,0,0
37886.28,8000.0,4.74,8,3,3,49,1,1,1,0
8286.46,6000.0,1.38,14,4,0,6,0,0,0,0
65583.53,4000.0,16.4,0,14,4,10,1,1,2,1
26853.99,12000.0,2.24,8,10,0,37,0,0,0,0
2990.78,3000.0,1.0,8,12,0,49,0,0,0,0
2689.4,4500.0,0.6,10,16,0,47,0,0,0,0
2081.83,2000.0,1.04,13,6,0,23,0,0,0,0
13883.26,3000.0,4.63,17,23,5,32,0,1,1,0
3331.17,4500.0,0.74,18,11,0,40,0,0,0,0
2037.43,2500.0,0.81,11,19,1,7,1,0,0,0
2862.52,3000.0,0.95,15,11,2,15,0,0,0,0
55853.49,2500.0,22.34,1,19,7,18,1,1,2,1
4439.23,4500.0,0.99,10,16,2,24,0,0,0,0
4612.78,4500.0,1.03,12,24,0,18,0,0,0,0
3049.51,2500.0,1.22,11,8,0,37,0,0,0,0
18362.82,12000.0,1.53,23,26,2,23,0,0,0,0
15763.22,4500.0,3.5,11,25,5,48,1,1,1,0
2891.78,3000.0,0.96,16,27,0,25,0,0,0,0
8746.83,1500.0,5.83,18,14,4,43,1,0,1,0
1515.22,2000.0,0.76,9,23,0,10,0,0,0,0
4539.02,4500.0,1.01,19,10,1,44,0,0,0,0
2423.48,1500.0,1.62,19,9,0,35,0,0,0,0
8203.62,8000.0,1.03,14,18,0,37,0,0,0,0
69800.05,12000.0,5.82,20,26,3,33,1,1,1,0
2805.33,2000.0,1.4,11,28,0,30,0,0,0,0
4361.47,2500.0,1.74,11,26,0,23,0,0,0,0
2353.94,2000.0,1.18,20,14,0,14,0,0,0,0
6340.74,4500.0,1.41,15,2,0,35,0,0,0,0
907.34,1500.0,0.6,17,25,1,34,0,0,0,0
3549.45,4500.0,0.79,2,27,0,26,0,0,0,0
22191.6,4500.0,4.93,12,9,5,24,0,0,0,0
2145.9,3000.0,0.72,13,24,0,18,0,0,0,0
1755.24,2000.0,0.88,10,26,0,19,0,0,0,0
95498.78,4000.0,23.87,3,6,5,9,0,1,1,1
8677.16,12000.0,0.72,8,2,0,10,0,0,0,0
46471.34,8000.0,5.81,6,4,5,10,0,1,1,0
11089.94,4500.0,2.46,11,9,0,14,0,0,0,0
2102.57,2000.0,1.05,13,2,0,11,0,0,0,0
10967.16,3000.0,3.66,16,9,3,40,1,0,2,0
2487.38,2500.0,0.99,18,24,0,7,0,0,1,0
874.5,1500.0,0.58,16,11,0,21,0,0,0,0
22652.38,6000.0,3.78,12,25,3,10,0,0,0,0
14172.35,12000.0,1.18,9,10,0,48,0,1,0,0
4836.42,6000.0,0.81,11,13,1,48,0,0,0,0
1369.56,2000.0,0.68,8,21,0,24,0,0,0,0
2736.75,2000.0,1.37,12,2,0,5,0,0,0,0
12351.82,12000.0,1.03,19,3,1,40,0,0,0,0
11509.14,8000.0,1.44,15,14,0,36,0,0,0,0
1581.1,1500.0,1.05,10,22,1,15,0,1,0,0
1960.41,2500.0,0.78,15,5,0,45,0,0,0,0
60524.42,2000.0,30.26,3,22,5,26,1,1,2,1
18420.07,12000.0,1.54,13,17,0,15,0,0,0,0
2070.36,1500.0,1.38,11,13,0,10,0,0,1,0
9170.53,6000.0,1.53,14,23,0,34,0,0,0,0
6405.55,8000.0,0.8,14,23,0,36,0,0,1,0
7437.41,6000.0,1.24,11,7,1,16,0,0,0,0
1742.52,2000.0,0.87,12,14,0,24,0,0,0,0
12305.83,12000.0,1.03,17,18,0,19,0,0,1,0
5569.49,1500.0,3.71,19,18,5,48,1,1,1,0
1204.43,1500.0,0.8,10,25,0,35,0,0,0,0
15428.09,12000.0,1.29,10,15,1,27,0,0,0,0
3523.0,4500.0,0.78,11,19,0,39,0,0,0,0
3616.15,4500.0,0.8,11,15,1,19,0,0,0,0
7419.52,8000.0,0.93,19,19,0,10,0,0,0,0
43801.5,8000.0,5.48,3,6,3,42,1,0,1,0
2992.8,2500.0,1.2,17,11,0,20,0,0,0,0
1573.11,2000.0,0.79,12,8,0,44,0,0,0,0
3352.24,3000.0,1.12,12,9,0,49,0,0,0,0
2466.06,1500.0,1.64,18,6,0,36,0,0,0,0
2823.69,2000.0,1.41,11,13,2,34,0,0,0,0
6708.63,12000.0,0.56,19,25,0,33,0,0,0,0
2265.16,3000.0,0.76,14,7,0,49,0,0,0,0
15853.37,4500.0,3.52,7,11,4,14,1,0,1,0
5370.13,3000.0,1.79,11,18,0,23,0,0,0,0
1143.03,1500.0,0.76,8,7,0,34,0,0,0,0
16457.93,3000.0,5.49,9,4,5,30,1,1,0,0
22339.24,12000.0,1.86,14,2,1,33,0,0,0,0
5312.53,6000.0,0.89,17,1,0,21,0,0,0,0
3005.88,2500.0,1.2,19,7,0,48,0,0,0,0
3394.87,2000.0,1.7,14,23,0,42,0,0,0,0
703.09,1500.0,0.47,13,17,1,32,0,0,0,0
1704.27,2000.0,0.85,17,20,0,47,0,0,0,0
3627.5,3000.0,1.21,19,8,0,19,0,0,0,0
5414.11,3000.0,1.8,10,7,0,41,0,0,0,0
15081.34,12000.0,1.26,1,5,0,46,0,0,0,0
8090.39,8000.0,1.01,11,1,0,16,0,0,0,0
1303.48,3000.0,0.43,7,15,2,25,0,0,0,0
5283.32,4500.0,1.17,14,11,0,17,0,0,0,0
2098.79,4500.0,0.47,3,26,0,50,0,0,0,0
1501.69,1500.0,1.0,20,17,0,28,0,0,0,0
4201.68,2500.0,1.68,9,11,0,20,0,0,0,0
1360.62,3000.0,0.45,7,11,0,16,0,0,0,0
4503.21,3000.0,1.5,7,21,1,15,0,0,0,0
68075.0,12000.0,5.67,15,1,5,37,0,1,0,0
14074.2,12000.0,1.17,19,21,0,44,1,0,0,0
1514.29,2500.0,0.61,19,18,0,13,0,0,2,0
1370.05,1500.0,0.91,12,2,2,32,0,0,0,0
6946.36,4500.0,1.54,8,16,1,43,0,0,0,0
6177.53,8000.0,0.77,5,13,0,20,1,0,0,0
2771.21,3000.0,0.92,20,11,0,37,0,0,0,0
1646.24,2500.0,0.66,14,13,1,48,0,0,0,0
1580.84,2500.0,0.63,17,16,0,7,0,0,0,0
14631.13,2500.0,5.85,15,6,4,42,0,1,0,0
1299.39,2500.0,0.52,18,4,0,36,0,0,0,0
1009.27,1500.0,0.67,15,20,0,17,0,0,0,0
17499.85,12000.0,1.46,10,11,0,33,0,0,1,0
4828.39,8000.0,0.6,6,21,0,5,0,0,0,0
1374.84,2500.0,0.55,18,13,0,21,0,0,0,0
1380.49,1500.0,0.92,2,27,0,42,0,0,0,0
9058.45,8000.0,1.13,16,12,0,33,0,0,0,0
2028.56,2000.0,1.01,14,25,0,27,0,0,0,0
995.4,2500.0,0.4,7,15,0,47,0,0,0,0
4204.27,2000.0,2.1,3,23,0,16,0,0,0,0
15429.78,3000.0,5.14,21,24,5,24,1,1,0,0
1971.61,1500.0,1.31,22,25,0,42,0,0,0,0
2737.99,3000.0,0.91,6,23,0,39,0,0,0,0
4706.38,4500.0,1.05,19,12,0,37,0,0,0,0
3934.57,6000.0,0.66,12,25,0,27,0,0,0,0
12334.23,6000.0,2.06,5,16,0,50,0,0,0,0
12562.52,12000.0,1.05,16,23,0,19,0,0,0,0
877.62,1500.0,0.59,21,27,0,49,0,0,2,0
5776.7,4500.0,1.28,7,21,0,15,0,0,0,0
684.79,1500.0,0.46,13,7,0,6,0,0,0,0
1772.19,2500.0,0.71,18,26,0,22,0,0,0,0
2444.7,3000.0,0.81,8,22,0,47,0,0,0,0
2275.17,2000.0,1.14,16,19,1,11,0,0,0,0
2603.72,3000.0,0.87,12,13,0,48,0,0,0,0
41589.72,2000.0,20.79,22,13,4,29,1,1,2,1
2038.88,2000.0,1.02,15,10,0,15,0,0,0,0
6052.39,4500.0,1.34,17,23,1,35,0,0,0,0
1984.6,2500.0,0.79,14,11,0,24,0,0,0,0
3786.19,2000.0,1.89,16,16,0,19,1,0,0,0
1121.55,2000.0,0.56,14,11,0,18,0,0,0,0
1019.27,2000.0,0.51,10,18,0,25,0,0,0,0
2594.49,2000.0,1.3,22,11,0,6,0,0,0,0
15047.66,8000.0,1.88,11,22,1,43,0,0,0,0
14288.84,12000.0,1.19,6,4,0,21,0,0,0,0
2889.13,4500.0,0.64,8,24,0,35,0,0,0,0
2065.88,1500.0,1.38,8,5,0,36,0,0,0,0
1288.25,2500.0,0.52,21,5,1,23,0,0,0,0
14809.23,2500.0,5.92,8,20,5,46,1,0,1,0
9812.55,12000.0,0.82,16,4,0,42,0,0,0,0
4306.88,2500.0,1.72,21,24,0,23,0,0,0,0
6296.31,12000.0,0.52,12,2,0,32,0,0,0,0
2035.51,1500.0,1.36,21,14,0,14,0,0,0,0
11517.02,12000.0,0.96,13,24,0,36,0,0,0,0
20425.81,12000.0,1.7,18,9,0,8,0,0,0,0
7645.75,1500.0,5.1,18,24,5,34,0,0,2,0
4544.82,8000.0,0.57,8,15,1,43,0,0,0,0
11473.68,12000.0,0.96,7,6,0,29,0,0,0,0
6654.71,6000.0,1.11,19,9,0,24,0,0,0,0
11911.28,2500.0,4.76,16,2,4,12,0,1,1,0
10524.86,6000.0,1.75,13,3,0,21,0,0,1,0
12567.12,2500.0,5.03,17,3,4,11,1,1,1,0
7115.65,6000.0,1.19,11,12,0,10,0,0,0,0
34656.63,6000.0,5.78,12,24,3,14,0,0,0,0
12419.83,8000.0,1.55,11,16,0,13,0,0,0,0
1024.95,2500.0,0.41,13,19,0,11,0,0,1,0
14313.25,8000.0,1.79,20,28,0,21,0,0,0,0
2823.52,4500.0,0.63,19,9,0,22,0,0,1,0
3372.08,3000.0,1.12,13,20,1,11,0,0,0,0
5638.11,1500.0,3.76,8,22,4,8,0,1,1,0
13555.45,8000.0,1.69,10,1,1,42,0,0,0,0
2458.4,2500.0,0.98,10,18,0,39,1,0,0,0
4879.91,4500.0,1.08,22,11,1,24,0,0,0,0
2664.39,2000.0,1.33,19,12,0,46,0,0,0,0
2004.64,1500.0,1.34,16,21,0,43,0,0,0,0
6862.69,6000.0,1.14,19,5,0,23,0,0,0,0
1080.14,1500.0,0.72,13,4,0,35,0,0,0,0
12833.7,3000.0,4.28,11,25,3,45,0,0,1,0
1935.34,3000.0,0.65,13,16,0,34,0,0,0,0
3079.28,2500.0,1.23,13,9,0,8,0,0,0,0
3659.21,2500.0,1.46,18,21,1,24,0,0,0,0
2617.85,3000.0,0.87,10,8,0,47,0,0,0,0
3113.76,4500.0,0.69,15,28,0,10,0,0,1,0
1441.1,1500.0,0.96,10,18,0,13,0,0,0,0
7555.55,4500.0,1.68,8,23,0,28,0,0,0,0
5251.85,4500.0,1.17,14,13,0,42,1,0,0,0
4615.33,6000.0,0.77,12,6,0,49,0,0,0,0
32942.15,6000.0,5.49,10,12,4,28,1,1,1,0
7246.7,4500.0,1.61,18,28,0,38,0,0,0,0
1956.1,2000.0,0.98,14,11,0,26,0,0,0,0
9979.49,12000.0,0.83,17,9,0,5,0,0,0,0
6604.19,4500.0,1.47,9,19,0,26,0,0,0,0
7283.86,2000.0,3.64,23,19,11,50,1,0,1,1
2007.09,2000.0,1.0,15,7,0,17,0,1,1,0
2280.57,3000.0,0.76,10,24,0,45,0,0,0,0
9439.78,8000.0,1.18,20,11,0,9,0,0,0,0
1351.72,2500.0,0.54,7,14,0,28,0,0,0,0
7144.22,12000.0,0.6,10,8,0,32,0,1,1,0
1902.56,2500.0,0.76,19,9,0,43,0,0,0,0
2762.31,2500.0,1.1,20,3,0,23,0,0,0,0
5085.66,12000.0,0.42,18,23,0,34,0,0,0,0
15971.09,8000.0,2.0,21,1,0,34,0,0,0,0
13493.57,6000.0,2.25,14,13,0,41,0,0,0,0
1200.53,1500.0,0.8,9,9,0,30,0,0,0,0
7837.34,8000.0,0.98,12,21,0,48,0,0,0,0
4775.8,6000.0,0.8,7,19,0,7,0,0,1,0
1895.78,2000.0,0.95,8,18,0,14,0,0,0,0
2644.86,2000.0,1.32,21,26,0,15,0,0,0,0
14707.95,3000.0,4.9,19,18,5,43,1,1,0,0
4929.77,6000.0,0.82,15,25,0,30,0,0,0,0
11266.21,12000.0,0.94,12,5,0,49,0,0,0,0
14343.94,2500.0,5.74,20,27,4,48,1,1,1,0
2636.3,2500.0,1.05,19,18,0,47,0,0,0,0
9131.98,6000.0,1.52,13,9,0,19,0,0,0,0
1849.28,3000.0,0.62,10,21,0,32,0,0,0,0
2833.81,2500.0,1.13,8,6,0,7,0,0,0,0
62772.32,12000.0,5.23,19,16,3,47,1,0,1,0
3492.82,1500.0,2.33,2,6,0,39,0,0,0,0
2478.91,2500.0,0.99,18,6,0,44,0,0,0,0
2523.69,2500.0,1.01,16,28,0,5,0,0,0,0
30862.83,6000.0,5.14,19,11,5,37,1,0,1,0
14212.09,12000.0,1.18,14,2,0,21,0,0,0,0
13380.6,2500.0,5.35,15,25,4,17,1,0,1,0
5090.83,8000.0,0.64,12,11,0,28,0,0,0,0
3265.1,4500.0,0.73,14,19,0,22,0,0,0,0
7625.46,8000.0,0.95,2,19,1,25,0,0,0,0
5502.94,12000.0,0.46,20,1,0,23,0,0,0,0
2978.64,3000.0,0.99,22,28,0,44,0,0,0,0
2369.13,3000.0,0.79,7,27,0,21,0,0,0,0
2847.4,2500.0,1.14,19,24,0,50,1,0,0,0
8794.42,2000.0,4.4,15,6,3,31,1,0,1,0
1922.8,3000.0,0.64,12,1,0,41,0,0,0,0
1596.26,4500.0,0.35,13,26,1,44,0,0,0,0
3049.49,6000.0,0.51,16,27,0,49,0,0,0,0
10324.6,8000.0,1.29,2,18,0,45,0,0,0,0
9599.4,8000.0,1.2,13,9,0,30,0,0,1,0
1844.79,3000.0,0.61,8,14,0,25,0,0,0,0
2248.3,2500.0,0.9,7,12,0,17,0,0,0,0
4468.73,2500.0,1.79,12,7,0,43,0,0,0,0
11092.53,12000.0,0.92,11,27,0,35,0,0,0,0
1408.71,2000.0,0.7,16,20,0,18,0,0,0,0
13177.88,12000.0,1.1,13,14,0,48,0,0,0,0
4035.76,12000.0,0.34,15,9,0,47,0,0,0,0
12670.84,2500.0,5.07,9,4,4,11,1,1,1,0
11184.67,2000.0,5.59,16,26,4,42,1,0,1,0
17331.98,8000.0,2.17,19,1,0,14,0,0,0,0
3842.62,4500.0,0.85,9,11,0,35,0,0,0,0
5084.1,6000.0,0.85,17,22,1,18,0,0,0,0
4943.31,6000.0,0.82,20,8,1,22,0,0,0,0
9179.56,2000.0,4.59,22,21,5,38,1,1,1,0
13588.08,8000.0,1.7,23,15,0,18,0,1,0,0
57509.93,12000.0,4.79,14,15,3,36,1,1,2,0
47714.32,3000.0,15.9,20,1,5,17,1,0,1,1
4541.74,2000.0,2.27,21,10,0,10,0,0,0,0
2642.21,6000.0,0.44,9,15,0,31,0,0,0,0
1352.15,2500.0,0.54,12,16,0,20,0,0,1,0
2481.1,3000.0,0.83,15,4,0,9,0,0,0,0
2712.04,4500.0,0.6,16,20,0,40,0,0,0,0
4592.78,4500.0,1.02,13,13,0,36,0,0,0,0
5001.74,4500.0,1.11,20,2,0,29,0,0,0,0
1454.11,2500.0,0.58,11,8,0,38,0,0,0,0
106721.52,4000.0,26.68,1,2,8,34,1,1,2,1
2173.63,3000.0,0.72,18,13,0,42,0,0,0,0
1177.82,1500.0,0.79,14,19,0,19,0,0,0,0
14968.15,3000.0,4.99,19,2,5,18,1,1,2,0
4040.93,4500.0,0.9,13,18,0,24,0,0,1,0
2442.96,4500.0,0.54,19,19,0,42,0,0,0,0
2057.04,3000.0,0.69,14,11,0,43,0,0,1,0
2642.83,3000.0,0.88,11,21,0,16,0,0,0,0
4073.28,4500.0,0.91,14,3,0,6,0,0,0,0
3081.11,4500.0,0.68,11,25,0,42,0,0,0,0
25818.63,4500.0,5.74,17,14,3,30,1,0,1,0
3801.73,3000.0,1.27,7,1,0,41,0,0,0,0
10621.49,8000.0,1.33,10,23,0,13,0,0,1,0
2391.43,3000.0,0.8,15,23,1,47,0,0,0,0
4339.06,3000.0,1.45,16,9,0,20,0,0,0,0
2158.61,3000.0,0.72,8,14,0,40,0,0,0,0
7852.75,6000.0,1.31,8,11,1,5,0,0,0,0
48964.51,12000.0,4.08,10,3,3,35,0,0,2,0
1267.2,2000.0,0.63,0,3,0,35,0,0,0,0
4466.73,4500.0,0.99,17,2,1,28,0,0,0,0
9978.35,12000.0,0.83,15,16,0,13,0,0,0,0
7187.01,12000.0,0.6,21,8,2,50,0,0,0,0
16585.34,12000.0,1.38,21,2,0,35,0,1,0,0
13366.0,12000.0,1.11,19,11,0,25,0,0,0,0
5034.76,4500.0,1.12,0,7,0,30,0,0,0,0
7776.7,8000.0,0.97,12,11,0,34,0,0,0,0
1734.21,2500.0,0.69,19,23,0,45,0,0,0,0
5193.46,4500.0,1.15,16,23,1,46,0,0,0,0
19946.89,12000.0,1.66,18,2,0,7,0,0,0,0
13444.92,6000.0,2.24,14,7,0,14,0,1,0,0
2875.38,2500.0,1.15,10,19,1,40,0,0,0,0
4788.4,4500.0,1.06,17,15,0,12,0,0,1,0
2615.3,3000.0,0.87,7,8,0,38,0,0,0,0
13394.91,12000.0,1.12,11,1,0,41,0,0,0,0
1392.98,3000.0,0.46,12,16,0,46,0,0,0,0
3758.24,4500.0,0.84,8,3,0,26,0,0,0,0
5556.71,8000.0,0.69,17,18,0,22,0,1,0,0
11887.47,12000.0,0.99,9,19,0,25,0,0,0,0
4784.07,3000.0,1.59,14,16,0,7,0,0,0,0
5126.14,4500.0,1.14,0,18,1,43,0,0,0,0
6100.09,1500.0,4.07,13,8,5,36,1,0,0,0
3213.85,3000.0,1.07,5,24,0,19,1,0,0,0
6974.95,12000.0,0.58,16,6,0,6,0,0,0,0
3871.24,8000.0,0.48,10,9,1,8,0,0,1,0
1588.04,3000.0,0.53,19,27,0,29,0,0,1,0
4058.93,6000.0,0.68,13,22,0,45,0,0,0,0
2256.43,1500.0,1.5,10,17,0,18,0,0,1,0
1776.21,2000.0,0.89,11,2,1,38,0,0,0,0
1337.89,2000.0,0.67,11,15,0,8,0,0,0,0
5473.85,6000.0,0.91,13,8,0,43,0,0,0,0
7929.57,6000.0,1.32,10,20,0,18,1,0,0,0
2790.17,2500.0,1.12,16,25,0,38,0,0,0,0
7089.34,6000.0,1.18,19,26,0,35,0,0,0,0
4471.65,4500.0,0.99,19,27,0,7,0,0,0,0
4255.27,4500.0,0.95,15,1,1,48,0,0,0,0
6509.44,1500.0,4.34,5,21,5,43,1,1,1,0
7163.75,12000.0,0.6,9,3,0,32,0,0,1,0
3755.47,6000.0,0.63,9,20,0,14,0,0,0,0
20877.68,4000.0,5.22,16,25,10,30,1,1,2,1
1519.25,2000.0,0.76,7,17,0,22,0,0,0,0
62733.56,2500.0,25.09,0,19,3,11,1,1,2,1
1927.0,3000.0,0.64,21,6,0,41,0,0,0,0
4157.72,6000.0,0.69,7,26,0,28,1,0,0,0
1353.84,2000.0,0.68,5,4,0,30,0,0,0,0
7303.97,1500.0,4.87,9,26,5,24,1,1,1,0
8773.52,6000.0,1.46,7,28,0,29,0,0,1,0
51601.5,2500.0,20.64,13,24,2,7,1,1,1,1
1977.17,3000.0,0.66,14,2,0,21,0,0,0,0
7290.19,12000.0,0.61,12,16,0,7,0,0,0,0
4965.76,8000.0,0.62,8,18,0,30,0,1,0,0
20247.73,4500.0,4.5,17,24,3,9,1,0,1,0
11385.47,12000.0,0.95,10,4,0,36,0,0,0,0
2213.37,2000.0,1.11,8,22,0,29,1,0,0,0
13201.68,8000.0,1.65,16,28,1,6,0,0,0,0
10582.46,12000.0,0.88,15,8,0,19,0,0,0,0
899.23,2500.0,0.36,12,13,0,44,0,0,0,0
2347.27,1500.0,1.56,13,26,0,16,0,0,0,0
1602.35,2000.0,0.8,18,22,0,19,0,0,0,0
1226.71,1500.0,0.82,9,11,0,27,0,0,1,0
4763.91,2500.0,1.91,8,14,0,44,0,0,0,0
3486.7,4500.0,0.77,11,2,0,47,0,0,1,0
19804.9,4500.0,4.4,13,12,3,47,0,0,1,0
3340.69,3000.0,1.11,9,16,1,12,0,0,0,0
61841.04,3000.0,20.61,23,4,5,15,1,1,1,1
4245.62,3000.0,1.42,14,13,0,46,0,0,0,0
10155.54,8000.0,1.27,12,27,0,6,0,0,0,0
1452.89,2000.0,0.73,19,21,0,40,0,0,0,0
1248.13,1500.0,0.83,21,20,0,43,0,0,0,0
3206.07,3000.0,1.07,12,10,0,37,0,0,0,0
2043.07,1500.0,1.36,13,24,0,20,0,0,0,0
3392.69,2500.0,1.36,16,14,1,5,1,0,0,0
5359.93,6000.0,0.89,20,16,0,38,0,0,0,0
6588.74,6000.0,1.1,14,9,0,39,0,0,0,0
8074.93,8000.0,1.01,12,7,0,9,0,0,0,0
1834.5,2000.0,0.92,18,15,1,22,0,0,0,0
1264.69,1500.0,0.84,8,12,0,44,0,0,0,0
54492.62,2500.0,21.8,22,26,3,28,1,1,1,1
7627.55,6000.0,1.27,12,10,0,43,0,0,0,0
6082.28,8000.0,0.76,17,28,0,15,0,0,1,0
3552.72,4500.0,0.79,14,12,0,24,0,0,0,0
2538.69,3000.0,0.85,12,14,0,22,0,0,1,0
4133.79,2500.0,1.65,17,1,0,42,0,0,0,0
1792.11,1500.0,1.19,18,28,0,10,0,0,2,0
4904.82,6000.0,0.82,18,1,0,38,0,0,0,0
1647.07,2000.0,0.82,15,13,1,16,0,0,0,0
3560.53,4500.0,0.79,19,27,1,39,0,0,0,0
2938.35,2500.0,1.18,8,19,1,45,0,0,0,0
1247.52,1500.0,0.83,20,14,0,9,0,0,1,0
14703.98,12000.0,1.23,16,24,0,42,0,0,0,0
2984.33,2500.0,1.19,19,26,0,9,0,0,2,0
4650.28,6000.0,0.78,11,11,0,12,0,0,0,0
5886.44,6000.0,0.98,10,9,0,27,0,0,0,0
2827.57,3000.0,0.94,11,4,0,31,0,0,0,0
5661.8,6000.0,0.94,19,15,0,11,1,0,0,0
3891.1,6000.0,0.65,10,12,0,46,0,0,0,0
2389.9,2000.0,1.19,17,17,0,29,0,0,0,0
2578.42,2000.0,1.29,18,27,0,13,0,0,0,0
59794.89,12000.0,4.98,23,11,4,30,1,1,1,0
3797.04,8000.0,0.47,16,21,0,25,0,0,0,0
1132.53,2500.0,0.45,12,12,0,29,0,0,0,0
4805.15,8000.0,0.6,14,17,0,28,0,0,0,0
2524.77,2500.0,1.01,4,26,0,14,0,0,0,0
2633.7,2500.0,1.05,17,16,0,20,0,0,1,0
16405.48,12000.0,1.37,12,19,0,36,0,0,0,0
4387.85,8000.0,0.55,20,21,2,14,0,0,0,0
2303.17,2000.0,1.15,9,6,0,30,0,0,0,0
31228.92,6000.0,5.2,17,8,5,18,1,1,2,0
1431.44,2500.0,0.57,16,27,0,35,0,0,0,0
5526.03,6000.0,0.92,18,12,0,41,0,0,0,0
2183.84,1500.0,1.46,10,27,0,22,0,0,0,0
22601.89,12000.0,1.88,15,11,0,24,0,0,0,0
5018.84,4500.0,1.12,12,2,0,35,0,0,0,0
26690.02,6000.0,4.45,19,21,5,27,1,1,1,0
20095.93,4000.0,5.02,13,28,4,37,1,0,1,1
1266.18,1500.0,0.84,16,13,1,37,0,0,0,0
1247.07,1500.0,0.83,13,26,0,6,0,0,0,0
7121.63,8000.0,0.89,11,5,0,21,0,0,0,0
1857.57,1500.0,1.24,16,20,0,13,0,0,0,0
4676.04,6000.0,0.78,12,11,0,32,0,0,0,0
5453.35,4500.0,1.21,13,9,0,5,0,0,0,0
4479.85,4500.0,1.0,9,17,0,7,0,0,0,0
2862.43,6000.0,0.48,11,13,0,33,0,0,0,0
20468.88,12000.0,1.71,15,24,0,49,0,0,0,0
3249.24,3000.0,1.08,18,19,0,10,0,0,0,0
5520.34,6000.0,0.92,19,28,0,28,0,0,2,0
1957.62,1500.0,1.31,15,1,0,31,0,0,1,0
7594.4,12000.0,0.63,10,3,0,12,0,0,0,0
13724.35,3000.0,4.57,9,22,4,48,0,0,1,0
1148.16,1500.0,0.77,16,16,0,41,0,0,0,0
2988.48,2500.0,1.2,17,26,1,42,0,0,0,0
4642.22,6000.0,0.77,10,8,1,9,0,0,0,0
1087.34,2000.0,0.54,8,7,0,37,0,0,0,0
4148.78,4500.0,0.92,1,12,0,24,0,0,0,0
11961.49,12000.0,1.0,13,17,0,21,0,0,0,0
4304.91,4500.0,0.96,14,14,1,31,0,0,0,0
8263.78,12000.0,0.69,14,13,0,11,0,0,0,0
3034.98,2500.0,1.21,4,11,0,42,0,0,0,0
14771.31,12000.0,1.23,17,11,0,38,0,0,0,0
6559.35,8000.0,0.82,17,8,0,13,0,0,0,0
1094.19,2000.0,0.55,13,9,0,44,0,1,0,0
10452.4,2500.0,4.18,10,11,3,45,0,0,1,0
2685.56,3000.0,0.9,16,15,0,33,0,0,0,0
56256.55,12000.0,4.69,16,12,4,6,1,0,1,0
10690.45,12000.0,0.89,12,13,0,31,0,0,0,0
2300.92,2500.0,0.92,14,25,0,43,0,0,0,0
2497.43,4500.0,0.55,16,11,0,12,0,0,0,0
1424.66,1500.0,0.95,18,1,1,45,0,0,0,0
4269.3,4500.0,0.95,12,15,0,10,0,0,0,0
2213.78,2000.0,1.11,9,26,0,48,0,0,1,0
4592.56,4500.0,1.02,13,10,0,42,0,0,0,0
11283.01,6000.0,1.88,21,14,0,35,0,0,0,0
1525.67,1500.0,1.02,10,18,2,40,0,0,0,0
1481.57,3000.0,0.49,6,22,0,29,0,0,0,0
2219.97,2000.0,1.11,15,23,0,7,0,0,0,0
8795.88,1500.0,5.86,17,3,5,49,1,0,1,1
5541.84,6000.0,0.92,17,8,0,16,1,0,1,0
4447.74,4500.0,0.99,17,8,0,9,0,0,0,0
3887.0,3000.0,1.3,19,15,0,38,0,0,0,0
13627.68,2500.0,5.45,18,22,4,37,0,1,2,0
20091.14,12000.0,1.67,16,2,0,15,0,0,0,0
3905.22,4500.0,0.87,14,24,0,41,0,0,0,0
6011.82,8000.0,0.75,16,4,0,8,0,0,0,0
2818.45,2000.0,1.41,16,26,0,18,0,0,0,0
5466.14,6000.0,0.91,10,24,0,18,0,1,0,0
1696.71,2000.0,0.85,10,28,0,42,0,0,0,0
2463.96,2500.0,0.99,14,24,0,19,0,0,0,0
15249.86,8000.0,1.91,17,13,0,8,0,0,0,0
2368.31,2500.0,0.95,19,27,0,39,0,0,0,0
3523.75,3000.0,1.17,13,28,0,33,0,0,0,0
2102.44,2500.0,0.84,0,9,0,38,0,0,0,0
2860.94,2500.0,1.14,11,27,1,17,0,0,0,0
1996.25,2500.0,0.8,20,26,0,44,0,0,0,0
6418.31,1500.0,4.28,18,2,3,14,1,0,1,0
4941.12,4500.0,1.1,15,14,0,40,0,0,0,0
9858.23,8000.0,1.23,8,22,0,34,0,0,0,0
1129.79,2000.0,0.56,12,28,0,37,0,0,0,0
4565.22,6000.0,0.76,17,25,0,22,0,0,0,0
6097.24,6000.0,1.02,18,15,0,25,0,0,1,0
2894.1,2000.0,1.45,17,21,0,31,0,0,0,0
19531.73,8000.0,2.44,7,26,0,5,0,0,0,0
3057.26,4500.0,0.68,10,23,0,27,0,0,0,0
27302.96,12000.0,2.28,12,22,0,12,0,0,0,0
5643.96,12000.0,0.47,10,16,0,9,0,0,0,0
1003.9,1500.0,0.67,19,7,0,16,0,0,0,0
4486.4,3000.0,1.5,17,21,0,24,0,0,1,0
3452.51,3000.0,1.15,21,10,0,35,0,0,0,0
1013.42,2000.0,0.51,16,6,1,48,0,0,0,0
4230.87,3000.0,1.41,13,10,0,24,0,0,0,0
31608.51,1500.0,21.07,13,27,6,32,1,0,2,1
8791.5,12000.0,0.73,11,13,0,45,0,0,0,0
7802.2,6000.0,1.3,19,25,0,41,0,0,0,0
1344.91,1500.0,0.9,9,2,0,32,0,0,0,0
1125.06,1500.0,0.75,14,23,0,17,0,0,0,0
7002.05,3000.0,2.33,12,10,0,50,0,0,1,0
9190.9,12000.0,0.77,12,28,1,30,0,0,0,0
3032.6,2000.0,1.52,20,9,0,10,0,0,0,0
5129.96,2500.0,2.05,14,7,0,39,0,0,0,0
11106.48,2500.0,4.44,15,24,5,38,1,0,1,0
21619.91,6000.0,3.6,19,16,5,24,1,1,1,0
2468.89,2000.0,1.23,8,11,0,19,0,0,0,0
63044.27,12000.0,5.25,9,18,5,39,1,0,1,0
5213.97,3000.0,1.74,9,6,0,6,0,0,0,0
4716.94,4500.0,1.05,10,12,0,45,0,0,1,0
5653.16,4500.0,1.26,21,24,0,7,0,0,0,0
1882.32,1500.0,1.25,13,12,0,44,0,0,0,0
6932.73,6000.0,1.16,9,16,1,8,0,0,0,0
12271.4,2000.0,6.14,19,27,11,21,1,1,1,1
10238.92,4500.0,2.28,11,24,2,12,0,0,1,0
1796.64,1500.0,1.2,16,17,0,19,1,0,0,0
4705.82,3000.0,1.57,6,14,0,36,0,0,0,0
7068.94,12000.0,0.59,10,8,0,27,0,0,0,0
1962.17,2500.0,0.78,9,20,0,37,0,0,0,0
947.07,1500.0,0.63,12,28,0,14,0,0,0,0
13467.69,3000.0,4.49,11,13,5,26,1,1,0,0
8863.55,6000.0,1.48,17,23,0,42,0,0,0,0
6387.57,8000.0,0.8,9,10,1,46,0,0,0,0
5163.12,4500.0,1.15,13,21,1,27,0,0,0,0
1931.07,2000.0,0.97,9,14,1,33,0,0,0,0
3806.16,8000.0,0.48,17,27,0,12,0,0,0,0
1569.9,1500.0,1.05,11,8,0,50,0,0,0,0
6294.76,8000.0,0.79,7,11,0,23,0,0,1,0
3004.01,4500.0,0.67,14,14,0,38,0,0,0,0
9381.83,6000.0,1.56,10,2,1,5,0,0,0,0
1087.21,2500.0,0.43,7,25,0,34,0,0,0,0
1311.47,1500.0,0.87,12,20,1,28,0,0,0,0
2191.15,2000.0,1.1,15,26,0,13,0,0,0,0
2231.33,2500.0,0.89,9,4,0,41,0,0,0,0
14631.96,12000.0,1.22,5,1,0,41,0,0,0,0
9541.27,8000.0,1.19,14,14,0,17,1,0,1,0
1171.08,2000.0,0.59,14,20,0,11,0,0,0,0
8324.17,6000.0,1.39,9,10,1,46,0,0,0,0
5037.28,8000.0,0.63,8,22,0,15,0,0,0,0
59442.96,3000.0,19.81,3,12,5,32,1,1,1,1
14427.79,2500.0,5.77,14,15,4,30,1,0,1,0
1912.3,1500.0,1.27,12,6,0,17,0,0,1,0
9954.94,8000.0,1.24,13,13,0,50,1,0,0,0
2160.82,2000.0,1.08,18,3,0,42,0,0,0,0
34899.51,6000.0,5.82,11,28,3,9,0,0,1,0
1662.56,3000.0,0.55,8,20,0,41,0,0,0,0
1674.29,3000.0,0.56,15,10,0,5,0,0,2,0
64373.09,12000.0,5.36,11,21,4,21,0,0,0,0
12176.9,12000.0,1.01,20,3,1,45,0,0,0,0
13696.76,2500.0,5.48,18,8,4,16,1,1,1,0
24718.57,4000.0,6.18,0,22,12,29,1,1,1,1
1208.46,2500.0,0.48,12,13,1,36,0,0,0,0
1717.73,2000.0,0.86,18,12,0,24,0,0,0,0
2197.66,2500.0,0.88,10,8,0,24,0,0,0,0
4149.04,3000.0,1.38,14,22,0,47,1,0,0,0
4195.08,2000.0,2.1,8,15,1,28,0,0,0,0
9254.27,8000.0,1.16,12,13,0,22,0,0,0,0
1927.31,2000.0,0.96,5,25,0,10,0,0,0,0
13832.15,8000.0,1.73,18,28,0,26,0,0,0,0
3180.52,2000.0,1.59,10,1,0,11,0,0,1,0
9745.04,4500.0,2.17,17,2,0,10,0,0,0,0
3000.14,2500.0,1.2,8,4,0,10,0,0,0,0
2453.11,2000.0,1.23,10,20,1,50,0,0,0,0
1695.11,1500.0,1.13,18,22,1,24,0,0,0,0
5987.43,12000.0,0.5,16,19,0,7,0,0,0,0
5853.64,4500.0,1.3,4,21,0,43,0,0,0,0
5637.41,6000.0,0.94,20,1,0,25,1,0,1,0
3143.19,2500.0,1.26,12,18,0,14,0,0,0,0
6402.67,6000.0,1.07,12,24,0,40,0,0,0,0
4056.9,6000.0,0.68,13,28,0,37,0,0,0,0
14654.0,12000.0,1.22,20,9,0,42,0,0,0,0
9652.22,8000.0,1.21,9,16,0,15,0,0,0,0
6984.26,6000.0,1.16,18,3,0,50,0,0,1,0
5665.03,3000.0,1.89,17,17,0,43,0,0,0,0
2846.2,2500.0,1.14,9,7,0,42,0,0,0,0
2446.69,2000.0,1.22,7,5,0,21,0,0,0,0
37099.62,8000.0,4.64,17,1,4,26,0,0,1,0
1495.69,1500.0,1.0,15,23,0,44,0,0,0,0
34652.11,8000.0,4.33,18,19,4,45,1,0,0,0
10081.54,2500.0,4.03,19,21,4,27,1,1,1,0
4501.37,6000.0,0.75,8,3,0,50,0,0,1,0
2472.76,3000.0,0.82,14,23,0,8,0,0,0,0
3674.37,3000.0,1.22,12,17,0,25,0,0,0,0
3789.3,4500.0,0.84,18,25,0,17,0,0,0,0
13100.26,12000.0,1.09,13,13,0,38,0,0,0,0
52177.25,1500.0,34.78,1,26,7,19,1,1,2,1
8948.99,1500.0,5.97,17,20,4,20,0,0,2,0
2813.7,4500.0,0.63,22,10,0,25,0,0,0,0
5806.02,4500.0,1.29,14,27,0,48,0,0,0,0
1495.67,2000.0,0.75,18,26,0,22,0,0,0,0
1215.97,1500.0,0.81,5,2,0,16,0,0,0,0
14669.66,2500.0,5.87,0,9,3,26,1,0,1,0
6389.63,4500.0,1.42,16,15,0,32,0,0,0,0
8531.99,12000.0,0.71,11,15,0,50,0,0,0,0
7616.18,6000.0,1.27,20,7,0,11,0,0,0,0
2956.5,4500.0,0.66,9,27,0,14,0,0,0,0
7696.59,4500.0,1.71,12,15,1,41,0,0,1,0
9732.9,2000.0,4.87,14,10,4,35,1,0,1,0
7353.33,3000.0,2.45,10,27,0,30,0,0,0,0
3272.72,4500.0,0.73,21,5,0,24,0,0,1,0
67451.57,12000.0,5.62,7,18,3,27,1,1,1,0
6885.02,8000.0,0.86,6,8,0,23,0,0,0,0
7166.32,8000.0,0.9,23,10,1,37,0,0,0,0
854.58,1500.0,0.57,16,21,0,45,0,0,0,0
1326.75,1500.0,0.88,11,18,0,22,0,0,0,0
4543.03,3000.0,1.51,6,7,0,14,0,0,1,0
5412.15,4500.0,1.2,18,17,0,33,0,0,0,0
785.4,1500.0,0.52,12,11,0,46,0,0,0,0
2594.0,3000.0,0.86,14,9,0,9,0,0,0,0
1778.61,1500.0,1.19,14,27,0,39,0,0,0,0
9915.0,4500.0,2.2,11,5,1,12,0,0,0,0
8801.06,1500.0,5.87,10,8,4,24,0,1,1,0
10631.49,12000.0,0.89,9,14,0,21,0,0,0,0
5687.46,8000.0,0.71,12,15,0,44,0,0,0,0
2821.36,4500.0,0.63,22,16,0,47,0,0,0,0
1293.08,2500.0,0.52,8,4,0,23,0,0,0,0
10303.98,4500.0,2.29,8,5,0,36,0,0,0,0
11056.53,8000.0,1.38,12,11,0,9,0,0,0,0
5545.8,8000.0,0.69,16,9,0,38,0,0,0,0
11095.87,1500.0,7.4,4,28,8,11,1,0,1,1
1612.28,2500.0,0.64,14,14,0,25,0,0,0,0
10913.92,12000.0,0.91,10,4,0,38,0,0,0,0
3719.57,6000.0,0.62,14,20,2,21,0,0,0,0
15959.48,2500.0,6.38,10,17,12,32,1,1,1,1
28720.31,6000.0,4.79,9,21,5,7,0,1,1,0
3387.74,3000.0,1.13,16,4,1,16,1,0,1,0
4538.5,8000.0,0.57,11,13,0,31,0,0,0,0
30137.15,8000.0,3.77,20,16,4,43,0,0,0,0
2554.97,2500.0,1.02,10,17,0,33,0,0,0,0
5559.25,8000.0,0.69,6,3,0,16,0,0,1,0
5257.44,3000.0,1.75,16,27,0,27,0,0,1,0
1749.54,1500.0,1.17,16,20,0,44,0,0,0,0
52617.93,2500.0,21.05,8,24,3,23,1,0,2,1
9874.92,12000.0,0.82,15,7,2,24,0,0,0,0
2312.99,3000.0,0.77,10,5,2,50,0,0,0,0
7436.68,8000.0,0.93,8,10,0,27,0,0,0,0
3356.76,6000.0,0.56,17,28,0,33,0,0,0,0
2038.61,2000.0,1.02,13,1,0,15,0,0,0,0
5689.78,6000.0,0.95,16,2,0,19,0,0,0,0
7076.85,12000.0,0.59,21,18,0,37,0,0,0,0
1772.96,2500.0,0.71,16,27,0,26,0,0,0,0
1606.7,2000.0,0.8,21,13,0,27,0,0,0,0
14037.45,8000.0,1.75,14,10,0,8,0,0,0,0
2328.85,1500.0,1.55,15,6,0,32,0,0,0,0
4197.19,2500.0,1.68,21,2,0,35,0,0,1,0
6896.22,8000.0,0.86,15,16,0,21,0,0,0,0
8482.71,4500.0,1.89,9,12,0,27,0,0,0,0
1014.66,1500.0,0.68,13,1,0,42,0,0,1,0
17391.03,3000.0,5.8,2,16,3,19,1,0,1,0
1825.62,3000.0,0.61,10,23,0,46,0,1,0,0
2568.54,1500.0,1.71,18,7,0,16,0,0,0,0
2279.22,4500.0,0.51,9,10,0,33,0,0,0,0
3369.19,2000.0,1.68,9,5,1,29,0,0,0,0
1577.61,1500.0,1.05,16,3,0,16,0,0,0,0
6702.52,6000.0,1.12,6,22,0,8,0,0,1,0
3705.58,3000.0,1.24,15,22,1,8,0,0,0,0
11624.3,8000.0,1.45,14,11,0,34,0,0,0,0
4865.68,4500.0,1.08,16,7,0,30,0,0,0,0
1093.22,1500.0,0.73,13,16,0,21,0,0,1,0
6872.65,8000.0,0.86,15,21,0,42,0,0,0,0
6261.18,4500.0,1.39,12,5,0,43,0,0,0,0
1043.21,3000.0,0.35,20,2,0,13,0,0,0,0
53893.49,12000.0,4.49,14,16,4,33,0,0,1,0
15974.83,12000.0,1.33,11,9,0,41,0,0,0,0
3594.94,3000.0,1.2,14,26,0,46,0,0,0,0
3517.41,4500.0,0.78,7,25,1,36,0,0,0,0
8209.44,6000.0,1.37,20,19,0,46,0,0,0,0
7481.85,2000.0,3.74,12,15,5,47,0,1,0,0
11632.19,6000.0,1.94,13,8,0,19,0,0,1,0
1344.2,2500.0,0.54,10,6,0,29,0,0,2,0
5067.73,4500.0,1.13,17,21,0,9,0,0,0,0
3717.13,2000.0,1.86,13,4,1,17,0,0,0,0
1591.34,1500.0,1.06,15,28,0,42,0,0,0,0
16075.78,3000.0,5.36,19,16,5,13,1,0,1,1
719.75,2000.0,0.36,22,1,0,11,0,0,0,0
938.33,1500.0,0.63,15,8,0,14,0,0,1,0
4365.05,3000.0,1.46,9,15,0,7,0,0,0,0
1678.8,2000.0,0.84,7,1,1,24,0,0,0,0
5987.23,3000.0,2.0,9,20,0,39,1,0,0,0
4688.58,4500.0,1.04,17,21,0,47,0,0,1,0
19081.72,12000.0,1.59,17,11,0,42,0,0,0,0
3626.95,4500.0,0.81,19,27,0,14,0,0,0,0
2021.58,2500.0,0.81,14,5,0,28,0,0,0,0
4821.69,3000.0,1.61,10,14,0,21,0,0,0,0
5498.04,4500.0,1.22,17,1,0,5,0,0,2,0
9520.6,12000.0,0.79,10,11,0,6,0,0,0,0
897.59,1500.0,0.6,8,12,0,20,0,0,0,0
34705.19,2500.0,13.88,3,17,8,33,1,1,2,1
12410.57,12000.0,1.03,21,9,0,41,0,0,1,0
921.26,1500.0,0.61,8,16,0,24,0,0,0,0
1916.48,2000.0,0.96,8,20,0,11,0,0,0,0
2788.84,4500.0,0.62,8,13,0,45,0,0,0,0
6828.66,8000.0,0.85,20,28,0,35,0,0,0,0
2107.52,2000.0,1.05,14,27,0,14,0,0,0,0
2514.26,2500.0,1.01,6,3,0,32,0,0,0,0
7644.5,8000.0,0.96,17,18,0,41,0,0,0,0
639.34,2000.0,0.32,16,16,0,15,0,0,0,0
4081.68,3000.0,1.36,18,8,0,11,0,0,0,0
1814.04,2500.0,0.73,3,23,0,31,0,0,0,0
2250.76,3000.0,0.75,22,13,0,25,0,0,0,0
15315.21,12000.0,1.28,15,15,0,35,0,0,1,0
11237.11,2500.0,4.49,17,2,4,15,1,0,1,0
7374.53,8000.0,0.92,21,13,0,11,0,0,1,0
2983.71,6000.0,0.5,18,2,0,38,0,0,0,0
3242.32,1500.0,2.16,9,8,0,20,0,0,0,0
2997.76,4500.0,0.67,20,19,0,27,0,0,0,0
1582.43,1500.0,1.05,12,13,0,17,0,0,0,0
47614.66,8000.0,5.95,15,20,4,24,1,0,2,0
3311.3,2500.0,1.32,10,23,1,37,0,0,1,0
1510.79,1500.0,1.01,17,25,0,37,0,0,0,0
9545.52,2500.0,3.82,14,6,3,38,1,0,2,0
2459.21,3000.0,0.82,20,23,0,14,0,0,0,0
4350.39,3000.0,1.45,16,9,0,45,0,0,0,0
2975.91,3000.0,0.99,12,17,0,5,0,0,0,0
47593.11,1500.0,31.73,4,10,5,6,1,1,2,1
4727.97,6000.0,0.79,22,26,0,30,0,0,1,0
1696.0,3000.0,0.57,15,4,0,32,0,0,0,0
1213.03,2000.0,0.61,11,5,0,33,0,0,0,0
9830.47,12000.0,0.82,19,10,0,47,0,0,2,0
43827.55,8000.0,5.48,21,1,3,49,1,0,2,0
1885.49,2500.0,0.75,17,2,0,20,0,0,0,0
3166.88,3000.0,1.06,8,23,1,14,0,0,0,0
7486.28,4500.0,1.66,8,24,0,47,1,0,0,0
5567.74,8000.0,0.7,8,20,2,9,0,0,0,0
1726.2,2000.0,0.86,11,13,0,23,0,0,2,0
3534.42,1500.0,2.36,10,10,0,37,0,0,1,0
2952.51,4500.0,0.66,10,2,0,37,0,0,0,0
10827.31,2000.0,5.41,19,4,3,7,1,1,1,0
2745.44,3000.0,0.92,16,1,0,12,0,0,1,0
1142.63,1500.0,0.76,13,16,0,29,0,0,1,0
26523.65,12000.0,2.21,12,14,0,31,0,0,0,0
15316.83,12000.0,1.28,16,4,0,32,0,0,0,0
2219.97,1500.0,1.48,12,22,0,7,0,0,1,0
1425.85,1500.0,0.95,16,28,0,13,0,0,0,0
11182.58,2000.0,5.59,15,1,3,39,0,0,2,0
7928.18,8000.0,0.99,11,11,2,28,0,0,0,0
5975.46,8000.0,0.75,12,25,0,20,0,0,0,0
2558.28,4500.0,0.57,10,15,0,25,0,0,0,0
4794.0,6000.0,0.8,21,28,0,11,0,0,0,0
1850.05,2500.0,0.74,17,28,0,35,0,0,0,0
20435.77,12000.0,1.7,19,6,0,23,0,0,0,0
4173.87,4500.0,0.93,17,5,2,23,0,0,0,0
7930.24,2000.0,3.97,19,13,5,40,0,1,1,0
70658.43,12000.0,5.89,15,5,5,14,1,0,2,0
1979.01,2500.0,0.79,18,14,0,25,0,0,0,0
2048.13,2500.0,0.82,7,17,0,5,0,0,0,0
3505.81,2500.0,1.4,14,10,0,7,0,0,0,0
2103.6,2000.0,1.05,10,4,0,37,0,0,1,0
6481.08,4500.0,1.44,11,18,1,37,0,0,0,0
4516.36,6000.0,0.75,18,18,0,37,0,0,0,0
12070.08,8000.0,1.51,8,26,1,33,0,1,0,0
1098.0,2000.0,0.55,12,25,0,46,0,0,1,0
2031.97,3000.0,0.68,10,13,0,45,0,0,1,0
7985.37,2000.0,3.99,8,25,3,43,1,1,0,0
7262.18,8000.0,0.91,20,18,1,10,0,0,1,0
1172.18,1500.0,0.78,13,13,0,41,0,0,0,0
11498.5,6000.0,1.92,7,25,0,46,0,0,0,0
7832.27,8000.0,0.98,7,10,0,20,0,0,0,0
1634.68,2000.0,0.82,16,7,1,8,0,0,0,0
7271.59,6000.0,1.21,8,2,0,22,0,0,1,0
1566.62,2000.0,0.78,18,25,0,45,0,0,1,0
10410.9,8000.0,1.3,20,2,0,47,0,0,0,0
2905.95,2500.0,1.16,12,18,1,23,0,0,0,0
80074.78,2500.0,32.03,4,17,8,15,1,1,2,1
2430.63,2500.0,0.97,16,6,0,27,0,0,0,0
21045.67,6000.0,3.51,17,5,5,21,1,1,2,0
1386.92,1500.0,0.92,19,16,0,30,0,0,0,0
8793.92,6000.0,1.47,14,17,0,20,0,0,0,0
7607.57,8000.0,0.95,11,18,1,15,0,0,0,0
1870.98,1500.0,1.25,9,27,0,33,0,0,0,0
11627.53,8000.0,1.45,10,28,2,22,0,0,0,0
2358.2,2000.0,1.18,10,11,1,9,0,0,1,0
2477.22,3000.0,0.83,16,25,0,43,0,0,0,0
9676.12,8000.0,1.21,18,15,0,18,0,0,0,0
4086.2,4500.0,0.91,9,25,0,46,0,0,1,0
1166.73,2000.0,0.58,17,28,0,15,0,0,0,0
9794.1,8000.0,1.22,21,7,0,50,0,0,0,0
6607.76,4500.0,1.47,16,27,0,21,0,0,1,0
10030.95,12000.0,0.84,13,1,0,11,1,0,0,0
22876.63,2500.0,9.15,2,1,8,6,1,1,2,1
1544.69,1500.0,1.03,17,11,0,40,1,0,0,0
2755.89,4500.0,0.61,12,23,0,22,0,0,0,0
8417.02,8000.0,1.05,16,18,1,12,0,0,0,0
2936.25,2000.0,1.47,18,28,0,33,0,0,0,0
30653.11,8000.0,3.83,9,21,5,5,0,1,1,0
17514.45,4500.0,3.89,9,12,5,12,1,1,1,0
7488.72,8000.0,0.94,6,14,0,31,0,0,0,0
991.92,1500.0,0.66,10,2,0,39,0,0,0,0
5277.66,8000.0,0.66,5,16,0,23,0,0,0,0
7584.16,4500.0,1.69,7,13,0,33,0,0,0,0
3632.14,3000.0,1.21,19,9,0,41,0,0,0,0
1345.64,2000.0,0.67,11,18,0,26,0,0,0,0
3564.85,6000.0,0.59,8,7,0,12,0,0,0,0
3898.71,4500.0,0.87,14,2,0,29,0,0,0,0
7474.35,8000.0,0.93,17,22,0,29,0,0,0,0
12827.14,12000.0,1.07,16,16,0,35,0,1,0,0
14042.16,3000.0,4.68,19,11,4,17,1,0,1,0
6644.48,3000.0,2.21,13,11,1,13,0,0,0,0
6700.16,1500.0,4.47,7,28,3,17,0,1,1,0
3584.18,8000.0,0.45,7,17,0,7,0,0,0,0
28753.02,6000.0,4.79,11,17,4,37,1,0,2,0
1491.69,2000.0,0.75,17,14,0,49,0,0,0,0
3504.35,2500.0,1.4,18,6,0,36,0,0,1,0
60626.1,4000.0,15.16,23,10,4,27,1,1,2,1
1348.34,1500.0,0.9,18,15,0,19,0,0,0,0
5830.34,6000.0,0.97,20,1,0,25,0,0,0,0
8009.65,12000.0,0.67,14,25,0,49,0,0,0,0
7436.16,8000.0,0.93,6,19,0,27,0,0,0,0
10093.08,2000.0,5.05,7,23,3,9,0,1,1,0
7652.66,12000.0,0.64,21,5,0,38,0,0,0,0
2457.46,6000.0,0.41,22,4,0,21,0,0,0,0
13920.47,12000.0,1.16,18,21,0,19,0,0,0,0
47196.0,8000.0,5.9,7,28,4,14,1,0,1,0
10966.19,4500.0,2.44,15,15,1,10,0,0,2,0
5964.5,6000.0,0.99,13,16,0,18,0,0,0,0
1083.31,1500.0,0.72,21,2,0,32,0,0,1,0
19151.51,12000.0,1.6,11,25,2,10,0,0,0,0
2959.52,3000.0,0.99,8,13,0,32,0,0,0,0
9425.27,12000.0,0.79,9,20,0,25,0,0,1,0
11162.1,12000.0,0.93,13,19,0,27,0,0,0,0
4403.02,6000.0,0.73,20,11,0,20,0,0,0,0
1786.79,4500.0,0.4,20,28,0,35,0,0,2,0
10479.43,12000.0,0.87,16,22,1,46,0,0,0,0
6544.63,4500.0,1.45,11,16,0,41,0,0,1,0
7118.44,6000.0,1.19,18,16,0,38,0,0,0,0
5161.61,8000.0,0.65,20,26,0,22,0,0,0,0
7054.76,2000.0,3.53,19,10,5,47,1,1,1,0
2298.98,2500.0,0.92,10,17,0,50,0,0,0,0
10769.42,6000.0,1.79,6,18,0,10,0,0,0,0
10106.01,12000.0,0.84,8,28,0,10,0,0,0,0
3277.59,6000.0,0.55,21,12,0,31,0,1,0,0
20907.79,12000.0,1.74,10,13,0,47,0,0,0,0
9203.2,12000.0,0.77,14,9,0,14,0,0,0,0
858.3,2000.0,0.43,17,3,0,13,0,0,0,0
16494.05,3000.0,5.5,19,27,3,50,1,0,1,0
2306.47,3000.0,0.77,10,4,0,10,0,0,0,0
5952.03,4500.0,1.32,14,20,0,33,0,0,0,0
3140.09,6000.0,0.52,10,18,0,49,0,0,0,0
960.35,1500.0,0.64,15,16,0,26,0,0,0,0
15020.39,8000.0,1.88,9,22,0,33,1,0,0,0
55497.05,3000.0,18.5,4,3,6,34,1,1,2,1
7170.4,8000.0,0.9,0,5,0,6,0,0,0,0
4122.89,6000.0,0.69,9,4,0,17,0,0,0,0
3935.33,6000.0,0.66,16,13,0,38,0,0,0,0
7467.88,3000.0,2.49,14,3,0,37,0,0,0,0
2206.29,3000.0,0.74,10,18,0,32,0,0,0,0
5589.08,4500.0,1.24,7,15,0,31,0,0,2,0
1957.69,2500.0,0.78,12,7,1,50,0,0,0,0
7417.02,4500.0,1.65,7,24,1,43,0,0,0,0
2159.83,3000.0,0.72,13,12,0,22,1,0,0,0
1045.85,2000.0,0.52,21,27,0,33,0,0,0,0
9514.55,8000.0,1.19,11,3,0,35,0,0,0,0
19502.78,4000.0,4.88,16,26,4,41,1,0,2,1
13045.95,3000.0,4.35,15,18,5,12,1,0,2,0
5165.15,8000.0,0.65,18,6,0,20,0,0,0,0
2323.37,2000.0,1.16,22,9,0,8,1,0,0,0
10693.1,6000.0,1.78,11,21,0,22,0,0,0,0
2189.25,1500.0,1.46,18,15,0,24,0,0,0,0
2373.66,2500.0,0.95,2,11,1,23,0,0,0,0
6314.54,12000.0,0.53,15,23,0,16,0,0,0,0
2374.37,2500.0,0.95,11,10,0,19,0,0,1,0
6329.57,8000.0,0.79,17,26,0,36,0,0,0,0
9926.54,8000.0,1.24,17,28,0,41,0,0,0,0
2766.53,2000.0,1.38,8,5,0,47,0,0,0,0
2707.61,4500.0,0.6,18,10,0,15,0,0,0,0
1712.98,1500.0,1.14,10,27,0,7,0,0,1,0
1381.12,1500.0,0.92,13,16,0,20,0,0,0,0
66928.14,2000.0,33.46,4,12,4,32,1,1,2,1
8926.03,8000.0,1.12,8,6,0,19,0,0,0,0
754.77,2000.0,0.38,10,26,0,39,0,0,0,0
8524.57,1500.0,5.68,21,4,4,7,1,0,2,0
16291.16,12000.0,1.36,13,13,2,44,1,0,0,0
6707.34,4500.0,1.49,17,19,1,45,0,0,0,0
8622.5,1500.0,5.75,16,23,5,25,1,1,1,0
1208.23,1500.0,0.81,12,10,0,15,0,0,0,0
11733.87,8000.0,1.47,18,18,0,36,0,0,1,0
3200.62,2500.0,1.28,23,20,0,18,0,0,0,0
2130.17,4500.0,0.47,19,13,0,42,1,0,0,0
3210.68,2500.0,1.28,9,11,0,31,1,0,0,0
4769.32,6000.0,0.79,22,11,0,39,0,0,0,0
5573.73,4500.0,1.24,12,2,0,29,1,0,0,0
1652.32,2000.0,0.83,14,5,0,24,0,0,0,0
49498.28,1500.0,33.0,23,16,2,48,1,0,1,1
1716.75,2500.0,0.69,14,26,0,34,0,0,0,0
21580.81,12000.0,1.8,11,5,0,25,0,0,0,0
8409.0,4500.0,1.87,5,7,0,35,0,0,1,0
2106.39,1500.0,1.4,13,21,1,38,0,0,0,0
1362.19,1500.0,0.91,7,8,0,12,0,0,0,0
5687.64,6000.0,0.95,19,24,0,12,0,0,0,0
10384.61,12000.0,0.87,12,10,0,37,0,0,0,0
3577.2,4500.0,0.79,16,16,0,50,0,0,0,0
7441.79,12000.0,0.62,19,2,0,45,0,0,0,0
1538.7,1500.0,1.03,19,16,0,25,0,0,0,0
6559.54,4500.0,1.46,8,10,0,27,0,0,0,0
9097.42,1500.0,6.06,15,12,8,28,1,1,1,1
5569.14,4500.0,1.24,13,9,0,9,0,0,1,0
12126.08,4000.0,3.03,1,24,7,33,1,1,1,1
15763.32,8000.0,1.97,9,27,0,7,0,0,0,0
40129.67,8000.0,5.02,11,10,5,7,1,0,0,0
2345.7,3000.0,0.78,10,4,0,47,0,0,0,0
4409.8,6000.0,0.73,14,16,0,20,0,0,0,0
5668.78,8000.0,0.71,9,26,0,10,0,0,0,0
10157.07,8000.0,1.27,10,8,1,31,0,1,0,0
10304.79,8000.0,1.29,20,11,0,10,0,0,0,0
5897.67,1500.0,3.93,13,22,3,48,0,0,0,0
10530.88,8000.0,1.32,7,14,0,20,0,0,0,0
10362.93,2000.0,5.18,21,23,3,46,1,0,1,1
2236.82,2500.0,0.89,18,15,1,6,0,0,0,0
2685.65,3000.0,0.9,18,10,0,26,0,0,0,0
4341.59,6000.0,0.72,18,22,0,6,0,0,0,0
1830.05,2000.0,0.92,11,28,0,36,0,0,0,0
4594.66,4500.0,1.02,9,25,0,44,0,0,0,0
11023.43,12000.0,0.92,9,10,0,43,0,0,1,0
2098.79,1500.0,1.4,10,17,0,47,1,0,0,0
3598.92,2500.0,1.44,8,9,0,43,0,0,1,0
11518.19,8000.0,1.44,22,2,0,16,0,0,0,0
12376.25,8000.0,1.55,19,16,0,36,0,0,0,0
2895.25,3000.0,0.97,16,2,1,5,0,0,0,0
10411.51,1500.0,6.94,6,28,5,27,0,1,2,1
1431.93,3000.0,0.48,13,25,0,26,0,0,0,0
1588.79,2000.0,0.79,15,5,1,38,0,0,0,0
5903.43,6000.0,0.98,5,15,0,8,0,0,0,0
5251.63,2500.0,2.1,15,14,0,34,0,0,0,0
1760.0,2500.0,0.7,15,17,0,45,1,0,0,0
12976.57,12000.0,1.08,21,11,0,7,0,0,0,0
5122.8,12000.0,0.43,19,22,0,14,0,0,0,0
1827.55,3000.0,0.61,11,3,0,36,0,0,1,0
3716.04,2500.0,1.49,0,2,0,48,0,0,0,0
1652.96,3000.0,0.55,7,28,0,18,0,1,0,0
8923.92,12000.0,0.74,12,26,0,48,0,0,1,0
3470.45,3000.0,1.16,9,19,0,36,0,0,1,0
3873.68,2500.0,1.55,16,28,0,11,0,0,1,0
4304.14,4500.0,0.96,8,19,0,46,0,0,1,0
4608.08,12000.0,0.38,16,20,0,32,1,0,0,0
2750.66,4500.0,0.61,8,27,0,28,0,0,0,0
15984.85,12000.0,1.33,9,11,0,48,0,0,0,0
13273.42,12000.0,1.11,13,24,0,9,0,0,0,0
4878.81,4500.0,1.08,17,13,0,48,0,0,0,0
9685.73,8000.0,1.21,13,13,0,32,0,0,0,0
4295.44,3000.0,1.43,19,15,0,34,0,0,0,0
12090.88,12000.0,1.01,8,13,0,45,0,0,0,0
2250.12,2500.0,0.9,21,18,1,15,0,0,0,0
939.16,1500.0,0.63,7,26,0,48,0,0,0,0
3046.54,2500.0,1.22,14,17,2,19,0,0,0,0
6976.3,8000.0,0.87,11,1,0,29,0,0,1,0
12815.59,3000.0,4.27,13,12,5,26,0,0,1,0
4517.61,8000.0,0.56,18,2,0,23,0,0,0,0
8774.66,1500.0,5.85,10,3,3,43,1,1,0,0
25561.88,4500.0,5.68,16,8,4,17,1,0,0,0
6407.07,3000.0,2.14,17,3,0,31,0,0,2,0
2625.91,3000.0,0.88,14,9,0,24,0,0,0,0
3364.72,6000.0,0.56,17,17,2,26,0,0,1,0
3386.81,2000.0,1.69,21,22,1,45,0,0,0,0
1412.01,2000.0,0.71,9,19,0,8,0,0,0,0
4681.99,6000.0,0.78,0,9,0,9,0,0,1,0
22625.83,4500.0,5.03,17,9,3,7,0,1,2,0
8359.49,6000.0,1.39,15,18,0,16,0,0,0,0
3039.14,2500.0,1.22,18,13,0,5,1,0,0,0
3036.09,2500.0,1.21,15,24,0,38,0,0,0,0
2698.02,2500.0,1.08,10,22,0,34,0,0,0,0
18933.94,4500.0,4.21,13,4,5,8,0,0,1,0
3578.78,1500.0,2.39,16,11,0,8,0,0,0,0
15649.47,8000.0,1.96,17,26,0,33,0,0,0,0
10721.84,6000.0,1.79,12,14,0,20,0,0,0,0
2982.75,4500.0,0.66,19,7,0,13,0,0,1,0
5203.47,4500.0,1.16,11,12,0,50,0,0,0,0
16694.39,12000.0,1.39,19,24,0,27,0,0,0,0
4036.78,3000.0,1.35,17,1,2,41,0,0,0,0
5068.23,6000.0,0.84,15,21,1,48,0,0,0,0
6195.66,12000.0,0.52,12,1,0,23,0,0,0,0
4719.62,3000.0,1.57,21,17,0,41,0,0,0,0
9026.01,2500.0,3.61,11,16,3,22,1,0,2,0
6427.3,6000.0,1.07,19,3,0,19,0,0,0,0
15170.23,3000.0,5.06,16,12,5,33,1,1,0,0
3547.28,2500.0,1.42,21,19,0,44,0,0,0,0
7720.52,6000.0,1.29,3,23,2,24,0,0,0,0
7561.98,2000.0,3.78,15,12,5,43,1,1,1,0
1807.85,3000.0,0.6,15,7,0,31,0,0,0,0
2127.17,2000.0,1.06,18,21,0,37,0,0,0,0
896.95,2500.0,0.36,8,10,0,26,0,0,0,0
4148.13,6000.0,0.69,19,6,0,32,0,0,1,0
2734.44,3000.0,0.91,12,17,0,42,0,0,1,0
1541.6,1500.0,1.03,15,24,0,31,0,0,0,0
9941.99,12000.0,0.83,18,17,0,41,1,0,0,0
1565.32,2500.0,0.63,12,3,0,5,0,0,0,0
9675.72,2000.0,4.84,14,10,4,19,1,1,1,0
12168.63,12000.0,1.01,15,14,0,49,0,0,0,0
3111.28,2000.0,1.56,9,20,0,43,0,0,0,0
11102.1,12000.0,0.93,19,19,0,14,0,0,1,0
4227.09,2500.0,1.69,19,23,1,15,0,0,0,0
11510.79,12000.0,0.96,14,21,0,9,0,0,2,0
4158.7,4500.0,0.92,16,25,0,41,0,0,0,0
3108.04,2500.0,1.24,15,3,0,7,0,0,0,0
5854.1,12000.0,0.49,16,17,0,9,0,0,0,0
2704.93,2000.0,1.35,17,20,1,27,0,0,1,0
4164.26,4500.0,0.93,7,9,1,5,0,0,1,0
2695.64,2500.0,1.08,13,21,0,49,0,0,2,0
23970.33,12000.0,2.0,13,25,0,35,1,0,0,0
16755.97,3000.0,5.59,18,4,4,19,1,0,2,0
4852.92,3000.0,1.62,17,6,0,7,0,0,0,0
2273.6,2500.0,0.91,7,13,0,39,0,0,0,0
3332.56,4500.0,0.74,19,27,0,47,0,0,0,0
7736.84,6000.0,1.29,8,11,0,18,0,0,0,0
8647.94,12000.0,0.72,14,12,0,36,0,0,0,0
3784.16,3000.0,1.26,19,3,1,33,0,0,0,0
5098.32,2500.0,2.04,2,12,0,29,0,0,0,0
4693.13,3000.0,1.56,19,3,0,21,0,0,0,0
6125.86,8000.0,0.77,17,5,0,25,0,1,0,0
8448.8,8000.0,1.06,17,14,0,8,0,0,0,0
3003.54,3000.0,1.0,15,15,1,31,0,0,0,0
2630.39,1500.0,1.75,8,23,0,25,0,0,0,0
1913.43,1500.0,1.28,18,15,0,41,0,0,1,0
1333.07,1500.0,0.89,12,23,2,12,0,0,0,0
11573.23,3000.0,3.86,21,19,5,19,0,0,0,0
2114.35,3000.0,0.7,18,23,2,27,0,0,1,0
3923.86,3000.0,1.31,12,7,0,35,0,0,1,0
9911.09,12000.0,0.83,12,16,1,26,0,0,0,0
864.57,1500.0,0.58,23,19,0,42,0,0,0,0
3847.21,8000.0,0.48,8,7,1,32,0,0,0,0
22086.34,4500.0,4.91,11,24,3,49,0,0,1,0
5952.97,8000.0,0.74,9,17,0,31,0,0,0,0
67083.6,12000.0,5.59,8,23,3,12,1,0,2,0
2195.9,2000.0,1.1,17,1,0,50,0,0,0,0
3925.89,4500.0,0.87,21,16,0,24,0,0,0,0
4001.99,6000.0,0.67,0,10,0,49,0,0,0,0
10366.49,6000.0,1.73,6,20,0,23,0,0,0,0
9245.94,8000.0,1.16,9,25,0,20,0,0,0,0
4565.5,8000.0,0.57,10,22,0,27,0,0,0,0
7349.53,8000.0,0.92,9,12,1,19,0,0,0,0
12613.85,2500.0,5.05,16,9,4,43,1,0,1,1
5619.21,3000.0,1.87,16,17,0,39,0,0,0,0
6864.73,6000.0,1.14,9,28,0,9,0,0,2,0
10904.21,6000.0,1.82,18,3,0,15,0,0,2,0
8343.66,4500.0,1.85,13,9,0,19,0,0,0,0
2255.81,2500.0,0.9,16,19,0,23,0,0,0,0
3458.5,2000.0,1.73,14,8,0,27,0,0,0,0
8901.52,2500.0,3.56,15,4,5,18,1,0,2,0
915.38,2000.0,0.46,11,4,1,30,0,0,0,0
854.48,1500.0,0.57,5,13,0,23,0,0,0,0
10968.87,6000.0,1.83,15,11,0,22,0,0,0,0
6709.22,6000.0,1.12,13,14,0,44,0,0,1,0
4770.31,4500.0,1.06,10,20,0,35,0,0,0,0
4918.94,6000.0,0.82,16,3,0,41,0,0,0,0
13403.47,8000.0,1.68,6,10,1,36,0,0,0,0
2682.57,2000.0,1.34,11,4,0,18,0,0,0,0
1971.96,2000.0,0.99,9,28,0,37,0,0,2,0
3038.45,2500.0,1.22,6,5,0,43,0,0,0,0
20289.92,12000.0,1.69,8,25,0,11,0,0,0,0
4304.15,3000.0,1.43,8,5,0,37,0,1,0,0
2723.27,2500.0,1.09,19,1,0,7,0,0,0,0
10875.03,12000.0,0.91,22,21,0,37,0,0,0,0
1334.63,1500.0,0.89,9,6,0,31,0,0,0,0
10204.55,8000.0,1.28,14,10,1,26,0,0,1,0
971.64,2000.0,0.49,18,9,0,19,0,0,1,0
17716.6,12000.0,1.48,18,14,0,41,0,0,2,0
50699.97,12000.0,4.22,18,18,4,7,1,0,1,0
6740.37,12000.0,0.56,16,24,0,26,0,0,0,0
2369.91,2000.0,1.18,12,2,0,34,0,0,0,0
7695.54,1500.0,5.13,3,27,5,5,1,0,1,0
16067.97,12000.0,1.34,7,14,0,23,0,0,1,0
6846.63,4500.0,1.52,11,15,0,28,0,0,0,0
26012.85,12000.0,2.17,8,7,0,26,0,0,0,0
1979.04,1500.0,1.32,14,21,0,23,0,0,0,0
19749.57,4500.0,4.39,11,23,3,39,1,1,1,0
4082.42,8000.0,0.51,14,28,0,28,0,0,0,0
5173.36,8000.0,0.65,15,7,0,25,0,0,0,0
13216.51,12000.0,1.1,12,2,0,13,0,0,0,0
9649.27,8000.0,1.21,13,5,0,5,0,0,0,0
6584.36,6000.0,1.1,7,9,0,9,0,0,0,0
11900.05,8000.0,1.49,12,2,0,33,0,0,0,0
25414.09,6000.0,4.24,14,5,4,27,1,1,0,0
996.92,2000.0,0.5,9,7,0,11,0,0,0,0
40360.08,8000.0,5.05,12,9,5,14,1,0,0,0
1782.0,2000.0,0.89,15,15,0,23,0,0,0,0
5837.87,1500.0,3.89,17,27,5,40,0,1,1,0
1720.06,2000.0,0.86,19,10,0,12,0,0,0,0
3266.93,2500.0,1.31,22,9,0,18,1,1,0,0
17468.0,3000.0,5.82,21,22,5,49,1,1,2,0
2596.72,2000.0,1.3,10,16,0,42,0,0,1,0
10831.01,2000.0,5.42,21,3,5,27,0,0,1,0
10155.05,2500.0,4.06,14,14,3,50,1,0,1,1
11165.83,6000.0,1.86,13,17,0,32,0,0,1,0
2176.93,3000.0,0.73,17,20,0,24,0,0,1,0
34742.62,8000.0,4.34,21,5,3,50,0,0,1,0
32284.7,6000.0,5.38,12,5,5,20,1,1,0,0
9633.89,2000.0,4.82,13,25,5,5,0,0,0,0
5940.38,4500.0,1.32,12,26,0,22,0,0,0,0
6052.91,1500.0,4.04,8,15,4,31,0,1,1,0
5532.41,4500.0,1.23,19,12,1,13,0,0,0,0
65826.44,12000.0,5.49,15,3,5,41,0,0,1,0
12125.34,8000.0,1.52,0,28,1,27,0,0,0,0
2207.97,2000.0,1.1,11,3,0,25,0,0,0,0
2747.73,6000.0,0.46,19,8,0,8,0,0,0,0
5751.3,12000.0,0.48,12,23,0,18,0,0,0,0
5782.99,6000.0,0.96,17,12,0,18,0,0,0,0
1973.46,1500.0,1.32,7,19,0,30,0,0,0,0
4411.27,6000.0,0.74,10,19,0,47,0,0,0,0
3069.57,2000.0,1.53,16,25,1,16,0,0,0,0
2154.21,3000.0,0.72,11,28,0,38,0,0,0,0
9724.67,12000.0,0.81,7,5,0,38,0,0,0,0
4693.21,6000.0,0.78,11,22,0,49,0,0,0,0
5189.48,8000.0,0.65,7,14,0,25,0,0,1,0
7679.07,8000.0,0.96,9,14,0,39,0,0,0,0
3107.12,2000.0,1.55,22,23,0,6,0,0,0,0
13020.97,3000.0,4.34,10,26,5,30,0,0,2,0
1850.9,1500.0,1.23,18,18,0,16,0,0,0,0
3157.81,1500.0,2.11,17,10,0,36,0,0,2,0
1676.31,2000.0,0.84,19,4,1,23,0,0,0,0
6629.27,8000.0,0.83,17,23,0,35,0,0,0,0
2853.23,2000.0,1.43,12,27,0,42,0,0,1,0
6350.32,8000.0,0.79,7,3,0,26,0,0,0,0
7244.95,12000.0,0.6,15,21,0,26,0,0,0,0
11135.51,8000.0,1.39,10,8,0,24,0,0,0,0
7596.28,6000.0,1.27,23,25,0,14,0,1,1,0
1300.99,2000.0,0.65,18,10,0,13,0,0,0,0
11581.02,2500.0,4.63,20,2,3,34,1,1,0,0
12062.75,12000.0,1.01,9,13,1,14,0,0,0,0
6657.05,4500.0,1.48,10,24,0,50,0,0,0,0
51132.89,12000.0,4.26,19,10,5,49,1,0,2,0
7371.32,1500.0,4.91,14,28,5,10,1,0,2,0
3206.56,2000.0,1.6,19,11,0,29,0,0,0,0
1537.25,2000.0,0.77,10,26,0,49,0,0,0,0
7788.94,12000.0,0.65,11,10,0,21,0,0,0,0
2101.8,3000.0,0.7,22,21,1,41,0,0,0,0
6362.23,4500.0,1.41,2,25,1,38,0,0,0,0
20668.81,12000.0,1.72,16,28,0,34,0,0,0,0
12722.77,6000.0,2.12,9,18,0,22,0,0,0,0
13276.48,6000.0,2.21,13,11,0,37,0,0,0,0
6795.17,8000.0,0.85,7,5,0,21,0,0,0,0
2712.07,3000.0,0.9,8,13,0,33,0,0,0,0
2076.23,1500.0,1.38,9,4,0,22,0,0,0,0
15269.82,12000.0,1.27,8,11,0,19,0,0,0,0
9749.62,8000.0,1.22,18,18,0,50,1,0,0,0
2572.59,3000.0,0.86,19,18,0,18,0,0,0,0
43571.21,8000.0,5.45,22,15,3,23,1,1,1,0
8223.51,8000.0,1.03,14,16,0,20,0,0,0,0
6654.88,6000.0,1.11,18,26,0,45,0,0,0,0
2630.89,2500.0,1.05,13,1,0,13,0,0,0,0
1095.63,1500.0,0.73,12,23,0,19,0,0,0,0
1679.91,2000.0,0.84,18,20,0,31,0,0,0,0
12481.93,12000.0,1.04,12,20,0,39,0,0,0,0
11234.37,8000.0,1.4,10,28,0,7,0,0,0,0
3702.19,2500.0,1.48,14,23,0,12,0,0,0,0
6108.34,4500.0,1.36,9,7,0,35,0,0,0,0
2704.02,2000.0,1.35,19,13,0,20,0,0,0,0
4694.71,8000.0,0.59,11,14,0,32,0,0,0,0
7075.95,6000.0,1.18,17,18,0,31,0,0,0,0
15496.48,8000.0,1.94,17,26,0,45,0,0,0,0
6584.38,4500.0,1.46,22,2,0,13,0,0,0,0
2387.5,2500.0,0.96,18,28,0,10,0,0,0,0
4842.9,6000.0,0.81,8,21,0,34,0,0,0,0
5148.04,8000.0,0.64,12,9,0,47,0,0,0,0
1268.06,2500.0,0.51,14,17,1,7,0,0,0,0
8812.88,6000.0,1.47,12,27,0,10,0,0,0,0
4539.25,4500.0,1.01,4,1,0,15,0,0,0,0
9888.36,8000.0,1.24,16,21,0,26,0,0,0,0
10989.15,12000.0,0.92,11,7,0,36,0,0,0,0
14425.7,6000.0,2.4,8,20,0,13,0,0,0,0
10565.49,2000.0,5.28,17,27,8,11,0,1,1,1
4740.44,3000.0,1.58,19,12,0,39,0,0,0,0
5856.4,6000.0,0.98,10,24,0,7,0,0,0,0
2053.96,2500.0,0.82,17,25,0,10,0,0,0,0
7751.58,4500.0,1.72,7,22,1,46,0,0,0,0
1170.43,2000.0,0.59,12,18,0,25,0,0,0,0
8524.09,2000.0,4.26,18,20,4,33,1,0,2,0
983.74,2000.0,0.49,10,5,0,43,0,0,0,0
8045.5,4500.0,1.79,8,19,0,22,0,0,0,0
1113.71,1500.0,0.74,18,15,0,21,0,0,0,0
44421.32,8000.0,5.55,15,26,5,44,1,0,1,0
9566.09,12000.0,0.8,10,13,0,48,0,0,0,0
3448.14,4500.0,0.77,20,26,0,42,0,0,0,0
7168.77,4500.0,1.59,21,19,0,25,0,0,0,0
5089.95,6000.0,0.85,10,27,0,17,0,0,0,0
14635.45,12000.0,1.22,12,18,0,16,0,0,0,0
3530.89,3000.0,1.18,17,15,0,50,0,0,0,0
42550.9,8000.0,5.32,15,1,4,36,1,0,1,0
12209.51,12000.0,1.02,19,8,1,16,0,0,0,0
5863.55,4500.0,1.3,18,6,0,21,0,0,0,0
11959.78,2500.0,4.78,17,22,3,13,1,1,1,0
3667.25,4500.0,0.81,12,24,0,27,0,0,0,0
14582.24,6000.0,2.43,12,9,0,8,0,0,0,0
1898.71,3000.0,0.63,9,11,0,36,0,0,0,0
2954.96,2500.0,1.18,6,16,0,49,0,0,1,0
9713.56,6000.0,1.62,12,5,0,10,0,0,0,0
878.78,1500.0,0.59,16,18,1,23,1,0,0,0
2659.47,4500.0,0.59,6,27,0,34,0,0,0,0
8099.54,8000.0,1.01,20,10,0,15,0,0,0,0
11872.82,12000.0,0.99,22,2,0,20,0,0,0,0
3941.49,2500.0,1.58,12,20,0,26,0,0,0,0
5273.27,6000.0,0.88,10,9,0,15,0,0,2,0
1198.78,2000.0,0.6,13,13,0,10,0,0,0,0
2658.53,3000.0,0.89,14,7,0,18,0,0,0,0
699.22,2000.0,0.35,12,13,0,42,0,0,0,0
15944.56,12000.0,1.33,10,4,1,26,0,0,1,0
4391.2,3000.0,1.46,14,3,0,41,0,0,1,0
3105.46,3000.0,1.04,18,1,0,15,0,0,1,0
6040.19,8000.0,0.76,22,18,0,29,0,0,0,0
7062.96,1500.0,4.71,19,11,3,46,1,0,1,0
5456.66,6000.0,0.91,15,24,0,15,0,0,0,0
1938.94,2000.0,0.97,8,22,0,44,0,0,0,0
11510.36,8000.0,1.44,14,11,0,37,0,0,0,0
7910.99,12000.0,0.66,9,23,0,17,0,0,0,0
3708.32,2500.0,1.48,7,11,1,44,0,0,0,0
1096.64,1500.0,0.73,19,3,0,11,0,0,0,0
2046.9,2500.0,0.82,11,15,0,24,0,0,0,0
15397.84,2500.0,6.16,8,9,9,29,1,0,1,1
4537.99,4500.0,1.01,17,27,0,6,0,0,0,0
2338.0,2500.0,0.94,15,7,0,9,0,0,0,0
4298.35,4500.0,0.96,7,13,0,33,0,0,0,0
4643.05,2500.0,1.86,20,11,0,44,0,0,0,0
1459.41,1500.0,0.97,17,14,0,33,0,0,0,0
22840.28,12000.0,1.9,8,5,0,44,0,0,0,0
2712.28,3000.0,0.9,12,16,0,19,0,0,1,0
8502.75,8000.0,1.06,8,13,1,35,0,0,0,0
1995.89,2000.0,1.0,17,20,1,32,0,0,1,0
8281.41,8000.0,1.04,10,21,0,39,0,0,0,0
4357.43,8000.0,0.54,5,1,0,8,0,0,1,0
4904.17,6000.0,0.82,7,26,0,31,0,0,0,0
978.23,1500.0,0.65,17,17,0,34,0,0,1,0
949.22,2000.0,0.47,10,7,0,32,0,0,0,0
3067.78,6000.0,0.51,13,11,0,15,0,0,0,0
12870.14,6000.0,2.15,18,24,0,47,0,0,0,0
12258.72,12000.0,1.02,22,5,0,31,0,0,0,0
11864.88,12000.0,0.99,7,2,0,27,0,0,0,0
21166.65,12000.0,1.76,11,14,0,49,0,0,0,0
2260.28,1500.0,1.51,12,16,0,35,0,0,0,0
3740.85,3000.0,1.25,10,28,2,11,0,0,0,0
5987.37,6000.0,1.0,14,20,0,10,0,0,0,0
3308.37,4500.0,0.74,22,10,0,19,0,0,0,0
5989.21,4500.0,1.33,9,26,0,44,0,0,1,0
6847.83,12000.0,0.57,19,24,0,24,1,0,0,0
16543.65,8000.0,2.07,16,21,0,7,1,1,0,0
4812.53,8000.0,0.6,18,16,0,18,0,0,0,0
4920.51,4500.0,1.09,12,17,0,28,1,0,1,0
1785.46,1500.0,1.19,14,14,0,20,0,0,0,0
4894.87,3000.0,1.63,10,21,0,19,0,0,0,0
7375.2,4500.0,1.64,5,21,0,22,0,0,0,0
13103.42,12000.0,1.09,13,19,0,36,1,0,1,0
940.72,1500.0,0.63,10,4,0,6,0,0,0,0
7843.76,12000.0,0.65,11,28,1,41,0,0,0,0
6233.6,4500.0,1.39,16,28,1,36,0,0,2,0
8231.11,2000.0,4.12,16,8,3,36,1,1,0,0
2364.93,3000.0,0.79,3,19,1,43,0,0,0,0
4842.69,4500.0,1.08,13,21,0,38,0,0,0,0
14423.06,12000.0,1.2,2,13,0,48,0,0,1,0
1937.44,1500.0,1.29,18,4,0,5,0,0,0,0
2417.21,2500.0,0.97,17,2,0,36,1,0,2,0
6733.44,8000.0,0.84,18,9,0,50,0,0,0,0
18173.48,4000.0,4.54,11,19,5,12,1,1,1,1
3074.26,4500.0,0.68,15,1,0,9,0,0,0,0
7849.99,2000.0,3.92,5,18,4,33,1,0,0,0
4284.89,4500.0,0.95,18,25,1,46,0,0,0,0
6937.72,4500.0,1.54,15,23,1,16,0,0,0,0
824.14,2000.0,0.41,22,16,0,44,0,0,0,0
4070.87,3000.0,1.36,10,5,1,9,0,0,0,0
3065.87,3000.0,1.02,20,9,0,14,0,0,1,0
1868.64,2000.0,0.93,17,13,0,18,0,0,0,0
12481.7,12000.0,1.04,8,15,1,30,0,0,0,0
4660.7,2500.0,1.86,10,25,1,12,0,0,1,0
11694.17,12000.0,0.97,17,19,0,13,0,0,0,0
7506.68,8000.0,0.94,15,17,0,37,0,0,0,0
24419.77,6000.0,4.07,21,11,4,27,1,0,0,0
4688.43,3000.0,1.56,15,17,0,27,0,0,0,0
7407.8,4500.0,1.65,12,23,0,19,0,0,0,0
2388.21,2000.0,1.19,11,1,1,30,0,0,1,0
2280.09,1500.0,1.52,18,24,0,43,0,0,0,0
5171.89,6000.0,0.86,15,10,1,28,0,0,0,0
7493.7,6000.0,1.25,9,9,0,16,0,0,0,0
9846.94,12000.0,0.82,14,6,0,23,0,0,0,0
13301.86,8000.0,1.66,18,12,0,21,0,0,0,0
3972.05,4500.0,0.88,16,13,0,15,0,0,0,0
11356.81,2500.0,4.54,11,23,4,39,1,0,2,0
2834.95,2500.0,1.13,9,7,0,34,1,0,0,0
1935.59,2000.0,0.97,11,19,0,11,0,0,0,0
2995.92,4500.0,0.67,11,6,0,27,0,0,0,0
16792.8,3000.0,5.6,21,21,11,22,0,0,2,1
1657.2,2000.0,0.83,20,2,1,48,0,0,0,0
35902.25,3000.0,11.97,21,25,5,47,1,0,2,1
4126.57,6000.0,0.69,12,25,0,18,0,0,0,0
26570.77,4500.0,5.9,10,25,5,38,0,1,1,0
3445.01,2500.0,1.38,19,19,0,44,0,0,0,0
56484.54,2500.0,22.59,7,8,6,22,1,1,1,1
12945.22,8000.0,1.62,17,22,0,33,0,0,0,0
12280.13,3000.0,4.09,12,5,3,20,1,0,1,0
1414.29,3000.0,0.47,10,13,0,29,0,0,0,0
1496.45,2000.0,0.75,20,10,0,35,0,0,0,0
3808.16,3000.0,1.27,16,11,1,18,0,0,1,0
7375.89,8000.0,0.92,16,28,2,19,0,0,0,0
2145.65,2500.0,0.86,0,5,0,38,0,0,1,0
6739.77,8000.0,0.84,9,19,0,15,0,0,0,0
4132.72,6000.0,0.69,9,15,1,48,0,0,0,0
4498.41,6000.0,0.75,9,4,0,19,0,0,0,0
7670.89,4500.0,1.7,18,17,0,48,0,0,0,0
3216.38,4500.0,0.71,11,28,0,45,0,0,0,0
3896.39,3000.0,1.3,8,26,0,33,0,0,0,0
1976.27,1500.0,1.32,17,5,0,16,0,0,0,0
30852.78,2500.0,12.34,22,22,4,13,1,1,2,1
8526.66,1500.0,5.68,17,28,4,31,1,0,2,0
2407.7,2000.0,1.2,18,26,1,39,0,0,0,0
1841.87,2000.0,0.92,20,17,0,50,0,0,1,0
9484.13,8000.0,1.19,18,16,0,6,0,0,0,0
5470.9,8000.0,0.68,14,10,0,28,0,0,0,0
3346.29,3000.0,1.12,6,11,0,48,0,0,1,0
40786.59,4000.0,10.2,2,5,6,9,1,1,2,1
6803.7,6000.0,1.13,11,9,0,22,0,0,0,0
21248.87,4500.0,4.72,16,16,4,10,1,1,0,0
16317.25,4500.0,3.63,18,26,4,34,1,1,2,0
3539.82,4500.0,0.79,15,5,0,21,0,0,0,0
60071.66,12000.0,5.01,13,8,5,45,0,0,1,0
2491.78,2500.0,1.0,16,11,1,41,0,0,0,0
1252.13,1500.0,0.83,15,14,0,14,0,0,0,0
5527.73,4500.0,1.23,14,2,0,37,0,0,0,0
4823.47,4500.0,1.07,16,24,0,47,0,0,0,0
6598.93,4500.0,1.47,11,2,0,45,0,0,0,0
4571.76,6000.0,0.76,7,15,0,30,0,0,0,0
24589.68,12000.0,2.05,19,20,1,45,0,1,0,0
2045.71,2000.0,1.02,12,10,0,45,0,0,0,0
8073.59,8000.0,1.01,22,21,0,28,0,0,0,0
5748.31,6000.0,0.96,23,12,0,43,0,0,0,0
1497.06,3000.0,0.5,10,7,0,11,0,0,0,0
906.32,1500.0,0.6,13,26,0,50,0,0,0,0
136932.54,4000.0,34.23,15,1,2,27,0,1,1,1
4896.25,8000.0,0.61,15,28,2,38,0,0,0,0
4462.06,4500.0,0.99,13,27,0,7,0,0,0,0
3170.31,6000.0,0.53,13,16,0,21,0,0,0,0
22468.97,4500.0,4.99,8,4,5,27,1,1,1,0
9379.63,8000.0,1.17,20,22,0,34,0,0,0,0
1771.31,2000.0,0.89,9,27,0,50,0,0,0,0
7227.38,8000.0,0.9,7,17,0,48,0,0,0,0
2969.5,6000.0,0.49,11,20,0,10,0,0,0,0
2443.79,2000.0,1.22,8,26,0,16,0,0,0,0
3511.0,2000.0,1.76,21,6,0,12,0,0,0,0
13598.38,2500.0,5.44,12,6,5,29,1,0,1,0
2257.67,3000.0,0.75,2,11,0,21,0,0,0,0
5128.77,4500.0,1.14,17,5,0,18,0,0,0,0
2001.5,2000.0,1.0,7,17,0,44,0,0,0,0
5060.24,8000.0,0.63,19,13,0,37,0,0,0,0
3020.87,3000.0,1.01,12,21,0,19,0,0,0,0
2542.1,2000.0,1.27,7,11,0,20,0,1,0,0
9463.84,1500.0,6.31,11,19,8,32,1,0,2,1
31410.44,2000.0,15.71,8,14,4,44,0,0,1,1
4087.42,6000.0,0.68,14,4,0,43,0,0,1,0
1474.51,1500.0,0.98,12,12,1,8,0,0,2,0
2615.89,2000.0,1.31,13,26,0,17,0,0,0,0
46958.3,8000.0,5.87,21,19,4,45,1,1,1,0
4192.18,2000.0,2.1,19,5,0,41,0,0,0,0
5126.68,2500.0,2.05,11,8,0,41,0,0,0,0
4434.26,6000.0,0.74,16,24,1,12,0,0,0,0
10811.99,12000.0,0.9,8,14,0,39,0,0,0,0
2160.48,2000.0,1.08,19,9,0,11,0,0,0,0
4825.35,4500.0,1.07,19,10,0,24,1,0,0,0
1919.01,2000.0,0.96,7,3,0,32,0,0,0,0
5682.19,4500.0,1.26,16,5,0,42,0,0,0,0
4095.22,4500.0,0.91,17,22,0,42,0,0,0,0
16265.31,12000.0,1.36,17,8,0,15,0,0,0,0
6262.3,8000.0,0.78,18,19,0,46,0,0,0,0
5283.5,6000.0,0.88,18,13,0,40,0,0,0,0
3293.92,2500.0,1.32,14,27,0,28,1,0,0,0
1243.22,2500.0,0.5,21,1,0,26,1,0,0,0
3521.36,3000.0,1.17,22,26,1,21,0,0,0,0
1363.71,2500.0,0.55,7,5,1,33,0,0,0,0
3677.09,2000.0,1.84,22,20,0,34,0,0,0,0
1552.99,3000.0,0.52,8,23,0,44,0,0,0,0
2020.28,2500.0,0.81,20,9,1,32,0,0,0,0
4377.36,2000.0,2.19,4,20,0,22,0,0,0,0
1472.23,1500.0,0.98,8,9,1,24,1,0,1,0
88798.52,4000.0,22.2,2,6,8,44,1,1,1,1
33340.01,2500.0,13.34,10,23,4,44,1,0,0,1
2617.54,2000.0,1.31,20,5,0,49,0,0,0,0
3299.81,6000.0,0.55,8,14,0,33,0,0,1,0
1433.13,2000.0,0.72,18,17,0,33,0,0,0,0
1743.43,3000.0,0.58,17,23,0,20,0,0,0,0
1910.67,3000.0,0.64,12,25,1,37,0,0,0,0
8848.05,12000.0,0.74,5,22,0,7,0,0,0,0
4225.01,2500.0,1.69,12,5,0,28,0,0,0,0
2067.41,2000.0,1.03,12,15,0,35,0,0,0,0
2738.33,2500.0,1.1,20,21,0,29,0,0,0,0
2061.15,1500.0,1.37,16,15,0,36,0,0,0,0
12516.46,8000.0,1.56,8,11,0,31,0,0,0,0
9150.53,8000.0,1.14,18,1,0,11,0,0,0,0
51604.18,12000.0,4.3,8,23,5,12,1,0,1,0
9643.51,8000.0,1.21,17,14,0,28,0,0,0,0
17126.88,12000.0,1.43,20,6,0,5,0,0,0,0
1814.4,2000.0,0.91,8,27,0,20,0,0,0,0
2637.83,3000.0,0.88,9,15,0,49,0,0,1,0
4078.29,6000.0,0.68,7,26,0,30,0,0,0,0
8361.14,6000.0,1.39,9,20,0,37,0,0,2,0
6782.04,6000.0,1.13,21,24,0,24,0,0,0,0
5533.69,6000.0,0.92,13,19,0,42,0,0,0,0
9114.57,4500.0,2.03,12,6,0,19,0,0,0,0
3220.37,2500.0,1.29,19,9,0,47,0,0,0,0
12138.44,12000.0,1.01,9,16,0,18,0,0,0,0
4218.6,6000.0,0.7,15,13,0,22,0,0,0,0
26098.38,4000.0,6.52,1,20,7,35,1,1,1,1
5691.79,12000.0,0.47,11,10,0,37,0,0,0,0
9198.5,8000.0,1.15,6,25,1,46,0,0,0,0
7665.66,6000.0,1.28,9,14,0,24,0,0,0,0
6208.79,6000.0,1.03,17,3,0,14,0,0,0,0
2995.18,2000.0,1.5,11,22,0,11,0,0,0,0
49241.24,2500.0,19.7,19,19,5,32,1,0,2,1
10276.28,8000.0,1.28,17,3,0,40,0,0,0,0
3322.58,8000.0,0.42,19,25,0,28,0,0,0,0
3464.14,3000.0,1.15,11,2,0,9,0,0,1,0
14682.79,2500.0,5.87,18,16,5,15,1,1,1,0
1804.9,2500.0,0.72,12,1,0,44,0,0,1,0
2560.4,3000.0,0.85,0,18,0,13,0,0,0,0
1239.11,2000.0,0.62,14,1,0,12,0,0,0,0
24076.04,4500.0,5.35,8,27,4,25,1,0,1,0
3996.0,6000.0,0.67,19,17,0,33,0,0,0,0
4317.18,4500.0,0.96,14,11,0,44,0,0,0,0
4073.99,3000.0,1.36,11,1,0,27,0,0,0,0
11792.72,8000.0,1.47,0,11,1,20,0,0,0,0
11253.95,8000.0,1.41,7,23,0,16,0,0,0,0
13131.69,2500.0,5.25,4,3,5,22,0,0,2,1
2710.91,2500.0,1.08,10,13,0,41,0,0,0,0
7211.49,8000.0,0.9,10,18,0,5,0,0,0,0
3161.04,3000.0,1.05,0,10,0,21,0,0,0,0
5428.69,4500.0,1.21,13,20,0,9,0,0,1,0
3999.55,4500.0,0.89,11,4,0,19,0,0,1,0
10164.18,12000.0,0.85,14,17,0,41,0,0,0,0
12592.8,2000.0,6.3,6,8,11,37,1,0,1,1
2740.54,2500.0,1.1,7,6,0,37,0,0,0,0
2436.14,2500.0,0.97,12,23,0,50,0,0,0,0
1928.48,3000.0,0.64,13,23,1,44,0,0,0,0
3235.0,4500.0,0.72,19,25,0,26,0,0,0,0
1402.05,1500.0,0.93,8,21,0,29,0,0,0,0
1684.2,2500.0,0.67,23,7,1,39,0,0,0,0
34341.9,6000.0,5.72,12,1,3,23,0,1,1,0
17436.57,12000.0,1.45,11,6,0,9,0,0,0,0
4493.59,4500.0,1.0,1,25,0,20,0,0,0,0
1757.86,1500.0,1.17,18,7,0,46,0,0,0,0
3374.17,2500.0,1.35,14,15,0,16,0,0,0,0
2454.22,2500.0,0.98,20,14,0,45,0,0,1,0
2466.6,2500.0,0.99,9,4,0,45,0,0,0,0
5295.58,4500.0,1.18,8,9,0,5,0,0,0,0
1920.81,1500.0,1.28,14,26,0,45,0,0,0,0
1595.31,2000.0,0.8,10,24,0,49,0,0,0,0
6571.51,6000.0,1.1,12,8,0,18,0,0,0,0
22008.92,6000.0,3.67,12,20,5,18,1,0,1,0
1143.58,1500.0,0.76,14,9,0,39,0,0,0,0
2480.72,4500.0,0.55,9,15,0,44,0,0,0,0
1243.22,1500.0,0.83,17,1,0,50,0,0,0,0
1975.21,2000.0,0.99,11,16,0,41,0,0,0,0
24207.74,4500.0,5.38,16,22,3,42,1,1,1,0
563.65,1500.0,0.38,15,1,0,50,0,0,0,0
15978.44,12000.0,1.33,18,17,0,22,0,0,0,0
8081.78,2000.0,4.04,9,19,3,12,0,1,1,0
5322.44,3000.0,1.77,17,5,0,32,0,0,0,0
2925.07,3000.0,0.98,10,24,0,23,0,0,0,0
4763.54,3000.0,1.59,14,5,0,39,0,0,0,0
4056.32,4500.0,0.9,11,28,0,8,0,0,0,0
2556.17,3000.0,0.85,8,6,1,13,0,0,0,0
7352.88,4500.0,1.63,9,9,0,9,0,0,0,0
1676.41,3000.0,0.56,8,20,0,21,1,0,0,0
10916.81,12000.0,0.91,14,13,0,41,0,0,0,0
10587.63,4500.0,2.35,13,6,0,28,0,0,0,0
2504.22,2000.0,1.25,18,24,1,18,0,0,1,0
9001.07,2000.0,4.5,13,20,5,8,1,0,0,0
13609.76,6000.0,2.27,16,2,0,40,0,0,0,0
5664.29,6000.0,0.94,22,11,0,48,0,0,0,0
9707.45,2500.0,3.88,8,27,4,38,1,1,2,0
3891.27,2500.0,1.56,17,8,0,16,0,0,0,0
1752.65,1500.0,1.17,15,22,1,45,0,0,0,0
2389.84,3000.0,0.8,19,1,0,8,0,0,0,0
10382.95,12000.0,0.87,23,17,0,8,0,0,1,0
4556.74,8000.0,0.57,19,23,0,19,0,0,0,0
1802.34,1500.0,1.2,17,19,2,18,0,0,0,0
1107.61,1500.0,0.74,14,17,0,28,0,0,0,0
2246.71,2000.0,1.12,14,14,0,29,0,0,0,0
4351.9,6000.0,0.73,19,28,0,36,0,0,0,0
7816.35,4500.0,1.74,21,14,0,19,0,0,1,0
1621.93,2000.0,0.81,21,1,0,9,0,0,0,0
4594.9,6000.0,0.77,12,18,0,34,0,0,0,0
4656.08,6000.0,0.78,12,15,0,48,0,0,0,0
6131.83,6000.0,1.02,11,28,0,44,0,0,2,0
3283.16,3000.0,1.09,12,11,0,44,0,0,0,0
1380.01,2000.0,0.69,15,14,0,11,0,0,0,0
9045.04,6000.0,1.51,14,28,0,48,0,0,0,0
1300.85,1500.0,0.87,17,21,0,31,0,0,0,0
3466.44,2000.0,1.73,14,16,2,12,0,1,1,0
5341.91,6000.0,0.89,11,9,0,31,0,0,2,0
9130.01,8000.0,1.14,8,5,0,10,0,0,0,0
14461.18,12000.0,1.21,9,26,0,24,0,0,0,0
1660.93,3000.0,0.55,8,26,1,11,0,0,0,0
5828.37,6000.0,0.97,13,6,0,16,0,0,0,0
4360.01,3000.0,1.45,11,19,0,6,0,0,0,0
1383.57,2000.0,0.69,8,22,0,41,0,0,0,0
13765.06,12000.0,1.15,10,15,0,8,0,0,0,0
6407.01,6000.0,1.07,19,5,0,42,0,0,1,0
2435.34,2500.0,0.97,3,26,0,43,0,0,0,0
6155.42,1500.0,4.1,6,12,5,6,1,0,2,0
3333.44,3000.0,1.11,12,12,0,20,0,0,0,0
3719.11,3000.0,1.24,12,26,0,26,0,0,0,0
866.31,1500.0,0.58,11,16,1,21,0,0,0,0
9980.88,8000.0,1.25,12,28,0,20,0,0,0,0
1035.01,1500.0,0.69,9,4,0,37,0,0,0,0
1288.16,2000.0,0.64,10,8,0,40,0,0,0,0
2025.97,2500.0,0.81,19,17,0,36,0,0,0,0
6251.47,4500.0,1.39,12,20,0,26,0,0,0,0
3568.52,2500.0,1.43,19,25,2,14,0,0,0,0
11991.3,3000.0,4.0,13,21,4,37,0,0,0,0
40570.94,2000.0,20.29,0,22,5,28,1,1,2,1
10274.06,12000.0,0.86,20,11,1,18,0,0,0,0
3848.85,6000.0,0.64,11,17,0,43,0,0,0,0
3798.56,6000.0,0.63,14,6,0,45,0,0,0,0
15384.22,3000.0,5.13,13,5,4,12,1,1,0,0
12337.47,12000.0,1.03,8,16,0,17,0,0,0,0
51321.19,12000.0,4.28,9,4,3,10,0,1,0,0
6242.55,4500.0,1.39,9,17,0,29,0,0,1,0
876.67,2000.0,0.44,13,4,0,30,0,0,0,0
2639.98,2500.0,1.06,12,16,0,9,0,0,0,0
26141.71,12000.0,2.18,15,6,2,30,0,0,0,0
1716.97,2000.0,0.86,8,1,1,20,0,0,1,0
6991.81,6000.0,1.17,12,28,0,10,0,0,0,0
2295.84,2500.0,0.92,13,10,0,9,0,0,0,0
8705.19,8000.0,1.09,16,27,0,10,0,0,1,0
1147.78,3000.0,0.38,16,13,0,46,0,0,0,0
10484.34,2500.0,4.19,16,17,3,27,1,1,2,1
4012.43,4500.0,0.89,14,26,0,10,0,0,0,0
2357.34,1500.0,1.57,8,12,0,37,0,0,1,0
3913.24,6000.0,0.65,19,23,0,33,0,0,0,0
4177.19,2500.0,1.67,12,24,0,23,0,0,0,0
7978.66,8000.0,1.0,12,21,0,49,0,0,0,0
2744.76,3000.0,0.91,19,12,0,50,0,0,0,0
2444.77,2000.0,1.22,0,17,0,9,0,0,1,0
1253.15,2500.0,0.5,14,5,0,46,0,0,0,0
3707.58,8000.0,0.46,19,8,2,9,0,0,0,0
939.56,2000.0,0.47,14,26,0,35,0,0,1,0
13877.12,8000.0,1.73,10,3,0,50,0,0,0,0
2860.28,2000.0,1.43,10,9,0,32,0,0,0,0
10534.44,2500.0,4.21,19,6,5,46,1,1,1,0
1484.69,2500.0,0.59,12,12,0,11,0,0,0,0
6852.04,4500.0,1.52,14,16,0,13,0,0,0,0
2276.62,1500.0,1.52,13,9,0,19,0,0,0,0
2301.27,3000.0,0.77,9,28,0,17,0,0,0,0
1139.14,2500.0,0.46,11,2,2,43,0,0,0,0
14937.7,3000.0,4.98,9,4,4,14,1,1,1,0
5225.0,2500.0,2.09,15,14,0,41,0,0,0,0
1669.93,1500.0,1.11,22,15,0,7,0,0,0,0
7937.99,4500.0,1.76,15,12,0,42,0,0,0,0
1575.9,3000.0,0.53,17,19,0,13,0,0,0,0
5697.35,6000.0,0.95,12,22,0,17,0,0,0,0
2252.56,4500.0,0.5,11,23,0,10,0,0,0,0
11914.12,12000.0,0.99,7,9,0,44,0,0,0,0
1948.45,3000.0,0.65,14,28,0,14,0,0,0,0
2462.12,2500.0,0.98,15,24,2,35,1,0,0,0
12809.27,2500.0,5.12,8,3,4,44,1,0,2,0
758.8,2000.0,0.38,14,15,0,30,1,0,1,0
7563.61,4500.0,1.68,4,10,0,30,0,0,0,0
3110.14,3000.0,1.04,11,13,0,19,0,0,0,0
8538.16,8000.0,1.07,11,26,0,11,0,0,0,0
8919.45,2000.0,4.46,18,8,4,7,1,0,2,0
2483.37,2500.0,0.99,17,7,0,7,0,0,0,0
10110.68,12000.0,0.84,9,6,0,17,0,0,0,0
6977.48,8000.0,0.87,9,26,0,50,0,0,0,0
899.42,2000.0,0.45,9,15,1,18,0,0,0,0
10524.08,12000.0,0.88,10,15,2,32,0,0,1,0
6164.86,6000.0,1.03,3,27,0,28,0,0,1,0
1852.84,1500.0,1.24,12,17,0,12,0,0,0,0
8020.48,1500.0,5.35,19,18,3,8,1,1,0,0
17868.31,12000.0,1.49,19,5,0,35,0,0,0,0
61562.54,2000.0,30.78,2,10,7,36,1,1,2,1
4010.6,3000.0,1.34,22,17,0,7,0,0,0,0
7771.86,8000.0,0.97,12,14,0,35,0,0,1,0
2828.71,2000.0,1.41,18,14,0,18,0,0,0,0
26700.44,6000.0,4.45,21,13,4,11,0,1,0,0
2963.41,2500.0,1.19,9,23,0,48,0,0,0,0
2222.03,3000.0,0.74,14,13,0,19,0,0,0,0
5491.43,3000.0,1.83,13,12,0,20,1,0,1,0
3340.78,4500.0,0.74,7,15,0,13,0,0,0,0
17638.8,3000.0,5.88,16,23,3,41,1,1,1,0
8553.46,12000.0,0.71,14,3,0,17,0,0,0,0
3384.28,4500.0,0.75,14,24,1,15,0,0,0,0
12015.98,12000.0,1.0,7,23,0,22,0,0,0,0
4637.23,3000.0,1.55,15,22,0,19,0,0,1,0
8455.27,2000.0,4.23,16,20,4,13,0,0,1,0
2578.7,2500.0,1.03,6,12,0,41,0,0,0,0
6490.7,4500.0,1.44,13,13,1,43,0,0,0,0
5346.17,4500.0,1.19,19,28,0,25,0,0,0,0
8291.41,8000.0,1.04,8,2,1,23,0,0,0,0
32002.49,8000.0,4.0,8,7,3,19,0,0,1,0
7485.42,4500.0,1.66,21,23,0,33,0,0,0,0
4722.93,6000.0,0.79,8,22,0,50,0,0,0,0
26743.99,4500.0,5.94,16,13,5,23,1,0,1,0
3904.88,4500.0,0.87,12,23,0,23,0,0,2,0
9858.32,8000.0,1.23,12,23,0,30,0,0,0,0
1668.77,2500.0,0.67,18,10,0,25,0,0,0,0
2344.76,4500.0,0.52,11,10,0,21,0,0,0,0
1365.31,2000.0,0.68,20,19,1,40,0,0,0,0
5049.93,3000.0,1.68,18,14,1,11,1,0,0,0
21811.71,4500.0,4.85,12,12,5,7,1,0,2,0
18624.5,12000.0,1.55,9,21,0,50,0,0,0,0
9347.89,12000.0,0.78,16,11,0,32,0,0,0,0
2255.5,1500.0,1.5,15,9,0,47,0,0,1,0
11894.44,2000.0,5.95,7,15,5,30,1,0,1,0
1294.37,2500.0,0.52,13,22,0,9,0,0,0,0
8931.82,2000.0,4.47,8,18,5,14,1,1,2,1
6050.08,6000.0,1.01,21,12,0,8,0,0,0,0
10354.21,8000.0,1.29,11,5,0,34,0,0,0,0
1971.5,2500.0,0.79,8,1,0,24,0,0,1,0
1561.22,2000.0,0.78,14,10,1,22,0,0,0,0
5736.7,6000.0,0.96,13,22,0,46,0,0,1,0
2820.49,2500.0,1.13,22,24,0,20,0,0,0,0
1394.55,2000.0,0.7,18,23,0,16,1,0,0,0
3074.96,6000.0,0.51,18,27,1,21,0,0,0,0
8411.83,6000.0,1.4,9,23,0,15,0,0,0,0
2779.1,6000.0,0.46,12,16,0,13,0,0,0,0
3845.41,2500.0,1.54,9,15,1,46,0,0,0,0
6661.47,6000.0,1.11,13,10,0,31,0,0,0,0
6910.93,1500.0,4.61,3,7,5,29,0,0,2,0
3087.93,6000.0,0.51,9,9,0,15,0,0,0,0
7457.32,2000.0,3.73,15,21,5,43,1,0,1,0
1180.11,2000.0,0.59,21,27,0,40,0,0,0,0
6009.32,3000.0,2.0,13,26,0,50,0,0,1,0
3033.76,4500.0,0.67,16,23,0,25,0,0,0,0
18448.48,4500.0,4.1,23,3,5,15,1,0,1,0
2935.07,2500.0,1.17,16,15,2,35,0,0,0,0
6349.75,8000.0,0.79,9,14,0,19,0,0,0,0
1474.75,1500.0,0.98,18,7,0,18,0,0,0,0
8479.2,1500.0,5.65,17,1,3,22,1,0,1,1
1184.22,2500.0,0.47,9,11,0,14,0,0,0,0
1630.16,2000.0,0.82,19,9,0,27,0,0,0,0
8407.79,12000.0,0.7,22,25,0,28,0,0,0,0
2591.43,2000.0,1.3,19,25,1,46,0,0,0,0
37227.9,8000.0,4.65,15,15,5,10,1,0,1,0
1396.46,1500.0,0.93,21,10,0,5,0,0,0,0
2205.64,2500.0,0.88,11,8,0,10,0,0,0,0
12669.58,8000.0,1.58,12,16,0,27,0,0,1,0
1308.24,1500.0,0.87,22,17,0,33,0,0,0,0
4646.92,4500.0,1.03,13,4,1,7,0,0,2,0
11923.87,8000.0,1.49,12,5,0,29,0,0,0,0
4881.06,4500.0,1.08,19,20,0,27,0,0,0,0
69206.37,12000.0,5.77,12,10,4,26,1,0,2,0
25129.78,12000.0,2.09,15,11,0,28,0,0,0,0
13565.54,8000.0,1.7,7,23,0,9,0,0,0,0
13937.73,2500.0,5.58,15,9,4,5,0,0,2,0
1358.37,2000.0,0.68,10,6,0,5,0,0,0,0
7501.34,4500.0,1.67,15,12,0,15,0,0,1,0
1954.39,2000.0,0.98,18,14,0,23,0,0,2,0
5871.4,12000.0,0.49,15,8,0,11,0,0,1,0
12972.3,12000.0,1.08,11,8,0,22,0,0,2,0
14449.78,8000.0,1.81,17,27,0,31,0,0,0,0
8326.99,4500.0,1.85,13,5,0,17,0,0,0,0
23013.44,12000.0,1.92,5,4,0,18,0,0,0,0
42953.18,8000.0,5.37,19,1,3,43,1,0,1,0
1965.61,3000.0,0.66,10,4,1,13,0,0,0,0
8380.53,2000.0,4.19,18,7,4,30,1,0,1,0
3595.51,2000.0,1.8,21,6,0,15,0,0,0,0
3454.28,3000.0,1.15,19,12,0,40,0,0,0,0
8055.16,12000.0,0.67,21,28,0,37,0,0,0,0
1504.87,2000.0,0.75,13,12,0,9,0,0,1,0
1142.85,2000.0,0.57,10,18,0,44,0,0,0,0
4537.8,4500.0,1.01,19,8,0,47,0,0,1,0
2632.4,2000.0,1.32,0,4,0,49,0,0,0,0
12284.13,8000.0,1.54,8,5,0,19,0,0,0,0
1027.39,2000.0,0.51,15,6,1,25,0,0,0,0
1359.14,2000.0,0.68,8,27,1,40,0,0,0,0
2533.87,1500.0,1.69,11,24,0,25,0,0,0,0
13972.05,12000.0,1.16,18,27,1,50,0,0,0,0
5299.32,6000.0,0.88,6,1,0,27,0,0,0,0
10204.65,4500.0,2.27,12,12,0,30,0,0,0,0
1769.97,2000.0,0.88,9,19,0,46,0,0,1,0
1086.25,2000.0,0.54,9,18,0,22,0,0,0,0
1264.54,1500.0,0.84,11,28,0,29,0,0,0,0
2753.65,2500.0,1.1,18,19,0,24,0,0,0,0
704.81,1500.0,0.47,8,6,0,28,0,0,1,0
1105.92,1500.0,0.74,16,3,1,49,0,0,0,0
3722.86,8000.0,0.47,17,16,0,32,0,0,0,0
1128.56,1500.0,0.75,14,18,1,40,0,0,0,0
5491.18,3000.0,1.83,10,5,0,48,0,0,0,0
2000.48,2000.0,1.0,8,14,0,12,0,0,1,0
6414.47,8000.0,0.8,12,28,0,13,0,0,0,0
6498.23,1500.0,4.33,10,16,3,27,0,0,1,0
2874.36,2500.0,1.15,14,5,0,49,0,0,0,0
8744.3,12000.0,0.73,11,1,0,46,0,0,1,0
2159.81,3000.0,0.72,9,2,0,22,0,0,0,0
4104.21,4500.0,0.91,17,18,0,37,0,0,0,0
4828.8,2500.0,1.93,9,4,0,10,0,0,0,0
4154.19,6000.0,0.69,19,6,0,16,0,0,1,0
1341.41,1500.0,0.89,19,26,0,43,0,0,0,0
23097.19,4500.0,5.13,7,3,3,11,1,0,2,0
11625.2,12000.0,0.97,10,6,0,32,0,0,0,0
4608.23,2500.0,1.84,15,15,0,19,0,0,0,0
10784.75,8000.0,1.35,21,20,0,23,0,0,1,0
14211.88,12000.0,1.18,5,23,0,49,0,0,0,0
2192.67,2000.0,1.1,16,18,0,8,0,1,0,0
1410.41,3000.0,0.47,7,3,0,23,0,0,0,0
1594.64,1500.0,1.06,9,12,0,23,0,0,0,0
7590.76,6000.0,1.27,12,12,0,42,0,0,1,0
2190.33,2000.0,1.1,18,26,0,19,0,0,0,0
2939.52,2500.0,1.18,17,26,0,23,0,0,0,0
4906.81,6000.0,0.82,16,28,0,15,0,0,0,0
9190.96,8000.0,1.15,20,26,0,31,0,0,0,0
4440.49,8000.0,0.56,15,28,0,48,0,0,0,0
4335.93,4500.0,0.96,8,28,0,21,0,0,0,0
1544.88,2000.0,0.77,19,9,0,9,0,0,0,0
947.48,1500.0,0.63,7,18,0,11,0,0,0,0
2730.24,2500.0,1.09,0,25,0,36,0,0,0,0
9910.53,12000.0,0.83,2,3,0,50,0,0,0,0
4515.41,6000.0,0.75,0,22,0,48,0,0,0,0
847.58,1500.0,0.57,15,5,0,36,0,0,0,0
41686.23,8000.0,5.21,7,21,4,24,0,0,1,0
7829.97,4500.0,1.74,18,24,1,19,0,0,0,0
6891.43,1500.0,4.59,9,16,5,48,1,0,1,0
3931.63,3000.0,1.31,16,1,0,15,0,0,1,0
9260.17,12000.0,0.77,19,18,0,49,0,0,0,0
3523.44,2000.0,1.76,19,11,0,13,0,0,0,0
1549.93,2000.0,0.77,9,25,0,22,0,0,0,0
10284.77,2000.0,5.14,11,5,4,25,1,1,1,0
2855.95,3000.0,0.95,14,9,0,19,0,0,0,0
4092.3,3000.0,1.36,11,11,0,47,0,0,0,0
8113.06,6000.0,1.35,3,26,0,45,0,0,0,0
2043.82,2000.0,1.02,20,9,0,12,0,0,0,0
820.98,1500.0,0.55,15,4,0,37,0,0,1,0
12137.38,12000.0,1.01,13,3,1,35,0,0,0,0
954.66,1500.0,0.64,17,6,0,40,0,0,2,0
3512.19,2500.0,1.4,22,2,1,29,0,0,0,0
67124.16,2500.0,26.85,2,14,5,7,1,1,2,1
4786.83,2500.0,1.91,9,2,1,49,0,0,0,0
18574.17,12000.0,1.55,19,8,0,23,0,0,0,0
2057.48,2500.0,0.82,17,28,0,7,0,0,0,0
17227.09,12000.0,1.44,12,1,0,38,0,0,0,0
4807.67,4500.0,1.07,9,10,0,29,0,0,0,0
2322.3,3000.0,0.77,14,25,0,35,0,0,1,0
1759.16,2500.0,0.7,17,14,0,10,0,0,0,0
1182.21,2000.0,0.59,18,17,0,13,0,0,0,0
9653.12,2500.0,3.86,11,9,3,25,1,0,1,0
3250.75,6000.0,0.54,11,13,0,8,0,0,0,0
4264.32,3000.0,1.42,19,19,0,37,0,0,0,0
3438.34,4500.0,0.76,18,14,1,43,0,0,0,0
10628.01,12000.0,0.89,10,9,1,20,0,0,0,0
5643.89,1500.0,3.76,13,11,4,5,0,0,1,0
5343.23,6000.0,0.89,16,19,1,33,0,0,1,0
46979.68,8000.0,5.87,12,1,5,11,1,0,1,0
1993.12,2000.0,1.0,14,15,1,7,0,0,0,0
41869.37,8000.0,5.23,5,12,5,9,1,0,1,0
3602.93,12000.0,0.3,13,12,2,36,0,0,0,0
1620.38,2500.0,0.65,10,26,1,23,0,0,0,0
2717.73,1500.0,1.81,11,27,0,29,0,0,0,0
5850.11,6000.0,0.98,9,20,0,24,0,0,0,0
2403.67,2500.0,0.96,17,7,0,30,0,0,0,0
6870.96,6000.0,1.15,19,22,1,9,0,0,0,0
11550.78,12000.0,0.96,20,11,0,39,0,0,0,0
5999.43,2500.0,2.4,13,11,0,35,0,0,0,0
4099.17,4500.0,0.91,9,28,0,18,0,0,0,0
974.34,2500.0,0.39,21,21,0,40,0,0,0,0
2616.26,2000.0,1.31,7,4,0,47,0,0,0,0
2401.89,2000.0,1.2,17,28,0,15,0,0,1,0
6335.3,6000.0,1.06,15,3,0,18,0,0,0,0
5305.0,8000.0,0.66,18,26,0,32,0,0,1,0
48165.35,4000.0,12.04,2,20,4,9,1,1,2,1
3579.93,3000.0,1.19,10,4,0,19,0,0,0,0
6568.81,6000.0,1.09,9,28,0,13,0,0,0,0
2385.37,3000.0,0.8,18,6,0,18,0,0,0,0
3861.34,4500.0,0.86,18,1,0,48,0,0,0,0
9126.26,8000.0,1.14,5,13,0,41,0,0,1,0
3020.26,1500.0,2.01,8,25,0,18,0,0,0,0
3615.34,4500.0,0.8,11,17,0,44,1,0,0,0
1761.48,1500.0,1.17,10,10,1,24,0,0,0,0
14519.64,12000.0,1.21,14,15,0,11,0,0,0,0
4185.14,4500.0,0.93,15,18,0,43,0,0,0,0
15064.47,12000.0,1.26,16,19,0,22,0,0,0,0
1349.95,1500.0,0.9,12,25,1,25,0,0,0,0
11648.77,8000.0,1.46,19,17,2,36,0,0,0,0
6316.94,6000.0,1.05,1,22,0,26,0,0,0,0
29226.43,6000.0,4.87,15,23,3,33,1,0,1,0
2188.29,3000.0,0.73,14,2,0,33,0,0,0,0
8942.93,12000.0,0.75,15,2,0,15,0,0,0,0
10027.62,12000.0,0.84,17,15,0,22,0,0,0,0
7989.85,4500.0,1.78,16,18,0,9,0,0,0,0
3292.36,2500.0,1.32,17,11,1,25,0,0,0,0
1676.0,2500.0,0.67,21,10,0,12,0,0,0,0
1589.08,3000.0,0.53,20,22,0,46,0,0,1,0
7596.71,8000.0,0.95,17,26,0,9,0,0,0,0
3834.72,2500.0,1.53,10,4,0,13,0,0,0,0
7383.74,4500.0,1.64,9,24,1,43,0,0,0,0
11587.03,2000.0,5.79,9,19,5,46,1,1,0,0
2172.09,2500.0,0.87,19,8,0,7,0,0,0,0
2633.44,2500.0,1.05,17,2,1,36,0,0,0,0
2239.08,1500.0,1.49,18,19,0,44,0,0,0,0
2855.54,2500.0,1.14,9,7,2,20,0,0,0,0
2289.25,2500.0,0.92,16,7,0,36,0,0,0,0
10921.79,12000.0,0.91,11,15,0,34,0,0,1,0
10146.0,2000.0,5.07,17,21,4,32,1,1,1,0
3328.38,3000.0,1.11,14,20,0,41,0,0,0,0
5759.96,6000.0,0.96,12,25,0,31,0,0,1,0
6228.07,3000.0,2.08,8,7,0,28,0,0,1,0
16237.92,3000.0,5.41,12,22,3,36,1,1,1,0
34852.7,2000.0,17.43,1,19,7,22,1,1,2,1
1485.88,3000.0,0.5,18,13,0,25,0,0,0,0
15027.93,8000.0,1.88,17,25,0,45,0,0,0,0
3762.1,4500.0,0.84,10,17,0,33,0,0,0,0
7493.65,2000.0,3.75,15,27,5,24,1,0,1,0
1239.46,2000.0,0.62,12,22,0,27,0,0,0,0
1359.72,2500.0,0.54,18,26,0,23,0,0,1,0
8775.81,12000.0,0.73,17,21,0,28,0,0,0,0
7033.83,4500.0,1.56,0,18,0,31,0,0,0,0
19743.89,12000.0,1.65,8,7,0,23,0,0,0,0
65839.07,2000.0,32.92,22,19,5,20,1,0,2,1
11505.58,6000.0,1.92,21,19,0,28,0,0,0,0
3704.13,2500.0,1.48,5,21,0,9,0,0,0,0
10999.2,3000.0,3.67,20,2,4,38,1,1,1,0
2186.35,2000.0,1.09,19,9,0,5,0,0,0,0
2249.99,6000.0,0.37,16,7,0,18,0,0,0,0
6853.84,4500.0,1.52,17,9,0,13,0,0,0,0
26099.34,12000.0,2.17,19,10,0,33,0,0,0,0
6279.61,6000.0,1.05,12,3,0,45,0,0,0,0
2572.95,2000.0,1.29,17,12,1,19,0,0,0,0
2464.2,3000.0,0.82,10,21,0,19,1,0,0,0
5574.05,6000.0,0.93,18,12,0,21,0,0,1,0
1962.66,2000.0,0.98,8,25,0,31,0,0,0,0
2340.08,2000.0,1.17,9,3,0,49,0,0,0,0
1381.45,2500.0,0.55,12,10,0,23,0,0,0,0
2626.37,1500.0,1.75,5,13,0,31,0,0,0,0
11715.9,8000.0,1.46,19,6,0,42,0,0,0,0
12453.85,12000.0,1.04,18,11,0,49,1,0,1,0
1854.1,2500.0,0.74,19,22,0,24,0,0,0,0
3252.06,4500.0,0.72,17,28,0,49,0,0,0,0
4433.2,3000.0,1.48,18,1,1,48,0,0,0,0
4377.63,8000.0,0.55,8,17,0,44,1,0,0,0
3253.57,2500.0,1.3,17,12,0,37,0,0,1,0
28524.94,8000.0,3.57,15,27,4,38,0,0,2,0
4555.68,6000.0,0.76,19,1,2,9,0,0,0,0
1833.57,1500.0,1.22,19,10,0,42,0,0,1,0
4505.7,6000.0,0.75,22,4,0,15,0,0,2,0
5189.48,8000.0,0.65,11,19,0,14,0,0,0,0
6922.27,4500.0,1.54,18,20,1,50,0,0,0,0
2672.38,2000.0,1.34,6,8,0,8,0,0,0,0
15781.78,8000.0,1.97,9,5,1,10,0,0,0,0
2006.5,2000.0,1.0,10,16,1,45,0,0,0,0
1611.02,2500.0,0.64,12,12,0,13,0,0,0,0
5565.12,6000.0,0.93,13,25,0,49,0,0,0,0
7407.41,8000.0,0.93,16,2,1,25,0,0,1,0
2621.83,3000.0,0.87,17,16,0,11,0,0,0,0
3831.34,2500.0,1.53,19,27,0,47,0,0,0,0
12265.82,6000.0,2.04,8,6,0,8,0,1,1,0
10662.66,12000.0,0.89,10,5,1,47,0,0,0,0
2368.54,2000.0,1.18,17,6,0,19,0,0,0,0
926.68,1500.0,0.62,17,5,0,22,0,0,0,0
32686.22,6000.0,5.45,7,21,5,37,1,1,1,0
22374.65,4500.0,4.97,19,10,4,46,1,1,0,0
2791.63,2000.0,1.4,18,2,0,44,0,0,0,0
2627.04,1500.0,1.75,20,15,0,19,0,0,0,0
1535.57,2000.0,0.77,11,9,0,16,0,0,0,0
2279.24,2500.0,0.91,11,26,0,43,0,0,1,0
19857.19,12000.0,1.65,0,5,0,26,0,0,0,0
6747.26,8000.0,0.84,18,3,0,9,0,0,0,0
17304.66,12000.0,1.44,13,19,0,23,0,0,0,0
1245.72,2000.0,0.62,13,2,0,28,0,0,0,0
5531.4,6000.0,0.92,10,10,0,46,0,0,0,0
4432.5,6000.0,0.74,10,20,0,27,0,0,0,0
2448.76,1500.0,1.63,9,19,0,24,0,0,0,0
10738.21,12000.0,0.89,18,26,0,20,0,0,0,0
16903.25,12000.0,1.41,12,5,0,37,0,0,0,0
7752.83,12000.0,0.65,8,3,0,47,0,0,0,0
793.46,1500.0,0.53,13,20,0,32,0,0,0,0
26316.18,6000.0,4.39,3,9,5,41,0,0,1,0
2960.13,3000.0,0.99,19,27,0,43,0,0,0,0
4248.49,4500.0,0.94,14,20,1,6,0,0,0,0
2763.98,2500.0,1.11,20,6,0,30,0,0,0,0
2002.63,3000.0,0.67,18,20,0,18,0,0,0,0
1446.92,2000.0,0.72,5,26,0,9,0,0,0,0
4281.76,2500.0,1.71,14,11,0,36,0,0,0,0
1886.45,3000.0,0.63,15,1,0,23,0,0,0,0
5453.4,6000.0,0.91,8,24,0,14,0,0,0,0
7999.16,12000.0,0.67,15,25,0,25,0,0,0,0
3243.36,3000.0,1.08,20,1,0,20,0,0,1,0
2163.18,3000.0,0.72,10,14,1,41,0,0,0,0
3538.76,3000.0,1.18,11,26,0,40,0,0,0,0
3929.66,4500.0,0.87,16,27,0,33,0,0,0,0
2508.24,3000.0,0.84,11,14,0,41,0,0,0,0
4040.46,8000.0,0.51,12,1,0,31,0,0,2,0
10617.98,8000.0,1.33,18,26,0,42,0,0,0,0
53173.09,12000.0,4.43,2,12,4,45,1,0,0,0
4299.45,4500.0,0.96,11,8,0,42,0,0,0,0
6231.99,4500.0,1.38,8,7,1,7,0,0,0,0
8874.96,1500.0,5.92,20,15,4,8,1,1,1,0
1149.4,1500.0,0.77,20,23,0,17,0,0,0,0
1761.69,2000.0,0.88,0,24,0,50,0,0,0,0
1278.35,1500.0,0.85,17,7,0,45,0,0,1,0
6551.1,1500.0,4.37,12,9,5,39,1,0,1,0
17119.34,12000.0,1.43,9,25,0,40,0,0,1,0
9356.12,6000.0,1.56,18,20,0,7,0,0,2,0
11255.48,12000.0,0.94,7,24,0,9,0,0,0,0
2304.13,3000.0,0.77,17,5,0,27,0,0,0,0
5728.02,4500.0,1.27,12,2,0,26,0,0,0,0
6080.46,6000.0,1.01,12,10,0,20,0,0,0,0
10361.51,12000.0,0.86,21,8,0,18,0,0,0,0
1245.71,1500.0,0.83,15,2,0,18,0,0,0,0
918.78,1500.0,0.61,20,21,0,44,0,0,0,0
1272.7,1500.0,0.85,14,25,0,37,0,0,0,0
3332.16,2000.0,1.67,18,6,0,7,0,0,0,0
57677.63,12000.0,4.81,11,4,3,12,0,0,1,0
6607.46,4500.0,1.47,17,20,0,10,0,0,0,0
5110.61,6000.0,0.85,15,18,0,10,0,0,0,0
9047.17,6000.0,1.51,20,12,0,15,0,0,0,0
2078.64,1500.0,1.39,19,8,0,29,0,0,0,0
3971.17,3000.0,1.32,9,17,0,20,0,0,1,0
6724.94,6000.0,1.12,7,6,0,25,0,0,0,0
3722.15,3000.0,1.24,9,3,0,42,0,0,0,0
13533.03,2500.0,5.41,20,6,5,49,1,0,2,1
3034.12,3000.0,1.01,14,15,0,34,0,0,1,0
4751.96,8000.0,0.59,18,2,0,27,0,0,0,0
3908.91,3000.0,1.3,18,19,0,9,0,0,0,0
1934.44,2500.0,0.77,19,4,0,12,0,0,1,0
760.23,1500.0,0.51,13,2,0,19,0,0,0,0
5272.91,8000.0,0.66,14,25,0,20,0,0,0,0
2600.68,3000.0,0.87,18,25,0,36,1,0,0,0
3891.32,4500.0,0.86,15,17,1,33,0,0,0,0
16503.86,12000.0,1.38,7,7,0,19,0,0,0,0
6638.4,6000.0,1.11,7,7,1,19,0,0,0,0
2344.95,3000.0,0.78,6,4,1,41,0,1,0,0
2641.04,3000.0,0.88,16,25,1,35,0,0,0,0
1884.59,1500.0,1.26,5,18,0,7,0,0,1,0
4212.04,6000.0,0.7,12,4,0,48,0,0,2,0
3304.05,2500.0,1.32,14,25,0,50,0,0,0,0
8562.9,8000.0,1.07,7,7,0,16,0,0,0,0
2211.06,3000.0,0.74,16,8,0,27,0,0,1,0
2821.37,8000.0,0.35,17,11,1,26,0,0,0,0
3539.97,4500.0,0.79,18,17,0,7,0,0,0,0
7258.74,4500.0,1.61,15,22,0,20,0,0,0,0
1733.22,2000.0,0.87,15,8,0,8,0,0,0,0
4032.53,2500.0,1.61,12,8,0,16,0,0,0,0
1891.75,1500.0,1.26,17,17,0,33,0,0,0,0
1623.33,1500.0,1.08,17,9,0,39,1,0,0,0
2364.35,2000.0,1.18,16,4,0,26,0,0,0,0
7318.04,8000.0,0.91,5,22,0,24,0,0,0,0
38503.5,8000.0,4.81,18,12,5,45,1,0,1,0
1948.82,2000.0,0.97,11,12,0,15,0,0,0,0
16345.08,3000.0,5.45,11,19,3,50,0,1,1,0
5184.14,2500.0,2.07,15,22,0,28,0,0,2,0
7596.84,8000.0,0.95,0,24,0,28,0,0,0,0
17647.88,4500.0,3.92,12,8,5,33,1,0,1,0
3463.51,3000.0,1.15,11,19,0,5,0,0,0,0
1595.13,1500.0,1.06,11,22,0,32,0,0,0,0
5162.7,4500.0,1.15,17,28,0,43,1,0,1,0
5444.36,6000.0,0.91,12,11,0,11,0,0,0,0
12941.61,6000.0,2.16,20,9,0,15,0,0,1,0
4908.43,4500.0,1.09,17,5,0,8,0,0,0,0
1116.77,1500.0,0.74,15,7,0,28,0,0,0,0
7382.62,3000.0,2.46,14,7,0,24,0,0,0,0
4501.33,6000.0,0.75,11,16,1,12,0,1,0,0
3026.3,2000.0,1.51,14,27,0,22,0,0,0,0
2548.56,2500.0,1.02,10,13,0,28,0,0,0,0
2722.92,6000.0,0.45,22,23,0,31,0,0,0,0
3151.33,3000.0,1.05,12,23,0,16,0,0,0,0
7485.01,12000.0,0.62,10,7,0,32,0,0,0,0
2150.98,2000.0,1.08,14,25,1,20,0,0,1,0
6873.77,1500.0,4.58,15,26,4,39,1,0,1,0
2831.53,4500.0,0.63,15,25,0,13,0,0,0,0
4733.05,3000.0,1.58,18,1,0,18,0,0,0,0
2610.44,2500.0,1.04,8,16,0,42,0,0,1,0
2660.75,3000.0,0.89,8,28,1,38,0,0,0,0
1609.28,1500.0,1.07,8,3,0,19,0,0,0,0
2152.81,2500.0,0.86,14,8,0,14,0,0,0,0
12763.66,6000.0,2.13,7,7,0,24,0,0,0,0
4165.83,4500.0,0.93,14,7,1,31,0,0,0,0
3001.4,1500.0,2.0,14,21,0,19,0,0,0,0
784.61,1500.0,0.52,20,26,0,8,0,0,0,0
2347.09,2000.0,1.17,21,3,0,8,0,0,0,0
8097.36,6000.0,1.35,15,23,0,35,0,0,0,0
4209.65,3000.0,1.4,13,1,0,7,0,0,0,0
9285.39,6000.0,1.55,9,8,0,25,0,0,0,0
10558.12,2500.0,4.22,10,6,3,27,1,0,1,1
5335.6,8000.0,0.67,13,22,0,23,0,0,0,0
34666.8,1500.0,23.11,20,13,3,5,1,1,2,1
2772.46,2500.0,1.11,21,12,0,42,0,0,0,0
4353.13,6000.0,0.73,16,15,0,6,1,0,0,0
3929.19,2500.0,1.57,22,3,0,35,0,0,0,0
947.14,1500.0,0.63,10,6,0,39,0,0,1,0
6971.56,8000.0,0.87,12,26,0,24,0,0,0,0
2237.35,2500.0,0.89,12,5,0,46,0,0,0,0
5098.67,6000.0,0.85,14,4,0,40,0,0,0,0
1662.72,1500.0,1.11,8,9,0,27,0,0,0,0
7107.17,8000.0,0.89,18,19,0,29,0,0,1,0
8274.28,8000.0,1.03,12,2,0,12,0,0,1,0
2680.2,1500.0,1.79,1,19,0,31,0,0,0,0
37028.0,3000.0,12.34,3,11,6,34,1,1,2,1
2204.45,2000.0,1.1,17,21,0,12,0,0,0,0
1454.73,3000.0,0.48,9,21,0,45,0,0,0,0
7288.96,2000.0,3.64,19,5,3,39,0,1,2,0
4718.97,8000.0,0.59,11,19,0,27,0,0,0,0
2429.85,3000.0,0.81,19,21,1,42,0,0,0,0
18363.11,12000.0,1.53,7,22,0,44,0,0,0,0
12117.29,8000.0,1.51,19,5,0,46,0,0,0,0
3509.7,3000.0,1.17,11,5,0,28,0,0,2,0
2063.0,2000.0,1.03,15,6,0,35,0,0,0,0
1807.14,2500.0,0.72,17,17,0,10,0,0,0,0
27019.89,6000.0,4.5,16,19,5,50,1,0,0,0
2251.61,2000.0,1.13,20,15,0,31,0,0,0,0
1181.14,1500.0,0.79,16,18,1,20,0,0,0,0
1894.32,2500.0,0.76,9,16,1,6,0,0,0,0
16172.98,12000.0,1.35,10,20,0,24,0,0,0,0
5608.53,4500.0,1.25,16,15,0,48,0,0,0,0
2160.62,1500.0,1.44,12,7,0,22,0,0,1,0
9945.86,12000.0,0.83,5,15,0,36,0,0,0,0
10277.68,2000.0,5.14,13,18,5,10,0,0,1,0
2028.44,3000.0,0.68,16,9,0,40,0,0,0,0
6981.27,12000.0,0.58,18,21,0,38,0,0,0,0
3405.95,4500.0,0.76,17,20,0,41,0,0,0,0
3018.03,2000.0,1.51,11,14,0,25,0,0,0,0
2713.48,2500.0,1.09,16,3,1,12,0,0,0,0
44109.55,12000.0,3.68,17,12,5,44,1,0,1,0
8603.25,6000.0,1.43,16,10,0,24,0,0,0,0
2287.31,1500.0,1.52,8,5,0,22,0,0,0,0
4327.4,2500.0,1.73,15,2,1,7,0,0,0,0
5236.7,8000.0,0.65,17,3,0,17,0,0,0,0
2768.07,2500.0,1.11,18,6,1,40,0,0,0,0
9759.03,12000.0,0.81,11,2,0,15,0,0,0,0
2165.25,2500.0,0.87,15,6,0,25,0,0,0,0
3068.11,2000.0,1.53,18,12,0,28,0,0,0,0
3422.63,2500.0,1.37,17,7,0,8,0,0,0,0
4922.77,3000.0,1.64,19,25,0,39,0,0,1,0
6878.67,6000.0,1.15,8,20,0,21,0,0,0,0
1882.63,2500.0,0.75,16,6,1,5,0,0,0,0
18531.29,8000.0,2.32,8,1,0,7,0,0,0,0
8998.06,6000.0,1.5,15,15,0,42,0,0,0,0
3318.61,2000.0,1.66,12,1,0,27,0,0,0,0
17738.11,3000.0,5.91,11,19,5,6,0,0,1,0
10415.07,6000.0,1.74,11,3,0,21,0,0,0,0
6017.97,4500.0,1.34,17,8,0,26,0,0,0,0
1020.05,1500.0,0.68,15,15,0,28,0,0,0,0
13927.1,12000.0,1.16,15,10,0,10,0,0,0,0
5675.15,8000.0,0.71,19,11,0,16,0,0,1,0
38430.78,1500.0,25.62,3,23,3,39,1,1,2,1
12350.81,12000.0,1.03,11,11,0,24,0,0,0,0
5761.21,12000.0,0.48,15,28,0,13,0,0,0,0
9692.15,2500.0,3.88,8,18,3,46,1,1,1,0
1835.34,2500.0,0.73,7,17,0,33,0,0,0,0
896.99,1500.0,0.6,21,5,0,38,0,0,0,0
26353.89,4500.0,5.86,7,20,3,11,0,0,1,0
9344.02,8000.0,1.17,9,9,0,49,0,0,0,0
2635.59,2500.0,1.05,16,26,0,16,0,0,0,0
7899.79,8000.0,0.99,18,18,0,22,0,1,0,0
1297.1,1500.0,0.86,14,7,0,14,0,0,0,0
7031.98,6000.0,1.17,0,14,0,36,0,0,0,0
53925.76,12000.0,4.49,9,14,3,8,1,0,1,0
941.36,2000.0,0.47,14,5,0,48,0,0,0,0
7339.38,4500.0,1.63,15,21,0,29,0,0,0,0
10652.9,6000.0,1.78,12,17,1,46,0,0,1,0
1037.65,2000.0,0.52,10,5,0,34,0,0,0,0
1295.39,1500.0,0.86,14,12,0,42,0,0,0,0
3324.59,3000.0,1.11,4,25,0,11,0,0,0,0
4931.72,1500.0,3.29,5,25,5,9,1,0,2,1
7303.14,12000.0,0.61,10,6,0,30,0,0,0,0
2922.29,1500.0,1.95,21,28,0,30,0,0,0,0
2813.66,2000.0,1.41,9,1,1,35,0,0,0,0
3807.33,8000.0,0.48,15,21,0,30,0,0,0,0
4396.11,3000.0,1.47,18,19,1,20,0,0,0,0
3123.04,4500.0,0.69,19,9,0,10,0,0,0,0
17462.71,4500.0,3.88,8,16,4,17,1,1,1,0
2252.77,2500.0,0.9,14,26,1,20,0,0,0,0
1790.06,2500.0,0.72,8,25,0,32,1,0,1,0
3024.74,3000.0,1.01,19,21,0,30,0,0,0,0
5176.07,6000.0,0.86,14,4,0,38,1,0,1,0
12762.18,12000.0,1.06,17,24,0,13,0,0,0,0
2969.61,3000.0,0.99,12,21,0,26,0,0,0,0
2362.0,3000.0,0.79,23,17,0,5,1,0,2,0
2286.37,3000.0,0.76,16,8,0,40,0,0,0,0
10442.74,12000.0,0.87,13,12,0,13,1,0,0,0
5561.88,6000.0,0.93,9,2,0,48,0,0,0,0
1501.05,1500.0,1.0,12,6,0,5,0,0,0,0
15511.85,8000.0,1.94,20,19,0,13,0,0,0,0
12047.56,3000.0,4.02,14,9,3,28,1,0,1,0
3056.2,4500.0,0.68,9,4,1,15,0,0,0,0
1988.17,2000.0,0.99,16,18,0,12,0,0,0,0
2516.23,2000.0,1.26,13,23,0,13,0,0,0,0
4018.76,8000.0,0.5,13,28,0,31,0,0,0,0
3289.03,3000.0,1.1,9,9,0,14,0,0,0,0
6423.47,6000.0,1.07,18,23,1,39,0,0,1,0
7580.13,6000.0,1.26,16,12,0,9,0,0,0,0
36632.83,3000.0,12.21,22,16,5,18,1,1,2,1
4246.1,2500.0,1.7,11,7,0,45,0,0,1,0
1744.56,2500.0,0.7,12,2,0,29,0,0,0,0
2697.81,2000.0,1.35,12,10,0,34,0,0,1,0
4770.54,3000.0,1.59,15,21,0,15,0,0,1,0
2697.09,3000.0,0.9,18,28,0,49,0,1,0,0
8431.66,8000.0,1.05,11,22,0,10,0,0,0,0
8728.25,6000.0,1.45,15,11,1,41,0,0,0,0
21417.1,12000.0,1.78,15,20,0,10,0,0,0,0
5408.67,4500.0,1.2,21,18,2,19,0,0,0,0
6964.74,6000.0,1.16,9,13,0,10,0,0,0,0
50653.07,2500.0,20.26,1,1,2,30,1,0,2,1
7918.08,6000.0,1.32,15,3,1,47,0,0,1,0
26113.08,4500.0,5.8,16,19,4,32,0,0,1,0
17859.53,8000.0,2.23,22,1,2,20,0,0,0,0
2609.7,2500.0,1.04,18,4,1,6,1,0,0,0
3934.6,2500.0,1.57,12,12,0,32,0,0,0,0
4820.25,6000.0,0.8,21,14,0,49,0,0,0,0
953.48,1500.0,0.64,8,21,1,11,0,0,1,0
1386.78,1500.0,0.92,7,26,1,17,0,0,0,0
4164.15,4500.0,0.93,10,5,0,44,0,0,0,0
5630.37,6000.0,0.94,12,4,0,5,0,0,0,0
2972.05,2000.0,1.49,18,26,1,38,0,0,1,0
16392.31,3000.0,5.46,8,25,5,19,1,0,2,0
5563.17,1500.0,3.71,15,24,3,38,1,0,0,0
1827.94,2500.0,0.73,7,8,1,39,0,0,0,0
943.72,1500.0,0.63,20,15,0,10,0,0,0,0
6048.04,8000.0,0.76,11,10,0,39,0,0,0,0
23213.9,4000.0,5.8,20,17,4,32,1,0,1,1
13967.84,3000.0,4.66,7,24,4,6,0,1,0,0
5543.98,8000.0,0.69,9,7,0,50,0,0,0,0
7060.59,2000.0,3.53,20,8,5,30,1,0,1,0
2030.23,2500.0,0.81,14,26,0,47,0,0,1,0
6023.75,1500.0,4.02,16,5,3,46,1,0,1,0
4634.49,4500.0,1.03,8,17,1,10,0,0,0,0
2438.3,3000.0,0.81,10,13,0,5,1,0,0,0
4721.9,6000.0,0.79,7,8,0,28,0,0,0,0
6357.94,8000.0,0.79,20,24,0,27,0,0,0,0
2561.04,1500.0,1.71,19,15,0,10,0,0,0,0
5286.11,6000.0,0.88,15,10,0,18,0,0,0,0
70416.3,12000.0,5.87,14,18,4,36,1,1,0,0
5025.52,8000.0,0.63,13,11,0,21,0,0,0,0
1119.62,1500.0,0.75,17,22,0,43,0,0,0,0
1515.5,2500.0,0.61,17,5,0,18,0,0,0,0
45191.39,12000.0,3.77,21,12,4,47,0,1,0,0
3266.91,2500.0,1.31,23,9,0,39,0,0,0,0
3528.87,2000.0,1.76,14,10,0,21,0,0,0,0
2955.36,3000.0,0.99,10,21,0,29,0,0,0,0
3216.92,6000.0,0.54,11,8,0,23,0,0,0,0
2011.66,1500.0,1.34,16,7,0,34,0,0,0,0
1807.0,1500.0,1.2,17,20,0,40,0,0,0,0
1698.87,1500.0,1.13,15,20,0,7,0,0,1,0
8263.53,12000.0,0.69,14,6,0,23,0,0,0,0
2989.1,3000.0,1.0,9,9,0,28,0,0,0,0
3853.97,3000.0,1.28,11,10,0,42,0,0,0,0
11330.33,8000.0,1.42,15,9,0,11,0,0,0,0
9821.66,2000.0,4.91,13,16,5,46,1,0,2,0
65882.08,12000.0,5.49,18,19,4,7,1,0,0,0
8087.2,8000.0,1.01,10,4,0,48,0,0,0,0
1658.23,2500.0,0.66,19,12,0,26,0,0,0,0
4111.79,3000.0,1.37,16,14,1,28,0,0,0,0
13207.79,2500.0,5.28,10,5,4,32,1,0,1,0
1172.8,1500.0,0.78,19,18,0,46,0,0,0,0
60665.24,4000.0,15.17,1,3,7,8,1,1,2,1
1020.81,1500.0,0.68,21,9,0,37,0,0,0,0
2548.23,2000.0,1.27,10,26,0,25,0,0,0,0
2724.2,2500.0,1.09,13,8,0,41,0,0,0,0
6844.57,8000.0,0.86,9,15,0,38,0,0,0,0
2721.89,1500.0,1.81,0,23,0,13,0,0,0,0
2350.12,2000.0,1.18,11,3,0,32,0,0,0,0
3587.68,3000.0,1.2,19,18,0,46,0,0,0,0
9415.84,6000.0,1.57,16,15,0,36,0,0,0,0
13900.37,12000.0,1.16,10,13,0,47,0,0,1,0
11818.38,3000.0,3.94,4,21,8,29,1,0,1,1
23134.06,12000.0,1.93,19,4,1,8,0,0,1,0
2661.91,3000.0,0.89,18,24,0,42,0,0,0,0
8784.21,2000.0,4.39,9,28,4,35,1,0,1,0
5389.6,12000.0,0.45,6,18,0,25,0,0,0,0
4940.73,4500.0,1.1,11,17,0,13,0,0,0,0
4375.2,4500.0,0.97,14,25,0,49,0,0,1,0
20347.25,1500.0,13.56,0,6,6,37,1,1,2,1
48992.33,12000.0,4.08,13,23,3,35,1,1,1,0
7484.72,6000.0,1.25,13,21,0,18,0,0,0,0
6302.18,8000.0,0.79,13,25,1,6,0,0,1,0
1527.82,1500.0,1.02,16,17,0,20,0,0,0,0
12009.16,12000.0,1.0,17,26,0,29,0,0,0,0
10808.54,8000.0,1.35,16,28,0,5,0,0,1,0
4527.67,3000.0,1.51,18,27,0,20,0,0,1,0
31263.39,2500.0,12.51,4,17,7,35,1,1,2,1
6344.57,12000.0,0.53,21,1,0,29,0,0,1,0
39071.74,4000.0,9.77,3,5,4,7,1,1,1,1
9519.82,8000.0,1.19,18,24,0,46,0,0,0,0
1726.94,1500.0,1.15,20,14,0,8,0,0,1,0
2906.38,4500.0,0.65,8,21,0,20,0,0,0,0
42381.38,8000.0,5.3,11,14,4,32,0,0,1,0
7797.53,4500.0,1.73,18,5,0,47,0,0,0,0
13512.08,2500.0,5.4,19,4,9,44,0,0,2,1
53037.6,12000.0,4.42,17,4,5,5,1,1,1,0
3346.29,2500.0,1.34,18,25,0,10,0,0,0,0
35413.2,6000.0,5.9,12,20,5,7,1,0,1,0
2611.52,2500.0,1.04,18,16,0,17,0,0,1,0
11212.63,2500.0,4.49,18,22,5,6,0,0,1,0
4260.52,12000.0,0.36,14,1,0,7,0,0,1,0
11494.94,2500.0,4.6,9,22,5,12,1,0,1,0
8108.69,8000.0,1.01,9,5,0,7,0,0,0,0
12036.3,8000.0,1.5,18,7,2,35,0,0,0,0
3091.56,3000.0,1.03,17,1,0,42,0,0,0,0
2224.79,1500.0,1.48,15,11,0,44,0,0,0,0
12470.46,8000.0,1.56,9,21,0,50,0,0,1,0
1682.46,1500.0,1.12,19,11,0,34,0,0,0,0
5984.58,8000.0,0.75,18,1,0,45,0,0,0,0
28292.19,6000.0,4.72,20,23,4,46,0,0,1,0
8844.0,12000.0,0.74,19,21,0,49,0,0,0,0
2468.59,2000.0,1.23,17,10,0,15,0,0,0,0
4719.97,4500.0,1.05,17,13,1,32,0,0,0,0
17226.58,3000.0,5.74,16,5,4,50,1,0,1,0
783.85,1500.0,0.52,20,24,0,40,0,0,0,0
12537.55,3000.0,4.18,14,24,3,17,1,0,0,0
4053.68,4500.0,0.9,14,3,1,29,0,0,0,0
6173.83,6000.0,1.03,16,23,0,39,0,0,0,0
11303.44,12000.0,0.94,17,28,0,19,0,0,0,0
2848.87,4500.0,0.63,11,3,0,41,0,0,0,0
12726.18,6000.0,2.12,1,20,0,31,0,0,0,0
1867.14,2500.0,0.75,12,28,1,9,0,0,0,0
5654.67,4500.0,1.26,10,17,0,19,0,0,0,0
8444.71,8000.0,1.06,18,16,0,6,0,0,0,0
3457.34,3000.0,1.15,7,16,0,35,0,0,0,0
3269.47,2500.0,1.31,14,28,1,48,0,0,0,0
8152.37,6000.0,1.36,19,15,0,18,0,0,1,0
2421.68,1500.0,1.61,15,23,0,14,0,0,0,0
2301.78,2000.0,1.15,15,23,0,29,0,0,2,0
1041.07,1500.0,0.69,14,18,0,30,0,0,1,0
29461.03,6000.0,4.91,14,20,5,33,1,1,1,0
1915.44,2000.0,0.96,15,22,0,37,0,1,2,0
7065.44,1500.0,4.71,9,16,5,30,1,1,1,0
7589.87,8000.0,0.95,10,25,0,15,0,0,0,0
6025.78,8000.0,0.75,9,3,1,49,0,0,0,0
1263.64,2000.0,0.63,9,12,0,41,0,0,0,0
8385.9,8000.0,1.05,14,23,0,23,0,0,1,0
1640.28,2000.0,0.82,12,22,0,32,0,0,0,0
28284.22,8000.0,3.54,17,11,3,21,0,0,1,0
2637.37,2500.0,1.05,10,22,0,36,0,0,1,0
5369.59,4500.0,1.19,18,5,0,18,0,1,0,0
2600.54,1500.0,1.73,19,10,0,18,0,0,0,0
11855.51,3000.0,3.95,18,21,3,43,0,1,0,0
6763.96,4500.0,1.5,14,1,0,19,0,0,0,0
5073.81,3000.0,1.69,9,15,0,24,0,0,0,0
2354.49,2500.0,0.94,11,7,0,16,0,0,0,0
1486.34,2000.0,0.74,20,2,0,25,0,0,0,0
3040.49,2000.0,1.52,13,10,0,23,0,0,0,0
3046.75,2500.0,1.22,12,3,0,26,0,0,0,0
5007.0,4500.0,1.11,9,18,0,26,0,0,0,0
3778.93,3000.0,1.26,8,9,0,37,0,0,0,0
2785.56,6000.0,0.46,8,21,0,14,0,0,0,0
35625.63,2500.0,14.25,20,7,2,34,1,1,2,1
3928.87,4500.0,0.87,7,27,0,21,0,0,0,0
10234.46,2500.0,4.09,12,12,3,24,1,0,1,0
3165.54,3000.0,1.06,17,23,0,48,0,0,0,0
5146.6,4500.0,1.14,14,4,0,34,0,0,0,0
7008.56,8000.0,0.88,12,25,1,10,0,0,0,0
17835.4,4500.0,3.96,13,12,5,26,1,1,1,0
2683.28,2500.0,1.07,13,7,0,20,0,0,1,0
2402.29,6000.0,0.4,10,19,1,9,1,0,0,0
3906.77,2500.0,1.56,9,15,0,23,0,0,0,0
26764.89,6000.0,4.46,17,20,4,46,1,1,1,0
1219.49,1500.0,0.81,19,28,0,26,0,0,0,0
2100.84,1500.0,1.4,21,26,0,8,0,0,0,0
6707.51,4500.0,1.49,19,26,1,35,0,0,0,0
25503.16,12000.0,2.13,12,11,0,42,0,0,2,0
928.08,1500.0,0.62,17,1,0,20,1,0,0,0
5010.31,4500.0,1.11,6,18,1,39,0,0,0,0
2250.63,2000.0,1.13,11,9,0,18,0,0,0,0
2837.53,3000.0,0.95,13,20,0,35,0,0,1,0
970.24,1500.0,0.65,18,15,0,13,0,0,0,0
15591.92,12000.0,1.3,14,27,0,40,0,0,0,0
35438.43,3000.0,11.81,1,16,5,49,1,1,2,1
3168.66,3000.0,1.06,8,10,0,48,0,0,1,0
1747.29,2500.0,0.7,15,7,0,28,1,0,1,0
2950.31,4500.0,0.66,13,26,1,39,0,0,0,0
12982.35,12000.0,1.08,10,4,0,13,0,0,0,0
2778.92,3000.0,0.93,20,18,0,36,0,0,0,0
41898.18,1500.0,27.93,0,27,2,32,1,1,1,1
10935.88,8000.0,1.37,18,26,1,32,0,0,0,0
2257.6,2000.0,1.13,15,3,0,37,0,0,0,0
1337.25,2000.0,0.67,11,11,0,7,0,0,1,0
3251.2,2000.0,1.63,14,15,0,27,0,0,0,0
4193.97,3000.0,1.4,10,5,0,32,0,0,1,0
3672.55,3000.0,1.22,8,9,0,5,0,0,0,0
9045.27,3000.0,3.02,20,19,8,15,1,0,2,1
1217.69,1500.0,0.81,11,16,0,43,0,0,1,0
2510.26,3000.0,0.84,6,23,0,42,0,0,0,0
6522.16,4500.0,1.45,13,4,1,42,0,0,0,0
5766.56,6000.0,0.96,16,3,1,12,0,0,0,0
1342.51,1500.0,0.9,23,12,0,6,0,0,0,0
7075.04,4500.0,1.57,14,20,0,46,0,0,0,0
2167.63,2000.0,1.08,11,5,0,29,0,0,0,0
7163.62,6000.0,1.19,17,5,0,42,0,0,0,0
3749.35,3000.0,1.25,11,7,0,31,0,0,0,0
3528.89,3000.0,1.18,18,23,0,32,0,0,0,0
15543.63,3000.0,5.18,6,3,12,18,1,0,1,1
736.51,2500.0,0.29,14,20,0,21,0,0,0,0
11202.69,8000.0,1.4,12,27,0,46,0,0,1,0
6180.84,4500.0,1.37,19,18,0,46,0,0,2,0
667.45,1500.0,0.44,10,23,0,27,0,0,1,0
7235.64,8000.0,0.9,14,27,0,9,0,0,0,0
1869.17,2500.0,0.75,13,1,0,19,0,0,0,0
7144.07,12000.0,0.6,19,21,0,25,0,0,1,0
16668.19,12000.0,1.39,18,3,0,12,0,0,0,0
3278.45,3000.0,1.09,16,9,1,47,0,0,0,0
1908.55,2000.0,0.95,21,11,0,42,0,0,0,0
1054.32,1500.0,0.7,11,28,0,13,0,0,0,0
1024.13,2000.0,0.51,14,18,0,35,0,0,0,0
9061.42,8000.0,1.13,10,15,0,23,0,0,0,0
3860.12,4500.0,0.86,23,13,0,12,0,0,0,0
1703.73,2000.0,0.85,12,16,0,30,0,0,0,0
4819.54,3000.0,1.61,5,12,0,16,0,0,0,0
4759.31,8000.0,0.59,20,28,0,19,0,0,0,0
17914.09,3000.0,5.97,17,28,4,8,1,0,0,0
11592.05,2000.0,5.8,7,4,5,43,1,0,1,0
1411.93,1500.0,0.94,9,17,0,32,0,0,0,0
12806.79,12000.0,1.07,13,6,1,13,0,0,1,0
68663.13,12000.0,5.72,7,25,5,48,1,0,1,0
2200.96,1500.0,1.47,12,1,0,41,0,0,1,0
14638.83,8000.0,1.83,15,18,0,17,0,0,0,0
7252.61,2000.0,3.63,18,20,4,18,0,1,1,0
7136.15,2000.0,3.57,7,5,3,33,1,0,0,0
2060.24,1500.0,1.37,13,18,0,36,0,0,0,0
11040.74,2000.0,5.52,15,2,4,45,1,0,2,1
5247.7,6000.0,0.87,11,3,2,14,0,0,0,0
4614.36,8000.0,0.58,9,10,0,16,0,0,0,0
2206.22,1500.0,1.47,8,2,0,33,0,0,0,0
12813.2,12000.0,1.07,20,3,0,38,0,0,0,0
17519.81,12000.0,1.46,13,16,0,31,0,0,0,0
2000.95,1500.0,1.33,21,23,0,5,0,0,0,0
906.89,1500.0,0.6,9,28,0,49,0,0,0,0
9218.05,8000.0,1.15,9,27,0,32,0,0,0,0
2504.21,2500.0,1.0,15,4,0,35,0,0,0,0
7778.12,4500.0,1.73,13,11,0,27,0,0,0,0
13601.8,12000.0,1.13,14,22,0,27,0,0,0,0
1685.42,1500.0,1.12,11,25,0,7,0,0,0,0
1940.5,2500.0,0.78,8,24,1,35,0,0,0,0
1419.94,1500.0,0.95,16,10,0,7,1,0,0,0
3505.11,1500.0,2.34,18,26,0,12,0,0,1,0
7934.86,8000.0,0.99,9,17,0,21,0,0,0,0
2011.9,2000.0,1.01,14,15,0,44,0,0,0,0
1058.7,1500.0,0.71,6,6,0,26,0,0,1,0
1993.12,1500.0,1.33,3,21,0,23,1,0,0,0
1489.33,2000.0,0.74,16,9,0,28,0,0,0,0
3980.65,2500.0,1.59,12,2,0,10,0,0,0,0
30038.09,6000.0,5.01,18,15,3,10,1,1,0,0
6196.96,4500.0,1.38,11,26,0,33,0,0,1,0
4623.99,8000.0,0.58,10,8,0,38,0,0,0,0
12180.2,8000.0,1.52,16,26,0,21,0,0,0,0
4258.44,6000.0,0.71,7,18,1,33,0,0,0,0
3791.57,3000.0,1.26,7,17,0,32,0,0,0,0
1544.0,1500.0,1.03,16,11,0,20,0,0,0,0
16084.45,3000.0,5.36,9,12,4,28,0,1,2,0
2904.22,4500.0,0.65,20,17,1,12,0,0,0,0
6943.44,4500.0,1.54,11,27,0,47,0,0,1,0
1332.94,2500.0,0.53,10,14,0,25,0,0,0,0
6021.49,1500.0,4.01,16,22,3,32,0,1,1,0
12811.26,2500.0,5.12,16,27,5,6,1,1,1,0
13327.69,12000.0,1.11,18,24,0,34,0,0,0,0
9378.12,8000.0,1.17,7,15,0,48,0,0,0,0
5884.85,12000.0,0.49,17,21,0,15,0,0,0,0
2977.58,2500.0,1.19,11,19,0,27,0,0,0,0
1212.66,2000.0,0.61,19,23,0,23,0,0,0,0
2624.23,1500.0,1.75,17,6,0,24,0,0,0,0
8160.78,8000.0,1.02,18,11,0,47,0,0,0,0
9994.18,8000.0,1.25,12,3,0,32,0,0,0,0
7137.53,2500.0,2.86,7,19,8,39,1,1,1,1
6893.51,6000.0,1.15,15,6,0,20,0,0,0,0
4242.16,2500.0,1.7,18,10,0,17,0,0,1,0
1957.45,2000.0,0.98,17,23,0,41,0,0,0,0
8896.58,1500.0,5.93,14,23,5,22,0,0,1,0
15463.78,12000.0,1.29,4,23,0,31,0,0,0,0
31845.18,2000.0,15.92,23,17,6,22,1,1,2,1
4125.82,6000.0,0.69,1,25,1,15,0,0,1,0
5436.9,1500.0,3.62,5,1,4,43,0,1,0,0
5784.91,4500.0,1.29,13,14,0,14,0,0,1,0
2393.62,2000.0,1.2,8,5,0,27,0,0,0,0
5122.72,6000.0,0.85,12,26,0,13,0,0,0,0
2046.09,2000.0,1.02,7,25,0,14,0,0,1,0
6580.46,4500.0,1.46,10,20,0,32,0,0,0,0
11184.34,12000.0,0.93,22,12,0,36,0,0,0,0
1714.44,2500.0,0.69,13,19,0,39,0,0,0,0
3937.2,4500.0,0.87,13,23,0,28,0,0,0,0
1152.02,1500.0,0.77,7,13,0,50,0,0,1,0
1568.36,2000.0,0.78,11,20,0,14,0,0,0,0
1768.22,2000.0,0.88,12,21,0,35,0,0,0,0
4531.13,4500.0,1.01,5,21,0,17,0,0,0,0
9097.34,12000.0,0.76,9,16,0,29,0,0,0,0
2207.8,4500.0,0.49,8,10,0,29,0,0,0,0
6915.88,8000.0,0.86,18,4,0,28,0,0,1,0
8864.64,4500.0,1.97,18,18,0,45,0,0,0,0
2215.23,2000.0,1.11,6,8,1,21,0,0,0,0
3771.0,6000.0,0.63,8,27,0,34,0,0,0,0
7005.17,6000.0,1.17,13,2,0,46,0,0,0,0
5348.01,6000.0,0.89,0,28,0,41,0,0,0,0
1181.49,1500.0,0.79,18,17,0,47,0,0,1,0
40278.4,8000.0,5.03,19,11,5,22,1,0,1,0
11285.42,12000.0,0.94,8,15,0,41,0,0,0,0
9583.27,6000.0,1.6,13,5,0,34,0,0,0,0
3791.3,6000.0,0.63,7,26,0,6,0,0,1,0
1619.44,2500.0,0.65,19,2,0,11,0,0,0,0
3591.62,4500.0,0.8,12,4,0,42,0,0,0,0
8345.14,2000.0,4.17,16,13,3,15,1,0,2,1
1825.03,2000.0,0.91,15,3,0,49,0,0,0,0
4778.68,4500.0,1.06,12,14,0,36,0,0,0,0
1381.75,1500.0,0.92,15,3,0,44,0,1,0,0
4363.47,4500.0,0.97,0,17,0,43,0,0,0,0
14551.5,12000.0,1.21,10,10,0,15,0,0,0,0
5322.99,12000.0,0.44,21,19,0,37,0,0,0,0
3237.82,2000.0,1.62,17,10,0,39,0,0,0,0
19739.71,4500.0,4.39,20,4,5,21,1,1,2,0
6284.07,6000.0,1.05,14,12,1,12,0,0,1,0
4184.81,8000.0,0.52,9,10,0,37,0,0,0,0
3305.26,2500.0,1.32,12,7,0,34,0,0,0,0
6607.51,8000.0,0.83,18,19,1,34,0,0,0,0
4794.45,6000.0,0.8,17,23,0,35,0,0,0,0
2394.75,2500.0,0.96,10,13,0,21,0,0,0,0
8881.49,8000.0,1.11,10,7,0,20,0,0,0,0
13844.64,12000.0,1.15,10,3,0,11,0,0,0,0
3993.6,4500.0,0.89,14,18,0,45,0,0,0,0
4070.82,6000.0,0.68,10,22,0,6,0,1,0,0
2450.55,4500.0,0.54,16,15,0,15,0,0,1,0
2242.49,4500.0,0.5,8,19,0,16,0,0,0,0
1610.59,2500.0,0.64,9,11,0,6,0,0,1,0
32258.44,8000.0,4.03,13,27,5,29,1,0,1,0
4406.95,3000.0,1.47,18,24,0,28,0,0,0,0
9452.85,6000.0,1.58,17,27,0,13,0,0,0,0
5555.22,4500.0,1.23,12,5,0,8,0,0,0,0
4630.47,3000.0,1.54,9,15,0,46,0,0,0,0
7653.65,8000.0,0.96,18,20,0,8,0,0,0,0
5180.83,8000.0,0.65,8,14,0,24,0,0,0,0
6551.47,4500.0,1.46,15,22,0,33,0,0,2,0
7609.41,6000.0,1.27,15,17,0,5,0,0,0,0
1985.17,3000.0,0.66,20,6,0,46,0,0,0,0
7237.27,1500.0,4.82,16,28,5,30,1,0,2,0
1243.81,1500.0,0.83,11,19,0,25,0,0,0,0
1022.03,1500.0,0.68,15,8,0,13,0,0,0,0
3362.68,6000.0,0.56,12,1,0,18,0,0,1,0
12900.63,3000.0,4.3,15,1,5,49,0,0,1,0
11634.44,2000.0,5.82,15,14,4,35,1,1,1,1
12474.68,8000.0,1.56,13,28,0,43,0,0,1,0
10260.56,12000.0,0.86,17,19,1,46,0,1,0,0
11924.11,12000.0,0.99,19,21,0,13,0,0,0,0
1971.48,2000.0,0.99,9,11,0,46,0,0,0,0
8045.99,2000.0,4.02,12,15,3,11,1,0,1,0
1831.56,2500.0,0.73,18,10,1,24,0,0,0,0
1756.88,2500.0,0.7,8,10,0,36,0,0,0,0
1630.8,3000.0,0.54,21,21,0,5,0,0,0,0
6758.63,6000.0,1.13,17,28,0,28,0,0,0,0
43388.18,2000.0,21.69,5,25,4,39,1,1,2,1
5904.72,3000.0,1.97,13,10,0,6,0,0,1,0
1364.12,1500.0,0.91,13,23,0,12,0,0,0,0
3277.87,4500.0,0.73,16,24,0,33,0,0,1,0
11332.35,8000.0,1.42,12,4,0,10,0,0,0,0
9503.91,12000.0,0.79,14,4,0,7,0,0,0,0
1806.34,3000.0,0.6,10,28,0,26,0,0,0,0
9906.92,8000.0,1.24,4,4,0,48,0,0,0,0
1394.08,2000.0,0.7,11,11,0,13,0,0,2,0
3544.5,6000.0,0.59,19,17,0,8,0,0,0,0
1604.63,2000.0,0.8,17,19,0,44,0,0,0,0
3620.49,4500.0,0.8,4,9,1,49,0,0,0,0
868.54,2000.0,0.43,12,22,0,18,0,0,2,0
9485.64,8000.0,1.19,18,15,0,36,0,0,0,0
2532.95,4500.0,0.56,12,5,1,37,0,0,1,0
39875.32,1500.0,26.58,3,23,8,36,1,1,2,1
1394.67,1500.0,0.93,12,9,0,19,0,0,0,0
16704.13,12000.0,1.39,13,15,0,35,0,0,0,0
10585.22,8000.0,1.32,17,9,0,36,0,0,0,0
26019.84,4500.0,5.78,10,14,5,43,0,0,0,0
3479.37,4500.0,0.77,10,15,0,25,0,0,0,0
1484.26,3000.0,0.49,7,1,0,14,0,0,0,0
2137.42,1500.0,1.42,13,22,2,21,0,0,1,0
7960.89,8000.0,1.0,6,25,0,49,0,0,0,0
9455.57,8000.0,1.18,15,2,0,14,0,0,0,0
5055.07,6000.0,0.84,8,22,0,41,0,0,0,0
2763.27,4500.0,0.61,12,7,0,7,0,0,0,0
3163.7,2500.0,1.27,12,22,0,25,0,0,0,0
4158.35,3000.0,1.39,7,14,1,25,0,0,0,0
12150.22,12000.0,1.01,16,3,0,17,1,0,1,0
4072.76,8000.0,0.51,10,24,0,50,0,0,1,0
22892.7,12000.0,1.91,14,20,0,28,0,0,0,0
1770.7,1500.0,1.18,19,4,0,33,0,0,0,0
1904.14,2000.0,0.95,16,25,0,48,0,0,0,0
118964.27,3000.0,39.65,16,22,2,30,1,1,2,1
4028.37,2500.0,1.61,15,25,0,6,0,0,0,0
68215.57,12000.0,5.68,17,4,4,30,1,0,1,0
6789.21,8000.0,0.85,8,5,0,37,0,0,0,0
1778.43,1500.0,1.19,9,16,0,32,0,0,0,0
1267.57,2000.0,0.63,9,8,0,41,0,0,0,0
4833.63,4500.0,1.07,18,14,0,42,0,0,0,0
5683.94,8000.0,0.71,12,8,0,47,1,0,0,0
2498.45,2000.0,1.25,9,4,0,16,0,0,0,0
6916.63,4500.0,1.54,8,9,0,32,0,0,0,0
4033.67,2000.0,2.02,11,18,0,35,0,0,1,0
10144.13,4500.0,2.25,22,7,0,27,0,0,0,0
1900.75,2500.0,0.76,12,10,0,39,0,0,0,0
15035.67,12000.0,1.25,12,4,0,26,0,0,0,0
4008.66,2500.0,1.6,9,13,0,36,0,0,0,0
2385.88,2500.0,0.95,19,28,0,49,0,0,0,0
1815.61,2500.0,0.73,9,21,0,36,0,0,0,0
14640.67,12000.0,1.22,0,7,0,10,0,0,0,0
5001.01,6000.0,0.83,19,23,0,16,0,0,0,0
2888.17,2500.0,1.16,12,26,0,31,0,0,0,0
1682.57,2000.0,0.84,20,25,0,11,0,0,0,0
4865.99,3000.0,1.62,12,28,1,20,0,0,0,0
14716.49,12000.0,1.23,15,25,0,42,0,0,0,0
1841.47,2500.0,0.74,11,17,0,46,0,0,1,0
717.25,1500.0,0.48,8,1,1,32,0,0,0,0
6745.56,6000.0,1.12,14,22,0,10,0,0,1,0
878.52,2000.0,0.44,18,5,0,45,0,0,0,0
26234.05,4500.0,5.83,8,6,4,16,1,0,2,0
1442.55,2000.0,0.72,14,20,1,32,0,0,0,0
25470.08,4500.0,5.66,21,13,5,11,1,0,1,0
65338.38,4000.0,16.33,2,24,4,16,1,1,2,1
905.21,1500.0,0.6,10,15,0,19,0,0,0,0
7614.35,12000.0,0.63,11,10,0,14,0,0,0,0
8703.11,6000.0,1.45,14,10,1,34,0,0,0,0
1815.58,2500.0,0.73,7,23,0,40,0,0,0,0
17792.8,12000.0,1.48,9,6,0,15,0,0,0,0
5244.61,6000.0,0.87,9,8,0,6,0,0,2,0
2619.4,2000.0,1.31,10,23,0,40,0,0,1,0
3705.17,6000.0,0.62,12,1,1,22,0,0,0,0
5837.34,8000.0,0.73,13,24,1,14,0,0,0,0
2999.17,3000.0,1.0,14,28,0,21,0,0,0,0
2562.92,1500.0,1.71,14,9,0,25,0,0,0,0
2601.87,4500.0,0.58,9,22,1,8,0,0,0,0
7796.57,8000.0,0.97,14,14,1,9,0,0,0,0
6932.87,8000.0,0.87,9,1,0,33,0,0,0,0
6413.86,4500.0,1.43,17,6,0,7,1,0,0,0
1339.34,2000.0,0.67,16,23,0,12,0,0,0,0
2019.61,2500.0,0.81,15,18,0,43,0,0,0,0
1627.0,3000.0,0.54,11,18,0,15,0,0,0,0
2944.38,6000.0,0.49,23,5,0,16,0,0,0,0
84553.44,4000.0,21.14,2,28,5,22,1,1,1,1
6245.59,4500.0,1.39,4,26,1,47,1,0,0,0
1102.22,1500.0,0.73,12,19,0,44,0,0,0,0
6569.81,3000.0,2.19,20,22,0,24,0,0,0,0
6843.66,8000.0,0.86,16,27,0,23,0,0,0,0
1966.32,2500.0,0.79,12,15,0,46,0,0,0,0
2845.94,8000.0,0.36,18,19,0,24,0,0,0,0
4975.61,4500.0,1.11,15,20,0,44,0,0,0,0
4149.64,4500.0,0.92,8,18,0,36,0,0,0,0
10619.5,2000.0,5.31,12,17,4,14,0,0,0,0
3889.44,4500.0,0.86,10,5,0,32,0,0,0,0
19990.67,12000.0,1.67,23,1,0,28,0,0,0,0
12003.16,1500.0,8.0,2,20,3,39,1,1,2,1
43256.7,8000.0,5.41,21,15,4,25,1,1,0,0
5670.8,6000.0,0.95,18,19,0,5,0,0,0,0
5191.83,8000.0,0.65,18,4,0,11,0,0,0,0
3033.0,2000.0,1.52,18,9,0,46,0,0,0,0
16530.82,4000.0,4.13,18,17,4,5,1,1,2,1
1798.02,2500.0,0.72,16,18,1,7,0,0,0,0
11631.86,2000.0,5.82,10,1,5,8,1,0,2,0
1203.29,2000.0,0.6,16,27,2,21,0,0,1,0
970.18,2000.0,0.49,11,20,0,5,0,0,0,0
10506.41,8000.0,1.31,10,5,0,50,0,0,0,0
952.35,2000.0,0.48,13,3,0,33,0,0,1,0
6703.62,8000.0,0.84,7,7,0,43,0,0,0,0
1167.08,2000.0,0.58,13,22,0,42,0,0,0,0
1134.56,1500.0,0.76,21,25,0,20,0,0,0,0
2723.67,2500.0,1.09,11,10,1,49,0,0,1,0
23674.41,12000.0,1.97,11,11,0,46,0,0,1,0
19116.58,3000.0,6.37,15,21,9,22,0,1,2,1
2517.71,2000.0,1.26,10,12,1,26,0,0,0,0
6241.69,6000.0,1.04,9,4,0,14,0,0,0,0
3596.41,4500.0,0.8,3,14,0,33,0,0,0,0
6952.7,4500.0,1.55,13,26,0,17,0,0,0,0
3245.95,3000.0,1.08,11,15,0,46,0,0,0,0
7287.78,8000.0,0.91,0,24,0,37,0,0,0,0
1631.37,2000.0,0.82,18,9,0,5,0,0,0,0
4677.44,3000.0,1.56,17,19,0,50,0,0,0,0
4306.57,2500.0,1.72,16,3,1,21,0,0,0,0
906.4,2500.0,0.36,17,20,0,13,0,0,0,0
96419.22,3000.0,32.14,1,27,7,32,1,1,2,1
2440.13,2000.0,1.22,21,11,0,38,0,0,1,0
1137.0,1500.0,0.76,18,21,0,41,0,0,0,0
4218.21,2500.0,1.69,13,9,0,42,0,0,0,0
3494.13,6000.0,0.58,9,19,0,17,0,0,0,0
54954.45,12000.0,4.58,8,27,5,15,1,1,1,0
6064.46,4500.0,1.35,13,26,1,8,0,0,0,0
1293.69,1500.0,0.86,20,5,1,6,0,0,0,0
10637.11,2500.0,4.25,8,11,3,29,1,1,1,0
3345.44,3000.0,1.12,18,5,0,49,0,0,0,0
10968.78,12000.0,0.91,7,8,0,34,0,0,0,0
2862.12,4500.0,0.64,9,24,0,15,0,0,0,0
30105.02,3000.0,10.04,21,28,5,35,0,1,1,1
4455.16,2500.0,1.78,12,9,0,33,0,0,0,0
5201.05,6000.0,0.87,10,27,0,47,0,0,0,0
1445.49,1500.0,0.96,12,22,0,5,0,0,0,0
2737.76,2500.0,1.1,21,8,0,13,0,0,1,0
925.9,1500.0,0.62,19,13,0,49,0,0,0,0
1216.14,1500.0,0.81,8,23,0,35,0,0,0,0
11845.29,3000.0,3.95,12,17,3,36,1,0,1,0
4375.63,6000.0,0.73,11,9,0,47,0,0,1,0
1862.34,2000.0,0.93,11,8,1,12,0,0,0,0
4494.04,6000.0,0.75,19,8,1,24,0,0,0,0
5446.25,4500.0,1.21,19,28,0,12,0,0,0,0
2045.39,4500.0,0.45,10,10,0,41,0,0,0,0
5268.78,4500.0,1.17,15,25,1,15,0,0,0,0
10950.09,8000.0,1.37,15,25,0,42,0,0,0,0
2963.83,2500.0,1.19,11,26,1,31,0,0,1,0
3439.22,2500.0,1.38,15,28,0,13,0,0,0,0
1783.13,1500.0,1.19,18,19,0,7,0,0,0,0
1179.02,1500.0,0.79,17,7,0,43,0,0,0,0
3422.68,4500.0,0.76,19,14,0,13,0,0,0,0
10692.1,8000.0,1.34,8,4,1,48,0,0,1,0
2734.82,6000.0,0.46,13,20,0,35,0,0,0,0
2262.44,1500.0,1.51,19,24,0,11,0,0,0,0
22722.12,4500.0,5.05,17,8,3,41,0,0,1,0
68186.57,3000.0,22.73,3,16,5,36,1,1,2,1
6284.11,4500.0,1.4,12,20,0,41,0,0,0,0
22061.41,12000.0,1.84,17,2,0,14,0,0,0,0
1611.51,2000.0,0.81,22,24,0,22,0,0,0,0
51641.6,12000.0,4.3,15,8,3,33,1,0,0,0
1501.82,2000.0,0.75,19,3,0,14,0,0,0,0
2845.17,3000.0,0.95,5,21,0,20,0,0,0,0
8406.32,1500.0,5.6,19,2,3,35,1,0,1,1
18209.51,4500.0,4.05,7,14,3,49,1,0,1,0
2379.03,2500.0,0.95,15,4,0,7,0,0,0,0
3230.04,4500.0,0.72,15,9,0,41,0,0,0,0
37141.05,2000.0,18.57,3,6,8,13,1,1,2,1
1247.35,2000.0,0.62,19,19,1,19,0,0,0,0
4706.92,6000.0,0.78,4,18,0,46,1,0,1,0
1176.16,3000.0,0.39,9,21,0,48,0,0,1,0
4635.37,4500.0,1.03,6,23,0,47,0,0,0,0
18306.49,12000.0,1.53,20,5,0,46,0,0,1,0
3386.31,1500.0,2.26,12,2,0,28,0,0,0,0
2527.83,3000.0,0.84,17,10,0,15,0,0,0,0
4278.85,6000.0,0.71,8,21,0,24,0,0,0,0
45036.3,3000.0,15.01,23,18,4,6,1,1,2,1
1791.35,2000.0,0.9,16,5,0,32,0,0,0,0
2458.29,1500.0,1.64,19,18,0,28,0,0,0,0
9425.05,12000.0,0.79,11,14,0,47,0,0,1,0
7935.02,1500.0,5.29,11,1,4,38,1,1,1,0
54596.57,2000.0,27.3,4,24,5,15,1,1,2,1
7302.14,12000.0,0.61,11,3,0,38,0,0,0,0
1837.8,2000.0,0.92,10,28,1,12,0,0,0,0
1920.32,1500.0,1.28,12,26,0,31,0,0,0,0
12833.42,12000.0,1.07,0,17,0,17,0,0,1,0
14197.64,4000.0,3.55,12,4,9,45,0,1,2,1
4176.14,4500.0,0.93,8,18,0,24,0,0,0,0
25510.61,4500.0,5.67,12,18,5,29,1,0,1,0
6559.59,3000.0,2.19,18,10,0,34,0,0,0,0
10446.87,8000.0,1.31,10,3,0,43,0,0,0,0
3915.35,3000.0,1.31,13,19,0,8,0,0,0,0
19172.55,8000.0,2.4,7,14,0,50,0,0,0,0
1754.24,2500.0,0.7,15,16,1,24,0,0,0,0
12302.2,12000.0,1.03,23,17,0,12,0,0,0,0
9544.23,4500.0,2.12,11,10,1,50,0,0,0,0
4546.83,8000.0,0.57,13,5,0,20,0,0,1,0
2294.74,1500.0,1.53,18,28,0,13,0,0,0,0
2582.35,2500.0,1.03,18,3,0,19,0,0,0,0
851.17,1500.0,0.57,7,20,0,10,0,0,0,0
3906.14,3000.0,1.3,22,24,0,23,0,0,0,0
2078.21,1500.0,1.39,17,17,0,49,0,0,0,0
17077.74,12000.0,1.42,21,20,0,28,0,0,0,0
4875.14,6000.0,0.81,14,20,0,9,0,0,0,0
7064.65,4500.0,1.57,16,22,1,31,0,0,0,0
8533.63,8000.0,1.07,15,4,0,19,0,0,0,0
5122.34,4500.0,1.14,16,10,0,21,0,0,0,0
6845.58,8000.0,0.86,21,24,0,44,0,0,0,0
3101.5,3000.0,1.03,6,2,0,49,0,0,0,0
11886.72,8000.0,1.49,9,12,0,34,0,0,1,0
3275.44,2500.0,1.31,20,16,1,12,0,0,0,0
4871.68,4500.0,1.08,10,22,0,19,0,0,1,0
752.83,1500.0,0.5,16,18,0,16,0,0,0,0
8516.39,8000.0,1.06,16,8,0,43,0,0,0,0
711.3,1500.0,0.47,10,28,0,50,0,0,1,0
6344.3,12000.0,0.53,19,17,0,26,0,0,0,0
6527.92,6000.0,1.09,13,6,0,45,0,0,0,0
3140.31,2000.0,1.57,6,14,0,5,0,0,0,0
5730.12,4500.0,1.27,11,15,0,42,0,0,0,0
61504.61,12000.0,5.13,15,22,5,37,1,0,1,0
4166.1,6000.0,0.69,10,3,0,17,0,0,0,0
73056.83,4000.0,18.26,0,8,4,6,1,0,1,1
8013.65,8000.0,1.0,21,22,0,11,1,0,0,0
17920.64,4500.0,3.98,9,4,3,28,1,1,0,0
83463.79,2500.0,33.39,3,1,5,39,1,1,2,1
2307.85,4500.0,0.51,2,1,1,6,0,0,0,0
1379.58,1500.0,0.92,16,2,0,30,0,0,0,0
1044.25,1500.0,0.7,17,20,0,38,0,0,0,0
6213.77,4500.0,1.38,17,22,0,47,1,0,0,0
2839.31,3000.0,0.95,18,7,0,35,0,0,0,0
4207.23,6000.0,0.7,10,10,0,36,0,0,1,0
5293.13,6000.0,0.88,15,12,1,46,0,0,0,0
2386.81,2500.0,0.95,19,16,0,6,0,0,0,0
18060.4,12000.0,1.51,9,16,0,10,0,0,0,0
1321.62,1500.0,0.88,11,15,0,32,0,0,0,0
1987.49,2000.0,0.99,21,24,0,43,0,0,0,0
10078.56,8000.0,1.26,9,5,0,12,0,0,0,0
3189.91,2500.0,1.28,13,19,0,35,0,0,0,0
6959.49,8000.0,0.87,16,12,0,37,0,0,0,0
8362.69,1500.0,5.58,17,28,5,6,1,0,1,0
7480.45,6000.0,1.25,22,19,2,18,0,0,0,0
7460.26,8000.0,0.93,17,11,0,50,0,0,0,0
3385.79,3000.0,1.13,13,14,0,43,0,0,0,0
3216.95,3000.0,1.07,23,14,0,18,0,0,0,0
2778.96,4500.0,0.62,16,13,0,47,0,0,0,0
8325.77,8000.0,1.04,21,4,0,10,0,0,0,0
3127.74,2500.0,1.25,10,24,0,45,0,0,0,0
1609.97,3000.0,0.54,16,19,0,7,0,0,0,0
3432.66,2500.0,1.37,9,15,0,39,0,0,0,0
7806.15,2000.0,3.9,9,4,3,36,1,0,1,0
3407.95,2000.0,1.7,18,14,1,28,0,0,0,0
24788.57,4500.0,5.51,13,1,3,21,0,0,0,0
10034.59,2500.0,4.01,20,9,4,45,1,0,1,0
46806.18,8000.0,5.85,14,4,3,16,0,0,2,0
5396.38,4500.0,1.2,9,8,1,30,0,1,0,0
1497.28,4500.0,0.33,17,11,0,34,0,0,0,0
4482.42,6000.0,0.75,10,11,0,39,0,0,0,0
2842.86,4500.0,0.63,7,18,0,12,0,0,0,0
1887.38,2000.0,0.94,10,11,0,21,0,0,0,0
2048.69,4500.0,0.46,2,21,0,29,0,0,0,0
6250.12,8000.0,0.78,7,17,0,33,0,0,1,0
6511.24,8000.0,0.81,8,8,0,33,0,0,0,0
4519.17,3000.0,1.51,14,3,0,32,0,0,2,0
2252.62,2500.0,0.9,14,6,0,18,0,0,0,0
3219.72,4500.0,0.72,6,23,0,20,0,0,1,0
4734.12,4500.0,1.05,17,28,0,31,0,0,0,0
8567.25,12000.0,0.71,8,7,0,19,0,0,0,0
33968.42,8000.0,4.25,17,24,3,25,1,1,2,0
3629.41,2000.0,1.81,14,9,0,41,0,0,0,0
12608.98,8000.0,1.58,13,18,0,14,0,0,2,0
1888.93,4500.0,0.42,20,28,0,13,0,0,0,0
4036.05,4500.0,0.9,20,16,0,43,0,1,0,0
8909.53,6000.0,1.48,14,12,0,30,0,1,0,0
2415.99,2000.0,1.21,13,5,0,32,0,0,0,0
18227.47,4500.0,4.05,17,6,5,44,1,0,1,0
1806.96,3000.0,0.6,13,24,0,28,0,0,0,0
11124.55,2500.0,4.45,7,28,4,27,1,1,1,0
3318.83,4500.0,0.74,11,8,0,37,0,0,0,0
2113.85,2000.0,1.06,9,26,0,36,0,0,0,0
2152.21,2000.0,1.08,13,13,0,36,0,0,0,0
6604.76,12000.0,0.55,13,19,0,24,0,0,0,0
6477.79,4500.0,1.44,18,9,0,20,0,0,0,0
3489.17,4500.0,0.78,14,20,0,12,0,0,0,0
3729.32,3000.0,1.24,12,20,0,45,0,0,0,0
5397.59,4500.0,1.2,7,3,0,42,0,0,1,0
7288.38,1500.0,4.86,16,26,3,24,1,0,1,0
5508.98,6000.0,0.92,9,26,0,20,0,0,0,0
3659.0,3000.0,1.22,12,21,0,46,0,0,0,0
3547.98,4500.0,0.79,7,7,0,48,0,0,0,0
6874.14,8000.0,0.86,18,18,0,23,0,0,0,0
2470.59,2000.0,1.24,10,6,0,30,0,0,0,0
3988.06,4500.0,0.89,14,2,0,14,0,0,0,0
7866.02,2500.0,3.15,20,16,8,50,1,1,2,1
4786.32,8000.0,0.6,21,21,0,12,0,0,0,0
4205.78,3000.0,1.4,15,24,1,19,0,1,0,0
17310.31,4500.0,3.85,17,28,5,42,1,1,1,0
2035.63,2500.0,0.81,10,25,0,39,0,0,0,0
4535.7,3000.0,1.51,7,8,0,5,0,0,2,0
2746.51,1500.0,1.83,18,22,0,49,0,0,0,0
9419.83,12000.0,0.78,5,24,0,38,0,0,1,0
4002.76,3000.0,1.33,11,9,0,16,0,0,1,0
2472.88,4500.0,0.55,9,7,0,20,0,0,2,0
3377.48,4500.0,0.75,18,20,0,49,0,0,0,0
7267.52,8000.0,0.91,0,21,0,42,0,0,0,0
4086.8,2000.0,2.04,15,4,0,13,0,0,0,0
13099.84,12000.0,1.09,13,3,0,33,0,0,0,0
13078.67,6000.0,2.18,15,22,0,32,0,0,0,0
1741.56,2000.0,0.87,17,4,1,20,0,0,1,0
6004.15,8000.0,0.75,8,22,0,6,0,0,0,0
6189.06,4500.0,1.38,17,21,0,30,0,0,1,0
3791.96,4500.0,0.84,17,2,0,40,0,0,0,0
1888.37,1500.0,1.26,0,7,0,34,0,0,0,0
3176.63,4500.0,0.71,1,24,0,19,0,0,0,0
3673.88,4500.0,0.82,17,9,0,13,0,0,0,0
33075.4,2000.0,16.54,17,2,4,47,1,1,1,1
1541.52,3000.0,0.51,17,7,0,16,0,0,0,0
8995.26,12000.0,0.75,12,23,0,31,0,0,0,0
4938.57,6000.0,0.82,9,18,0,24,0,0,0,0
13970.12,6000.0,2.33,10,5,0,34,0,0,0,0
10749.95,12000.0,0.9,14,11,0,29,0,0,0,0
22120.1,4000.0,5.53,3,27,6,8,1,0,2,1
13544.53,8000.0,1.69,9,21,2,26,0,0,1,0
31794.59,6000.0,5.3,8,14,5,30,0,0,1,0
24187.47,4500.0,5.37,14,15,5,47,1,1,2,0
9095.2,4500.0,2.02,12,25,0,50,0,0,0,0
965.52,1500.0,0.64,14,3,0,49,0,1,0,0
6586.52,6000.0,1.1,8,6,0,16,0,0,0,0
1914.78,1500.0,1.28,10,24,0,36,0,0,0,0
1403.76,1500.0,0.94,11,17,0,15,0,0,0,0
3062.93,2500.0,1.23,11,8,0,44,0,0,1,0
993.97,1500.0,0.66,10,12,0,15,0,0,1,0
2466.64,1500.0,1.64,7,7,0,15,0,0,0,0
2710.45,2000.0,1.36,15,18,0,19,0,0,0,0
6206.05,6000.0,1.03,9,18,0,45,0,0,1,0
5821.59,2500.0,2.33,10,20,0,43,0,0,0,0
7727.73,12000.0,0.64,15,16,0,32,0,0,0,0
2544.43,2000.0,1.27,14,9,0,7,0,0,0,0
6698.17,1500.0,4.47,17,25,5,44,1,1,2,1
23188.84,4000.0,5.8,10,28,4,9,1,1,1,1
37347.78,2000.0,18.67,23,22,5,30,1,1,2,1
994.71,1500.0,0.66,8,24,0,10,0,0,0,0
3238.73,3000.0,1.08,14,21,0,44,0,0,0,0
4096.37,4500.0,0.91,15,11,0,29,0,0,0,0
2027.08,1500.0,1.35,14,9,0,40,0,0,0,0
1322.49,1500.0,0.88,20,28,0,39,0,0,0,0
10886.71,12000.0,0.91,21,28,0,46,0,0,0,0
2595.3,3000.0,0.87,20,8,0,22,0,0,0,0
2154.37,1500.0,1.44,9,4,0,23,0,0,0,0
15174.33,3000.0,5.06,13,24,5,38,0,0,1,0
19049.8,12000.0,1.59,17,10,0,35,0,0,0,0
4214.77,12000.0,0.35,15,26,2,24,0,0,0,0
1390.06,1500.0,0.93,9,26,0,11,0,0,0,0
1843.62,2500.0,0.74,16,21,0,17,0,0,0,0
5233.2,4500.0,1.16,11,9,1,13,0,0,0,0
18317.5,8000.0,2.29,19,6,1,23,0,0,0,0
5856.2,4500.0,1.3,19,24,0,32,0,0,0,0
8338.75,6000.0,1.39,19,15,0,34,0,0,0,0
4406.53,4500.0,0.98,10,11,0,34,0,0,1,0
12784.57,12000.0,1.07,8,28,0,6,0,0,0,0
2643.4,2000.0,1.32,18,27,0,38,0,0,0,0
4939.53,6000.0,0.82,8,18,0,15,0,0,0,0
4419.03,2500.0,1.77,18,20,0,11,0,0,0,0
12080.35,12000.0,1.01,16,21,0,32,0,0,0,0
4317.93,4500.0,0.96,21,12,0,36,0,0,0,0
12256.14,12000.0,1.02,12,27,0,41,0,0,0,0
21658.17,12000.0,1.8,15,13,0,12,0,0,0,0
7204.33,4500.0,1.6,11,13,0,49,0,0,0,0
4157.72,4500.0,0.92,17,9,0,28,0,0,0,0
6474.36,8000.0,0.81,7,17,0,25,0,0,0,0
6355.0,6000.0,1.06,8,17,0,12,0,0,1,0
2109.32,1500.0,1.41,13,26,1,7,0,0,0,0
13160.61,3000.0,4.39,12,22,3,45,0,1,2,0
3074.01,2500.0,1.23,8,4,0,11,0,0,0,0
1825.09,2000.0,0.91,20,17,0,41,0,0,0,0
5571.55,6000.0,0.93,10,20,0,28,0,0,0,0
6950.81,8000.0,0.87,13,19,0,39,0,0,0,0
5756.57,8000.0,0.72,11,15,0,21,0,0,0,0
11092.06,2000.0,5.55,19,21,5,31,0,0,1,0
4453.14,2500.0,1.78,12,6,0,14,0,0,0,0
1761.3,2500.0,0.7,11,11,0,45,0,0,0,0
2799.83,2000.0,1.4,15,21,0,24,0,1,1,0
873.19,2000.0,0.44,19,24,0,43,0,0,0,0
1324.81,1500.0,0.88,9,11,0,6,0,0,0,0
4886.73,8000.0,0.61,19,1,0,49,0,0,0,0
2385.31,2500.0,0.95,18,18,1,19,0,0,0,0
19121.69,12000.0,1.59,11,23,0,45,0,0,0,0
17365.11,8000.0,2.17,19,4,0,21,0,0,0,0
5166.33,6000.0,0.86,14,12,0,5,0,0,0,0
1538.42,3000.0,0.51,14,22,0,44,0,0,0,0
12202.02,3000.0,4.07,8,12,5,34,1,0,2,1
2423.93,2000.0,1.21,17,16,0,28,0,0,0,0
937.83,3000.0,0.31,15,28,0,9,0,0,0,0
6143.73,4500.0,1.37,19,16,0,9,0,0,0,0
8474.35,6000.0,1.41,10,6,0,6,0,0,0,0
1059.62,2000.0,0.53,9,24,1,36,0,0,0,0
595.1,1500.0,0.4,8,28,0,35,0,0,0,0
7144.77,8000.0,0.89,14,13,0,29,0,0,0,0
1537.33,2500.0,0.61,17,8,0,6,0,0,0,0
1831.36,1500.0,1.22,15,12,0,31,0,0,0,0
3636.92,6000.0,0.61,11,11,0,13,0,0,0,0
6654.46,1500.0,4.44,9,7,4,14,1,1,1,0
5351.11,6000.0,0.89,15,22,0,23,0,0,0,0
4486.61,6000.0,0.75,17,14,0,47,0,0,0,0
3945.89,3000.0,1.32,9,18,0,7,0,0,0,0
5022.36,3000.0,1.67,1,4,0,6,1,0,0,0
3026.75,3000.0,1.01,7,23,0,6,0,0,0,0
7455.94,8000.0,0.93,7,25,0,15,0,0,0,0
22231.63,6000.0,3.71,14,1,3,17,1,0,1,0
18034.54,12000.0,1.5,8,28,0,49,0,0,0,0
2237.92,2000.0,1.12,9,18,0,7,0,0,0,0
1416.53,2000.0,0.71,13,15,1,46,0,0,1,0
10706.82,8000.0,1.34,10,9,0,43,0,0,0,0
1383.48,2500.0,0.55,6,10,0,7,0,0,0,0
5830.76,6000.0,0.97,12,1,0,37,0,0,0,0
3181.23,2000.0,1.59,16,14,0,49,0,0,0,0
10114.55,8000.0,1.26,19,19,0,28,0,0,0,0
6652.45,8000.0,0.83,18,5,0,26,0,0,0,0
7949.22,1500.0,5.3,8,23,4,8,1,1,0,0
2810.77,4500.0,0.62,5,11,1,38,0,0,0,0
2088.01,3000.0,0.7,13,14,0,30,0,0,0,0
3129.47,4500.0,0.7,12,7,0,50,0,0,0,0
1258.63,1500.0,0.84,6,5,0,13,0,0,0,0
9785.31,6000.0,1.63,10,14,0,41,0,0,0,0
1238.08,1500.0,0.83,15,25,0,32,0,0,0,0
8755.86,1500.0,5.84,16,2,3,10,1,0,1,0
8597.49,1500.0,5.73,7,22,4,32,1,0,1,0
2215.06,3000.0,0.74,17,11,0,45,0,0,0,0
4170.48,3000.0,1.39,15,18,1,30,0,0,0,0
6816.85,1500.0,4.54,17,14,5,39,1,0,1,0
15831.27,4500.0,3.52,10,23,3,46,1,1,1,0
8211.74,12000.0,0.68,17,28,0,38,0,0,0,0
4955.64,4500.0,1.1,8,18,0,12,0,0,0,0
2357.52,4500.0,0.52,9,2,0,15,0,0,0,0
1464.35,1500.0,0.98,16,9,0,18,0,0,0,0
1401.47,2000.0,0.7,16,21,0,6,0,0,0,0
9296.98,8000.0,1.16,6,10,0,26,0,0,0,0
7573.79,2000.0,3.79,15,5,5,19,1,1,1,0
6899.42,8000.0,0.86,22,14,0,16,0,0,0,0
6996.32,8000.0,0.87,11,20,0,14,0,0,0,0
1130.37,1500.0,0.75,18,3,0,46,1,0,0,0
7845.23,6000.0,1.31,10,7,0,7,0,0,0,0
26357.22,12000.0,2.2,16,5,0,33,0,0,0,0
2392.32,3000.0,0.8,9,18,0,26,0,0,0,0
2801.86,1500.0,1.87,13,2,1,17,0,0,0,0
44888.57,8000.0,5.61,15,17,3,39,1,1,1,0
3093.08,2500.0,1.24,9,21,0,32,0,0,0,0
5476.1,8000.0,0.68,9,11,0,39,0,0,0,0
930.15,1500.0,0.62,21,1,0,20,0,0,0,0
2761.15,6000.0,0.46,13,10,0,6,0,0,0,0
2003.52,3000.0,0.67,17,26,0,48,0,0,0,0
2018.0,1500.0,1.35,14,8,0,39,0,0,0,0
6066.13,8000.0,0.76,14,9,0,42,1,0,0,0
47230.85,3000.0,15.74,12,14,2,25,1,1,0,1
7264.44,8000.0,0.91,14,14,0,47,0,0,0,0
1626.62,2000.0,0.81,9,14,0,38,0,0,0,0
32504.6,8000.0,4.06,11,5,4,21,1,0,0,0
2266.19,2000.0,1.13,15,1,1,20,0,0,0,0
1403.15,1500.0,0.94,22,24,0,19,0,0,0,0
4561.89,4500.0,1.01,10,6,0,36,0,0,0,0
17835.3,3000.0,5.95,8,16,5,33,1,0,2,1
5417.56,1500.0,3.61,14,4,5,6,1,0,1,0
40835.74,8000.0,5.1,12,25,5,47,1,1,1,0
991.57,1500.0,0.66,10,13,0,28,0,0,0,0
12966.39,8000.0,1.62,11,4,0,41,1,0,0,0
9205.4,8000.0,1.15,22,13,0,46,0,0,0,0
2420.64,2000.0,1.21,11,11,0,19,0,0,0,0
5495.34,4500.0,1.22,10,4,1,38,0,0,0,0
2726.74,3000.0,0.91,13,21,0,11,0,0,0,0
5669.44,3000.0,1.89,16,1,0,42,0,0,1,0
5513.78,3000.0,1.84,18,7,0,29,0,0,0,0
5036.18,3000.0,1.68,13,14,0,14,0,0,0,0
6759.36,6000.0,1.13,12,20,0,48,0,0,0,0
2471.81,2000.0,1.24,18,23,1,43,0,0,0,0
1435.23,1500.0,0.96,12,8,0,12,0,0,0,0
13305.83,2500.0,5.32,12,20,4,18,1,0,1,0
1933.34,3000.0,0.64,17,3,0,33,0,0,0,0
2641.14,1500.0,1.76,19,27,0,16,0,0,0,0
8011.95,12000.0,0.67,18,12,0,30,0,0,0,0
4872.96,6000.0,0.81,8,19,0,17,0,0,0,0
5355.39,6000.0,0.89,15,25,0,50,0,0,0,0
1904.46,1500.0,1.27,17,2,0,24,0,0,0,0
1319.33,1500.0,0.88,12,17,0,35,0,0,0,0
1583.63,2000.0,0.79,9,5,0,25,0,0,0,0
9604.49,6000.0,1.6,11,25,0,19,0,0,0,0
6174.22,4500.0,1.37,14,17,0,34,0,0,0,0
5773.92,12000.0,0.48,11,3,1,15,0,0,1,0
36257.69,8000.0,4.53,14,9,5,46,1,0,1,0
6211.02,8000.0,0.78,11,27,0,37,0,0,0,0
3114.56,3000.0,1.04,12,16,0,50,0,0,0,0
14060.79,3000.0,4.69,13,22,4,22,1,0,1,0
69377.01,12000.0,5.78,12,22,3,5,1,0,0,0
64830.3,2000.0,32.42,2,1,4,46,1,1,2,1
1454.12,1500.0,0.97,7,24,0,11,0,0,1,0
2036.39,2000.0,1.02,15,20,0,50,0,0,0,0
2623.9,4500.0,0.58,16,6,0,46,0,0,0,0
2868.38,3000.0,0.96,5,4,0,46,0,0,0,0
7294.21,6000.0,1.22,18,20,0,30,0,0,1,0
4795.42,4500.0,1.07,17,19,0,45,0,0,1,0
3958.88,6000.0,0.66,22,26,0,29,0,0,0,0
1519.28,3000.0,0.51,14,10,0,11,0,0,0,0
4100.31,4500.0,0.91,15,12,0,8,0,0,1,0
9404.71,6000.0,1.57,7,16,0,13,0,0,0,0
5879.89,4500.0,1.31,9,3,0,26,0,0,0,0
11222.09,12000.0,0.94,0,12,0,40,0,0,0,0
9258.11,12000.0,0.77,15,6,2,43,0,0,0,0
4190.81,4500.0,0.93,19,25,0,29,0,0,0,0
6312.8,1500.0,4.21,15,24,5,49,1,1,1,1
13395.12,8000.0,1.67,7,13,2,25,0,0,0,0
2941.84,1500.0,1.96,10,11,0,29,0,0,0,0
954.05,2000.0,0.48,12,9,0,46,0,0,0,0
2071.63,2000.0,1.04,15,24,0,25,0,0,0,0
1690.58,3000.0,0.56,21,10,0,31,0,0,0,0
4762.21,3000.0,1.59,18,26,0,10,0,0,1,0
3207.12,6000.0,0.53,17,14,1,14,0,0,0,0
949.52,3000.0,0.32,12,13,0,45,0,0,1,0
3476.78,3000.0,1.16,14,3,0,19,0,0,0,0
878.41,2500.0,0.35,9,23,2,14,0,0,1,0
3577.37,4500.0,0.79,11,19,0,18,0,1,0,0
5992.96,8000.0,0.75,15,21,0,29,0,0,0,0
870.09,2000.0,0.44,19,16,0,38,0,0,0,0
1822.29,1500.0,1.21,7,17,1,32,0,0,0,0
67889.71,4000.0,16.97,18,5,4,47,1,0,2,1
7282.0,8000.0,0.91,9,6,0,37,1,0,0,0
8371.19,6000.0,1.4,17,27,0,16,1,0,0,0
815.26,1500.0,0.54,6,17,0,21,0,0,0,0
1392.0,3000.0,0.46,8,13,0,46,0,0,0,0
35267.51,6000.0,5.88,22,28,5,38,0,0,1,0
1608.54,1500.0,1.07,8,21,0,48,0,0,0,0
1388.23,3000.0,0.46,1,27,0,35,0,0,0,0
7724.57,12000.0,0.64,9,16,0,14,0,0,0,0
5273.67,4500.0,1.17,6,10,0,10,0,0,0,0
55844.38,12000.0,4.65,9,20,3,29,1,0,1,0
1085.34,1500.0,0.72,15,3,0,38,0,0,1,0
3683.03,4500.0,0.82,9,9,0,18,0,0,0,0
1800.96,1500.0,1.2,8,9,1,14,0,0,0,0
4394.55,6000.0,0.73,13,3,0,21,0,0,0,0
67654.35,12000.0,5.64,17,16,3,18,1,0,1,0
5335.22,4500.0,1.19,13,4,0,18,0,0,0,0
1094.61,1500.0,0.73,22,26,0,5,0,0,0,0
11157.71,12000.0,0.93,11,10,0,7,0,0,0,0
4647.11,2000.0,2.32,16,14,0,24,0,0,0,0
12620.5,12000.0,1.05,19,10,0,41,0,0,0,0
2467.64,2000.0,1.23,2,18,0,41,0,0,0,0
3539.62,2500.0,1.42,19,17,1,40,0,0,0,0
12883.3,3000.0,4.29,18,15,3,18,1,0,1,0
1298.67,2000.0,0.65,8,1,0,50,0,0,0,0
26993.8,2500.0,10.8,9,25,3,34,1,1,2,1
82708.2,4000.0,20.68,1,3,4,5,1,1,1,1
1844.02,2500.0,0.74,16,18,0,35,0,0,0,0
7865.85,6000.0,1.31,17,15,0,18,0,0,0,0
13145.91,3000.0,4.38,15,17,3,47,0,0,2,0
8652.87,8000.0,1.08,10,24,0,13,0,0,0,0
1610.03,3000.0,0.54,18,8,0,13,0,0,0,0
1413.25,1500.0,0.94,19,1,0,47,0,0,0,0
3132.25,1500.0,2.09,12,3,0,34,0,0,0,0
4815.4,4500.0,1.07,9,24,0,28,0,0,1,0
9094.08,4500.0,2.02,16,22,0,47,0,0,0,0
6179.17,6000.0,1.03,18,8,0,8,0,0,0,0
1706.44,6000.0,0.28,15,23,0,33,0,0,0,0
26108.14,4500.0,5.8,20,14,4,45,1,0,1,0
4526.21,2500.0,1.81,7,26,0,21,0,0,0,0
32475.41,3000.0,10.83,4,2,7,25,1,1,2,1
1528.75,2500.0,0.61,8,28,0,23,0,0,1,0
23308.92,4500.0,5.18,15,13,5,26,0,0,0,0
65124.1,2500.0,26.05,12,6,4,14,1,0,1,1
6014.94,6000.0,1.0,8,16,0,9,0,0,0,0
2100.33,2000.0,1.05,16,9,0,29,0,0,2,0
11065.86,12000.0,0.92,14,10,0,5,0,0,0,0
14653.5,2500.0,5.86,0,19,4,28,1,0,1,0
10478.83,12000.0,0.87,11,14,0,12,0,0,0,0
1532.29,1500.0,1.02,11,6,1,40,0,0,0,0
8349.05,8000.0,1.04,8,8,0,12,0,0,0,0
8707.32,6000.0,1.45,14,15,0,48,0,0,1,0
2102.85,2000.0,1.05,11,17,0,28,0,0,0,0
2816.87,4500.0,0.63,11,22,0,24,0,0,0,0
833.16,1500.0,0.56,7,2,0,41,0,0,0,0
4508.65,6000.0,0.75,17,13,0,38,0,0,0,0
10412.03,8000.0,1.3,12,3,0,38,0,0,0,0
7371.47,12000.0,0.61,13,17,0,13,0,0,0,0
968.0,2000.0,0.48,19,25,0,18,0,0,0,0
1717.26,2000.0,0.86,13,24,0,8,1,0,0,0
3118.8,6000.0,0.52,20,16,0,20,0,0,0,0
7288.65,8000.0,0.91,12,7,0,29,1,0,1,0
2704.09,3000.0,0.9,11,9,0,38,0,0,0,0
18357.45,8000.0,2.29,16,5,0,19,0,0,0,0
1926.78,1500.0,1.28,9,12,0,22,0,0,0,0
3924.36,2500.0,1.57,16,22,0,7,0,0,0,0
1980.69,2000.0,0.99,13,14,2,29,0,0,0,0
11812.1,12000.0,0.98,11,13,0,9,0,0,0,0
4422.54,3000.0,1.47,13,28,0,10,0,0,1,0
7251.44,3000.0,2.42,9,27,0,31,0,0,0,0
27755.45,4000.0,6.94,19,14,11,45,1,1,1,1
11834.16,12000.0,0.99,13,19,0,25,0,0,1,0
1153.41,1500.0,0.77,16,14,0,7,0,0,2,0
6894.42,4500.0,1.53,17,13,0,35,0,0,1,0
10342.69,8000.0,1.29,20,19,0,31,0,0,0,0
1747.86,1500.0,1.17,15,7,0,23,0,0,0,0
2502.91,2000.0,1.25,9,10,0,41,0,0,0,0
3748.77,4500.0,0.83,15,2,0,39,0,0,0,0
3610.05,6000.0,0.6,16,26,0,33,0,0,1,0
4174.08,2500.0,1.67,1,3,0,11,0,0,0,0
8614.62,6000.0,1.44,14,26,0,15,0,0,0,0
16410.92,4500.0,3.65,14,5,3,11,0,1,1,0
12351.72,6000.0,2.06,12,3,1,30,0,0,0,0
4912.28,6000.0,0.82,20,13,0,9,0,0,0,0
8791.66,6000.0,1.47,9,3,0,10,0,0,0,0
2163.1,2000.0,1.08,12,14,1,14,0,0,0,0
1139.72,1500.0,0.76,14,16,0,15,0,0,0,0
4105.29,4500.0,0.91,12,25,2,21,0,0,1,0
2323.99,3000.0,0.77,18,12,0,36,0,0,1,0
2307.25,2000.0,1.15,13,5,1,20,0,0,1,0
2091.29,1500.0,1.39,9,1,0,16,0,0,0,0
30603.58,8000.0,3.83,20,7,4,22,1,0,0,0
11710.76,12000.0,0.98,14,28,1,32,0,0,1,0
10251.57,6000.0,1.71,12,6,0,14,0,0,1,0
1774.42,2000.0,0.89,18,27,0,24,0,0,0,0
3979.14,2500.0,1.59,5,23,0,20,0,0,1,0
8581.91,1500.0,5.72,14,7,4,33,1,1,0,0
5759.43,12000.0,0.48,9,24,0,45,0,1,0,0
5125.88,6000.0,0.85,8,21,0,30,0,0,0,0
10116.53,2500.0,4.05,21,4,4,29,1,0,1,0
22107.8,6000.0,3.68,9,19,3,20,1,1,1,0
954.61,1500.0,0.64,18,14,2,35,0,0,0,0
6151.03,6000.0,1.03,11,28,0,39,0,0,0,0
5096.39,4500.0,1.13,16,18,1,35,0,0,0,0
5413.9,3000.0,1.8,18,25,2,20,0,0,1,0
2578.46,2500.0,1.03,20,18,0,22,0,0,0,0
6014.92,4500.0,1.34,14,8,0,28,0,0,0,0
1750.66,2500.0,0.7,10,19,0,48,0,1,0,0
20717.88,4000.0,5.18,1,26,8,35,1,0,2,1
7012.23,2000.0,3.51,9,10,4,45,1,1,1,0
1625.16,1500.0,1.08,12,9,0,28,0,0,0,0
62290.6,12000.0,5.19,7,20,3,27,1,0,1,0
3061.74,2000.0,1.53,19,21,2,44,0,0,0,0
10189.92,12000.0,0.85,9,9,0,37,0,0,0,0
957.01,1500.0,0.64,19,12,0,29,0,0,0,0
2613.82,4500.0,0.58,8,9,0,31,0,0,0,0
976.01,1500.0,0.65,10,23,0,31,0,0,0,0
2350.39,2500.0,0.94,10,21,0,36,0,0,0,0
2919.74,2500.0,1.17,15,5,0,39,0,0,0,0
2370.02,2500.0,0.95,11,8,0,26,0,0,0,0
40463.96,2000.0,20.23,0,11,4,27,1,1,2,1
8256.66,12000.0,0.69,21,22,0,27,0,0,0,0
2982.36,2500.0,1.19,13,11,0,46,0,0,0,0
41420.49,8000.0,5.18,16,5,4,49,1,0,1,0
30296.42,1500.0,20.2,2,7,7,6,1,1,2,1
2327.15,2500.0,0.93,12,22,1,36,0,0,0,0
1909.83,2000.0,0.95,11,4,0,18,0,0,0,0
2010.36,1500.0,1.34,19,5,0,16,0,0,0,0
21850.66,12000.0,1.82,11,8,0,12,0,0,0,0
1600.56,1500.0,1.07,12,27,0,50,0,0,1,0
11454.87,12000.0,0.95,21,14,0,5,0,0,0,0
4436.78,3000.0,1.48,14,27,0,17,0,0,0,0
17632.69,4500.0,3.92,20,27,3,40,1,0,1,0
18152.74,4500.0,4.03,10,7,4,38,1,0,1,0
53968.12,12000.0,4.5,10,1,4,5,1,1,1,0
7554.77,6000.0,1.26,12,21,0,14,0,0,0,0
2212.64,2000.0,1.11,20,19,0,26,0,0,0,0
1762.69,1500.0,1.18,6,18,0,42,0,0,0,0
1755.09,1500.0,1.17,22,6,0,25,0,0,0,0
13277.22,3000.0,4.43,15,20,5,46,0,0,1,0
2756.12,2500.0,1.1,18,7,0,17,0,0,0,0
3863.88,4500.0,0.86,17,8,1,17,1,0,0,0
1804.52,1500.0,1.2,7,10,1,18,0,0,0,0
4127.99,6000.0,0.69,18,2,0,18,0,0,0,0
4985.41,4500.0,1.11,18,10,0,42,0,0,0,0
7034.53,4500.0,1.56,8,4,0,36,0,0,0,0
2890.86,4500.0,0.64,16,15,0,22,0,0,0,0
7662.2,1500.0,5.11,15,19,4,41,1,1,1,0
4717.26,6000.0,0.79,18,19,0,50,0,0,0,0
41462.93,8000.0,5.18,12,20,4,13,1,0,0,0
1179.73,2000.0,0.59,21,9,0,47,0,0,0,0
1297.05,2000.0,0.65,18,28,1,6,0,0,0,0
4005.25,3000.0,1.34,13,27,0,20,0,0,0,0
5634.9,1500.0,3.76,5,11,6,20,0,1,2,1
42414.88,8000.0,5.3,17,3,4,46,1,1,1,0
3540.25,2500.0,1.42,20,2,0,38,0,0,0,0
13086.12,12000.0,1.09,18,24,1,14,0,0,0,0
19291.55,4500.0,4.29,8,14,3,8,0,1,0,0
8627.57,12000.0,0.72,18,11,0,46,0,0,0,0
13012.74,2500.0,5.21,5,18,3,37,0,1,1,0
5824.7,4500.0,1.29,16,25,0,17,0,0,0,0
10873.46,2000.0,5.44,13,2,4,17,0,1,1,0
3784.83,3000.0,1.26,14,21,0,50,0,0,0,0
6821.06,4500.0,1.52,11,10,1,38,0,0,0,0
2249.7,6000.0,0.37,10,19,0,27,0,0,0,0
2190.35,2000.0,1.1,13,23,1,15,0,0,0,0
7895.36,6000.0,1.32,12,1,0,7,0,0,0,0
3664.08,4500.0,0.81,11,24,0,21,0,0,0,0
1358.58,1500.0,0.91,12,22,1,16,0,0,0,0
22268.04,6000.0,3.71,10,4,3,38,1,0,2,0
8291.66,8000.0,1.04,12,23,1,19,0,0,0,0
7558.44,1500.0,5.04,12,13,4,9,1,0,1,0
1439.28,2500.0,0.58,10,2,0,42,0,0,0,0
2055.43,2500.0,0.82,17,16,0,43,0,1,0,0
3406.99,2500.0,1.36,8,5,0,27,0,0,0,0
1923.03,2500.0,0.77,20,26,0,41,0,1,1,0
3495.7,6000.0,0.58,10,26,0,37,0,0,0,0
28222.69,8000.0,3.53,10,12,5,47,0,1,0,0
2974.14,3000.0,0.99,11,20,0,17,0,0,0,0
3283.18,2500.0,1.31,13,15,0,15,0,0,0,0
1695.42,1500.0,1.13,13,26,0,35,0,0,0,0
4260.05,6000.0,0.71,10,8,0,19,1,0,0,0
1937.41,2000.0,0.97,21,9,0,16,0,0,0,0
3777.35,4500.0,0.84,13,14,0,36,0,0,0,0
4016.57,3000.0,1.34,15,14,0,6,0,0,0,0
1161.7,2000.0,0.58,11,23,0,23,0,0,0,0
1482.5,2500.0,0.59,14,10,0,31,0,0,0,0
15615.43,8000.0,1.95,14,16,1,19,0,0,0,0
2583.66,2500.0,1.03,13,22,0,44,0,0,0,0
4168.16,6000.0,0.69,10,14,0,14,0,0,0,0
9233.2,2500.0,3.69,9,19,3,37,1,1,1,0
2137.03,2500.0,0.85,15,19,0,10,0,0,0,0
4232.87,4500.0,0.94,18,26,0,13,0,0,0,0
1022.54,1500.0,0.68,23,8,0,26,0,0,0,0
4060.12,2500.0,1.62,11,23,0,16,0,0,1,0
2525.71,3000.0,0.84,17,6,0,20,0,0,0,0
12949.92,12000.0,1.08,8,28,1,11,0,0,0,0
6616.9,6000.0,1.1,16,24,1,25,0,0,0,0
2305.29,3000.0,0.77,10,17,0,44,0,0,0,0
32001.26,8000.0,4.0,10,16,4,49,1,0,1,0
10221.28,4500.0,2.27,14,9,0,18,0,0,0,0
1726.31,1500.0,1.15,6,23,1,6,0,0,0,0
3744.77,2500.0,1.5,9,13,2,21,0,0,0,0
54272.99,12000.0,4.52,15,14,4,6,0,0,0,0
5094.03,6000.0,0.85,10,9,0,35,0,0,0,0
2416.22,2000.0,1.21,18,17,0,22,1,0,0,0
2056.91,2500.0,0.82,11,5,0,9,0,0,0,0
4269.81,4500.0,0.95,15,1,0,8,0,0,1,0
2294.23,1500.0,1.53,11,11,0,6,0,0,0,0
1579.35,1500.0,1.05,11,3,0,16,0,0,0,0
2371.29,2000.0,1.19,19,9,0,41,0,0,0,0
4333.98,2500.0,1.73,17,12,1,40,0,0,0,0
8967.66,6000.0,1.49,12,15,0,6,0,0,0,0
2968.35,2000.0,1.48,12,16,0,31,0,0,0,0
4070.29,2000.0,2.04,18,28,0,16,0,0,0,0
2790.08,3000.0,0.93,17,18,0,39,0,0,0,0
871.17,1500.0,0.58,8,7,0,10,0,0,0,0
34860.14,6000.0,5.81,12,9,5,35,1,0,0,0
4847.92,6000.0,0.81,11,15,0,23,0,0,0,0
8628.44,8000.0,1.08,12,10,0,13,0,0,0,0
2195.06,2000.0,1.1,15,18,1,41,0,0,0,0
1940.59,1500.0,1.29,8,28,1,17,0,0,0,0
6846.4,8000.0,0.86,10,22,0,18,0,0,0,0
8931.8,6000.0,1.49,15,4,0,48,0,0,0,0
7958.27,6000.0,1.33,10,23,2,33,0,0,1,0
5425.22,6000.0,0.9,13,23,0,28,0,0,0,0
4440.16,4500.0,0.99,20,27,0,43,0,0,1,0
2375.85,2500.0,0.95,12,20,0,19,0,0,0,0
6000.32,6000.0,1.0,14,14,0,45,0,0,0,0
4058.78,2000.0,2.03,15,9,0,10,0,0,0,0
2898.05,4500.0,0.64,9,18,0,49,0,0,0,0
28122.32,6000.0,4.69,19,21,3,34,1,1,1,0
8223.61,8000.0,1.03,17,20,0,13,0,0,0,0
47272.45,1500.0,31.51,2,9,4,26,1,1,2,1
5144.13,6000.0,0.86,20,28,0,14,0,0,0,0
7043.25,1500.0,4.7,10,19,5,32,1,1,1,0
2255.34,2500.0,0.9,9,22,0,22,0,0,0,0
1426.12,1500.0,0.95,15,6,0,44,0,0,0,0
12023.42,8000.0,1.5,12,15,1,33,0,0,0,0
1676.69,2500.0,0.67,8,7,0,45,0,0,0,0
1940.36,3000.0,0.65,14,10,0,19,0,0,0,0
8095.89,8000.0,1.01,13,15,0,25,0,0,0,0
8053.91,8000.0,1.01,2,8,0,40,0,0,1,0
1076.13,1500.0,0.72,11,15,0,32,0,0,0,0
3258.65,3000.0,1.09,12,15,0,10,0,0,1,0
59539.59,4000.0,14.88,23,3,6,47,1,1,1,1
3759.8,3000.0,1.25,5,9,0,36,0,0,0,0
9961.08,8000.0,1.25,17,1,0,15,0,0,0,0
11213.72,12000.0,0.93,19,14,0,13,1,0,0,0
3287.25,6000.0,0.55,18,23,0,16,0,0,0,0
2529.76,2500.0,1.01,7,26,1,25,0,0,0,0
2763.07,3000.0,0.92,13,12,0,30,0,0,1,0
5758.5,4500.0,1.28,18,28,0,47,0,0,1,0
1603.8,1500.0,1.07,18,25,0,33,0,0,0,0
1042.49,1500.0,0.69,9,9,0,7,0,0,0,0
7877.33,6000.0,1.31,14,5,0,44,0,0,0,0
9985.58,2000.0,4.99,14,26,3,22,1,1,1,0
2423.1,3000.0,0.81,19,23,0,18,0,0,0,0
11304.71,6000.0,1.88,7,21,0,34,0,0,0,0
1768.84,2000.0,0.88,2,6,0,37,0,0,0,0
3402.22,6000.0,0.57,12,19,0,34,0,0,0,0
7781.85,6000.0,1.3,11,2,0,43,0,0,0,0
984.49,1500.0,0.66,12,7,0,45,0,0,1,0
670.93,1500.0,0.45,14,21,0,49,0,0,0,0
5782.7,4500.0,1.29,19,24,0,6,0,0,0,0
4771.49,3000.0,1.59,15,5,0,29,0,0,0,0
2204.42,3000.0,0.73,13,28,0,11,0,0,0,0
3746.38,4500.0,0.83,21,15,0,24,0,0,1,0
6668.66,12000.0,0.56,7,24,0,27,0,0,0,0
8427.18,6000.0,1.4,15,24,0,40,0,0,0,0
2422.06,1500.0,1.61,13,12,0,39,0,0,0,0
18639.43,4500.0,4.14,15,3,5,42,0,0,1,0
134776.78,4000.0,33.69,1,22,5,25,1,1,2,1
2223.23,2500.0,0.89,10,4,0,7,0,0,0,0
24665.64,4000.0,6.17,20,2,8,18,1,0,2,1
4778.36,4500.0,1.06,18,18,1,9,0,0,0,0
11806.3,12000.0,0.98,6,17,0,16,0,0,0,0
1008.05,2000.0,0.5,16,4,0,28,0,0,0,0
1916.46,2000.0,0.96,18,7,0,24,0,0,1,0
12152.97,6000.0,2.03,9,1,0,43,0,0,1,0
6074.02,12000.0,0.51,8,26,0,43,0,0,0,0
2283.51,1500.0,1.52,18,12,0,10,0,0,0,0
71172.59,12000.0,5.93,18,24,5,8,1,0,1,0
59011.41,12000.0,4.92,10,13,3,22,1,0,1,0
13707.17,12000.0,1.14,15,21,0,45,0,0,1,0
7166.67,8000.0,0.9,19,19,0,26,0,0,0,0
2183.59,2000.0,1.09,17,13,0,11,0,0,0,0
2426.72,3000.0,0.81,14,18,1,35,0,0,2,0
1317.95,2000.0,0.66,0,7,0,29,0,0,0,0
5664.32,8000.0,0.71,18,25,0,48,0,0,0,0
2272.58,2500.0,0.91,11,11,0,22,0,0,0,0
17584.3,3000.0,5.86,13,10,4,46,1,0,1,0
2249.04,2000.0,1.12,18,2,0,25,0,0,0,0
4578.09,3000.0,1.53,16,8,1,19,0,0,0,0
14910.3,12000.0,1.24,1,20,0,5,0,0,1,0
25434.02,6000.0,4.24,19,2,4,32,1,0,1,0
10499.16,2000.0,5.25,15,23,4,7,1,0,1,0
7913.46,1500.0,5.28,14,5,4,21,1,1,1,0
19158.59,12000.0,1.6,20,14,0,21,0,0,0,0
6497.72,8000.0,0.81,0,8,0,12,0,0,0,0
3882.33,4500.0,0.86,4,10,0,34,0,0,0,0
6394.5,6000.0,1.07,11,14,0,18,0,0,0,0
10705.71,8000.0,1.34,8,13,0,50,1,0,0,0
15584.0,12000.0,1.3,8,19,0,41,0,0,0,0
23275.56,4500.0,5.17,18,8,4,46,1,0,1,0
8332.51,8000.0,1.04,10,11,0,49,0,0,0,0
1873.05,2500.0,0.75,13,9,0,13,0,0,0,0
10531.57,8000.0,1.32,17,3,0,8,0,0,0,0
1004.67,1500.0,0.67,10,4,0,30,0,0,0,0
2417.13,2500.0,0.97,8,17,0,32,0,0,0,0
65153.96,12000.0,5.43,6,22,4,25,1,1,1,0
44768.18,12000.0,3.73,11,26,5,10,0,0,1,0
3380.67,2500.0,1.35,12,22,0,29,0,0,1,0
4269.71,3000.0,1.42,8,13,0,7,0,0,0,0
4410.65,3000.0,1.47,9,20,0,6,0,0,0,0
7751.71,6000.0,1.29,12,27,0,44,0,0,0,0
3718.15,6000.0,0.62,21,5,0,7,0,0,0,0
6018.48,12000.0,0.5,13,10,0,5,0,0,0,0
755.42,1500.0,0.5,14,27,0,9,0,0,0,0
1644.29,3000.0,0.55,0,23,0,39,0,0,0,0
1200.19,1500.0,0.8,8,1,0,8,0,0,0,0
4486.26,8000.0,0.56,9,1,0,24,0,0,0,0
2618.76,2000.0,1.31,15,11,0,28,0,0,0,0
2757.54,3000.0,0.92,8,17,0,6,0,0,0,0
13687.98,12000.0,1.14,17,9,0,31,0,0,1,0
2835.09,2000.0,1.42,1,8,0,23,0,0,1,0
59520.56,12000.0,4.96,9,9,3,24,0,1,2,0
2219.41,1500.0,1.48,10,12,1,40,0,0,0,0
33622.42,1500.0,22.41,1,19,4,12,1,1,2,1
13634.53,2500.0,5.45,18,11,4,44,1,1,1,0
9394.19,2500.0,3.76,9,28,5,37,0,0,1,0
2177.06,1500.0,1.45,14,2,0,39,0,0,0,0
14775.92,3000.0,4.93,3,19,3,35,1,1,1,0
999.57,1500.0,0.67,19,24,0,5,0,0,0,0
5044.41,8000.0,0.63,14,7,0,9,0,0,0,0
2593.25,2000.0,1.3,14,5,1,49,0,0,0,0
2261.01,2000.0,1.13,13,22,0,23,0,0,0,0
3198.52,4500.0,0.71,12,26,1,35,0,0,0,0
7699.74,8000.0,0.96,17,17,1,40,0,0,0,0
1285.15,1500.0,0.86,10,16,0,45,0,0,0,0
5456.6,8000.0,0.68,12,8,0,48,0,0,0,0
12966.28,3000.0,4.32,12,21,5,25,1,1,2,1
2424.94,3000.0,0.81,18,12,0,22,0,0,1,0
4034.15,3000.0,1.34,22,8,0,45,0,0,1,0
5795.53,4500.0,1.29,10,17,0,15,0,0,1,0
44310.49,12000.0,3.69,12,23,3,18,0,1,0,0
3067.97,1500.0,2.05,19,28,0,32,0,0,0,0
2435.14,2000.0,1.22,17,28,1,43,0,0,0,0
1157.16,1500.0,0.77,16,20,0,14,0,0,0,0
2154.96,1500.0,1.44,17,23,0,12,0,0,0,0
1236.25,2000.0,0.62,18,24,0,8,0,0,0,0
13659.46,12000.0,1.14,19,25,0,23,0,0,0,0
33211.0,6000.0,5.54,12,11,4,36,0,0,0,0
10558.97,12000.0,0.88,18,19,0,7,0,0,0,0
6814.17,4500.0,1.51,18,3,1,22,0,0,0,0
9460.46,12000.0,0.79,16,28,1,12,0,0,0,0
2635.02,2500.0,1.05,13,4,1,25,0,0,0,0
2268.62,3000.0,0.76,15,17,0,10,0,0,0,0
3013.04,3000.0,1.0,2,6,0,42,0,0,1,0
1577.57,2000.0,0.79,15,28,0,40,0,0,0,0
9105.1,12000.0,0.76,21,5,0,19,0,0,2,0
19816.24,4500.0,4.4,16,28,3,44,0,0,1,0
7921.31,8000.0,0.99,21,12,0,31,0,0,1,0
1749.88,1500.0,1.17,17,12,1,44,0,0,0,0
2638.09,2500.0,1.06,15,22,0,28,0,0,0,0
3822.32,2000.0,1.91,11,25,0,6,0,0,0,0
62704.24,12000.0,5.23,8,19,5,50,1,0,1,0
1406.03,2000.0,0.7,18,1,0,18,0,0,0,0
6834.51,1500.0,4.56,8,20,4,16,1,0,1,0
2039.95,3000.0,0.68,13,20,0,33,0,0,0,0
2113.97,2000.0,1.06,19,26,0,21,0,0,0,0
3187.87,4500.0,0.71,17,13,1,22,0,0,0,0
3074.54,2500.0,1.23,16,18,0,47,0,0,0,0
17866.39,12000.0,1.49,10,2,0,20,0,0,0,0
1001.2,2000.0,0.5,13,23,0,21,0,0,0,0
14630.07,8000.0,1.83,11,28,0,7,0,0,0,0
1246.47,3000.0,0.42,17,5,0,50,0,0,1,0
4407.15,6000.0,0.73,16,27,2,40,0,0,1,0
11137.15,12000.0,0.93,13,17,1,44,0,0,0,0
10010.89,8000.0,1.25,16,11,0,21,0,0,1,0
1732.06,1500.0,1.15,11,11,0,42,0,0,0,0
5658.47,6000.0,0.94,8,5,0,25,0,0,0,0
1554.41,2000.0,0.78,17,12,1,17,0,0,0,0
86906.63,4000.0,21.73,17,12,6,23,1,0,2,1
26654.2,4500.0,5.92,16,16,5,29,0,0,1,0
4853.61,4500.0,1.08,16,14,0,23,0,0,0,0
1950.75,2000.0,0.98,11,21,0,40,0,0,0,0
1345.74,2000.0,0.67,6,8,1,6,0,0,0,0
2159.53,2000.0,1.08,13,12,0,11,0,0,0,0
1185.55,1500.0,0.79,16,26,0,18,0,0,0,0
4525.57,4500.0,1.01,17,3,0,50,0,0,0,0
1945.94,1500.0,1.3,19,7,1,39,0,0,2,0
2118.37,2000.0,1.06,17,8,0,35,0,0,0,0
4895.82,4500.0,1.09,9,3,0,8,0,0,0,0
1435.94,1500.0,0.96,1,15,1,42,0,0,0,0
3343.66,4500.0,0.74,21,25,0,29,0,0,0,0
8230.94,6000.0,1.37,12,2,0,19,0,0,0,0
18684.66,12000.0,1.56,16,21,0,32,0,0,0,0
3021.22,2500.0,1.21,21,5,0,22,0,0,0,0
6766.25,4500.0,1.5,14,1,0,28,0,0,0,0
6379.65,8000.0,0.8,19,9,0,39,0,0,0,0
3895.02,3000.0,1.3,11,6,1,38,0,0,0,0
7133.01,12000.0,0.59,17,5,0,38,0,0,0,0
12860.01,12000.0,1.07,9,6,0,15,0,0,0,0
2650.56,2500.0,1.06,16,28,0,38,0,0,0,0
1380.24,1500.0,0.92,23,7,0,14,0,0,0,0
3084.13,3000.0,1.03,14,13,1,38,0,0,0,0
48019.44,12000.0,4.0,15,5,4,20,0,0,2,0
10944.52,6000.0,1.82,9,24,0,26,0,0,1,0
5965.44,6000.0,0.99,11,20,0,43,0,0,0,0
4734.94,4500.0,1.05,11,24,0,20,0,0,0,0
10282.68,12000.0,0.86,12,5,0,37,0,0,0,0
9049.02,12000.0,0.75,12,6,1,49,0,0,1,0
2702.53,4500.0,0.6,18,21,0,11,0,1,0,0
1133.95,1500.0,0.76,14,14,0,24,0,0,0,0
94004.2,3000.0,31.33,1,3,3,33,1,1,2,1
6720.21,6000.0,1.12,11,7,0,12,0,0,0,0
44928.88,8000.0,5.62,10,15,3,15,1,0,1,0
13288.18,8000.0,1.66,18,21,0,12,0,0,0,0
2174.38,3000.0,0.72,17,28,0,14,0,0,0,0
21181.08,12000.0,1.77,12,18,2,18,0,0,0,0
2025.86,1500.0,1.35,18,25,0,46,0,0,1,0
1901.27,1500.0,1.27,12,16,0,46,0,0,0,0
2221.38,2000.0,1.11,19,26,0,49,0,0,1,0
18887.09,12000.0,1.57,11,4,0,15,0,0,0,0
42332.27,3000.0,14.11,3,9,5,8,1,1,2,1
5614.91,6000.0,0.94,2,3,0,16,0,0,1,0
4799.06,6000.0,0.8,18,25,0,50,0,0,0,0
3096.85,3000.0,1.03,13,2,0,7,0,0,0,0
7504.7,8000.0,0.94,18,9,0,43,0,0,0,0
2601.4,4500.0,0.58,19,7,0,17,0,0,0,0
2620.27,3000.0,0.87,1,16,0,41,0,1,0,0
10811.32,12000.0,0.9,11,13,0,18,0,0,0,0
6390.43,8000.0,0.8,10,22,0,21,0,0,0,0
17000.01,8000.0,2.13,12,14,0,44,0,0,1,0
2572.55,2000.0,1.29,15,15,1,31,0,0,0,0
24542.75,6000.0,4.09,14,14,3,10,0,1,0,0
2723.63,4500.0,0.61,8,13,0,39,0,0,0,0
10247.27,8000.0,1.28,7,22,0,24,0,0,0,0
5341.32,8000.0,0.67,20,18,0,24,0,0,1,0
2908.82,2000.0,1.45,6,13,0,20,0,0,1,0
5929.09,4500.0,1.32,6,12,0,19,0,0,0,0
2699.7,3000.0,0.9,19,17,0,22,0,0,0,0
7560.41,12000.0,0.63,11,3,0,33,0,0,0,0
13211.81,2500.0,5.28,13,20,5,42,0,0,2,0
19337.6,4500.0,4.3,9,24,5,11,1,0,1,0
3293.36,3000.0,1.1,11,16,0,11,1,0,0,0
129053.98,4000.0,32.26,2,11,6,18,1,1,2,1
8613.11,8000.0,1.08,14,14,0,27,0,0,0,0
2911.08,1500.0,1.94,21,14,0,7,0,0,0,0
6317.11,8000.0,0.79,17,2,0,34,0,0,0,0
1320.63,1500.0,0.88,8,8,1,8,0,0,0,0
3970.98,4500.0,0.88,20,9,0,26,0,0,0,0
8634.5,12000.0,0.72,14,4,0,41,0,0,1,0
33525.83,8000.0,4.19,18,25,3,20,0,1,1,0
1488.73,1500.0,0.99,17,6,0,25,0,0,0,0
717.31,1500.0,0.48,12,27,0,8,0,0,1,0
1753.81,1500.0,1.17,6,25,1,28,0,0,0,0
1992.52,2500.0,0.8,15,22,0,41,0,0,0,0
2453.65,2500.0,0.98,19,11,0,38,0,0,0,0
7612.19,4500.0,1.69,10,21,1,47,1,0,0,0
4311.24,6000.0,0.72,14,20,0,50,0,0,0,0
11876.42,2000.0,5.94,9,13,9,44,1,0,1,1
6009.3,4500.0,1.34,21,25,0,30,0,0,0,0
2591.98,2500.0,1.04,15,16,0,14,0,0,0,0
1533.18,2000.0,0.77,8,27,0,46,0,0,0,0
2951.72,2500.0,1.18,13,18,0,43,0,0,0,0
5695.73,6000.0,0.95,13,20,0,17,0,0,0,0
970.59,1500.0,0.65,19,28,0,50,0,0,0,0
3517.28,3000.0,1.17,8,17,0,50,0,0,0,0
4876.61,12000.0,0.41,2,2,0,8,0,0,0,0
3291.0,3000.0,1.1,22,14,1,21,0,0,1,0
6712.08,8000.0,0.84,14,12,1,37,0,0,0,0
9763.18,12000.0,0.81,12,12,1,38,0,0,0,0
5388.83,4500.0,1.2,17,16,0,40,0,0,0,0
1192.0,2500.0,0.48,10,27,0,10,0,1,0,0
12174.84,12000.0,1.01,7,15,0,23,0,0,1,0
6197.06,8000.0,0.77,8,11,0,41,0,0,1,0
2636.48,2000.0,1.32,9,12,0,29,0,0,0,0
1758.28,2000.0,0.88,8,18,0,35,0,0,0,0
1713.35,1500.0,1.14,13,10,1,6,1,0,0,0
2378.65,4500.0,0.53,19,16,0,20,0,0,0,0
10925.73,2000.0,5.46,22,10,5,32,1,1,2,1
1977.48,2000.0,0.99,21,3,0,35,0,0,0,0
13587.12,12000.0,1.13,7,10,0,22,0,0,0,0
17683.98,12000.0,1.47,13,11,1,34,0,0,0,0
4396.97,4500.0,0.98,19,6,0,39,0,0,0,0
724.98,1500.0,0.48,16,3,0,50,0,0,0,0
2883.84,3000.0,0.96,12,21,0,45,0,0,0,0
5808.82,8000.0,0.73,14,22,0,32,0,0,0,0
6283.53,12000.0,0.52,14,19,0,40,0,0,0,0
5016.67,3000.0,1.67,8,12,0,40,1,0,1,0
3418.01,1500.0,2.28,14,21,0,9,0,0,0,0
5045.27,6000.0,0.84,12,25,0,30,0,0,0,0
920.8,1500.0,0.61,12,6,0,39,0,0,0,0
22975.03,12000.0,1.91,23,1,0,45,0,0,0,0
3227.67,6000.0,0.54,18,4,0,49,0,0,0,0
1711.75,1500.0,1.14,21,18,0,15,0,0,0,0
2687.07,1500.0,1.79,8,2,0,36,0,0,0,0
8990.18,8000.0,1.12,15,12,0,44,0,0,0,0
8113.52,8000.0,1.01,18,22,0,46,0,0,1,0
15959.97,12000.0,1.33,7,8,2,43,0,0,0,0
624.47,1500.0,0.42,13,14,1,49,0,0,0,0
1738.55,2000.0,0.87,10,11,0,45,0,0,1,0
3820.32,2000.0,1.91,12,23,0,17,0,0,1,0
5597.18,4500.0,1.24,12,16,0,36,0,1,0,0
1660.04,2000.0,0.83,18,22,0,39,0,0,1,0
4836.54,4500.0,1.07,13,14,1,21,0,0,0,0
8652.37,1500.0,5.77,8,15,3,35,1,1,2,0
9307.04,12000.0,0.78,18,23,0,8,0,0,0,0
61095.41,2000.0,30.55,1,28,8,43,1,1,2,1
3497.68,2000.0,1.75,17,9,0,50,0,0,0,0
7904.68,8000.0,0.99,19,26,0,22,0,0,0,0
9107.64,12000.0,0.76,10,8,0,49,1,0,0,0
19035.49,4000.0,4.76,18,16,5,8,1,1,2,1
2331.31,2500.0,0.93,11,6,0,46,0,0,0,0
8281.18,6000.0,1.38,7,19,0,12,0,0,0,0
5129.64,4500.0,1.14,17,27,0,12,0,0,0,0
3882.75,2500.0,1.55,7,18,0,50,0,0,0,0
8169.05,8000.0,1.02,16,14,0,13,0,0,0,0
1745.28,1500.0,1.16,12,20,0,21,0,0,0,0
15384.99,3000.0,5.13,17,28,5,23,1,1,0,0
2557.58,2000.0,1.28,19,5,0,35,1,0,0,0
8709.13,8000.0,1.09,20,3,0,38,1,0,0,0
7930.89,1500.0,5.29,16,28,5,50,1,0,0,0
8473.44,4500.0,1.88,14,19,0,12,0,0,0,0
15793.6,12000.0,1.32,19,21,0,30,0,0,0,0
23757.38,12000.0,1.98,9,4,0,28,0,0,0,0
8623.45,1500.0,5.75,17,8,5,16,1,0,0,0
2539.14,2500.0,1.02,19,2,0,47,0,0,2,0
14580.59,12000.0,1.22,14,21,0,16,0,0,0,0
12838.07,2500.0,5.14,7,28,3,30,0,0,2,0
15471.29,12000.0,1.29,17,11,0,36,0,0,0,0
2278.41,2000.0,1.14,23,20,0,49,0,0,0,0
1005.59,1500.0,0.67,10,14,0,25,0,0,1,0
5343.16,4500.0,1.19,12,14,0,17,0,0,2,0
14576.84,12000.0,1.21,14,20,0,8,0,0,0,0
1440.03,1500.0,0.96,17,6,0,17,0,0,0,0
4595.0,4500.0,1.02,8,2,0,30,0,0,0,0
1034.06,2000.0,0.52,18,12,1,30,0,0,0,0
622.39,1500.0,0.41,16,9,0,25,0,0,0,0
7077.28,8000.0,0.88,11,17,0,24,0,0,0,0
1522.59,1500.0,1.02,17,7,0,32,0,0,0,0
9791.1,8000.0,1.22,18,2,0,49,0,0,0,0
1678.11,2500.0,0.67,10,17,0,15,0,0,0,0
8390.34,6000.0,1.4,17,20,0,13,0,0,0,0
988.07,2500.0,0.4,9,7,0,48,0,0,0,0
533.23,1500.0,0.36,11,7,0,18,0,0,0,0
2996.31,4500.0,0.67,20,14,1,42,0,0,0,0
3603.4,4500.0,0.8,18,2,0,30,1,0,1,0
3060.05,2500.0,1.22,10,13,0,5,0,0,0,0
10253.05,12000.0,0.85,11,3,1,41,0,0,0,0
4629.25,6000.0,0.77,10,28,0,9,0,0,0,0
88849.77,4000.0,22.21,4,8,3,25,1,1,2,1
1437.25,2000.0,0.72,14,8,0,26,0,0,0,0
10981.04,2500.0,4.39,14,14,5,12,1,0,1,0
3141.22,2500.0,1.26,15,9,0,24,0,0,0,0
4658.15,6000.0,0.78,20,14,0,22,0,0,0,0
11039.0,1500.0,7.36,10,1,12,11,0,0,2,1
19031.22,4500.0,4.23,19,3,5,37,0,1,1,0
2429.81,3000.0,0.81,7,17,0,34,0,0,0,0
9828.4,12000.0,0.82,6,6,0,27,0,0,0,0
34888.3,8000.0,4.36,17,22,5,29,1,0,0,0
7597.81,6000.0,1.27,10,2,1,50,0,1,0,0
4118.97,3000.0,1.37,19,3,0,49,0,0,1,0
1403.02,2500.0,0.56,18,8,0,40,0,0,0,0
16397.02,2500.0,6.56,12,12,9,26,1,1,2,1
2520.49,1500.0,1.68,13,2,0,27,0,0,0,0
5712.18,6000.0,0.95,9,1,0,29,0,0,0,0
8120.62,6000.0,1.35,16,13,0,27,0,0,0,0
17481.47,3000.0,5.83,11,27,5,36,1,0,1,0
2821.45,2000.0,1.41,14,8,0,5,0,0,0,0
2404.64,2500.0,0.96,11,8,0,49,0,1,0,0
1738.79,1500.0,1.16,13,10,0,26,0,0,0,0
3395.14,6000.0,0.57,9,22,0,45,0,0,0,0
5303.78,6000.0,0.88,21,18,0,43,0,0,0,0
8898.29,6000.0,1.48,15,23,1,10,0,0,0,0
21876.6,12000.0,1.82,10,21,1,21,0,0,0,0
4534.7,4500.0,1.01,14,14,0,48,0,0,1,0
959.25,1500.0,0.64,13,23,2,28,0,0,0,0
12185.73,3000.0,4.06,19,17,3,31,1,0,1,0
2385.52,2500.0,0.95,11,19,0,10,0,0,0,0
22916.8,6000.0,3.82,13,17,3,14,1,0,1,0
5809.56,1500.0,3.87,11,6,5,42,1,0,1,0
51296.99,2500.0,20.52,2,2,7,39,1,1,1,1
5748.1,8000.0,0.72,19,11,0,9,0,0,0,0
3247.31,1500.0,2.16,19,13,0,20,0,0,0,0
6536.68,6000.0,1.09,8,17,0,20,0,0,0,0
6102.71,12000.0,0.51,10,2,1,39,0,0,0,0
1591.88,2500.0,0.64,15,2,0,18,0,0,1,0
3192.36,3000.0,1.06,22,25,0,29,0,0,2,0
13194.44,8000.0,1.65,11,25,0,23,0,0,0,0
16173.64,12000.0,1.35,16,23,0,32,0,0,0,0
5777.66,6000.0,0.96,20,26,0,28,0,0,0,0
7723.61,8000.0,0.97,11,28,2,18,0,0,0,0
5125.17,4500.0,1.14,8,28,0,7,0,0,0,0
5210.05,12000.0,0.43,7,2,0,19,0,0,0,0
7345.77,6000.0,1.22,18,22,0,18,0,0,0,0
26610.84,6000.0,4.44,11,1,5,25,1,0,1,0
4873.43,8000.0,0.61,19,2,0,35,0,0,1,0
6527.45,8000.0,0.82,14,10,0,49,0,0,0,0
3384.17,3000.0,1.13,11,15,0,12,0,0,0,0
767.05,2000.0,0.38,9,20,0,38,0,0,0,0
11698.36,8000.0,1.46,22,25,0,38,0,0,0,0
4323.26,6000.0,0.72,15,10,0,14,0,0,0,0
11058.25,12000.0,0.92,15,26,0,27,0,0,0,0
30669.38,8000.0,3.83,0,8,3,44,1,0,1,0
20669.08,12000.0,1.72,22,14,0,30,0,0,0,0
8028.51,6000.0,1.34,15,26,0,44,0,0,0,0
23108.44,6000.0,3.85,18,12,3,31,0,1,1,0
2640.59,3000.0,0.88,14,20,0,36,0,0,0,0
9148.81,8000.0,1.14,15,26,0,9,0,0,0,0
1325.54,1500.0,0.88,13,4,0,36,0,0,0,0
2136.92,2500.0,0.85,17,27,0,14,0,0,0,0
29345.46,6000.0,4.89,19,11,5,22,0,1,1,0
2334.01,3000.0,0.78,19,9,0,14,0,0,0,0
14920.48,12000.0,1.24,21,10,0,47,0,0,0,0
2432.53,1500.0,1.62,12,12,0,32,0,0,0,0
3397.27,4500.0,0.75,16,3,0,24,0,0,1,0
2541.86,2500.0,1.02,1,28,0,14,0,0,0,0
7967.92,1500.0,5.31,16,1,4,44,0,0,1,0
1543.97,2000.0,0.77,14,20,0,16,0,0,0,0
7307.04,1500.0,4.87,16,8,4,23,0,0,0,0
19038.59,12000.0,1.59,7,1,0,25,0,0,0,0
3449.56,3000.0,1.15,20,17,0,13,0,0,0,0
852.92,1500.0,0.57,11,22,0,29,0,0,0,0
9496.89,6000.0,1.58,17,8,0,9,0,0,0,0
19428.16,8000.0,2.43,6,21,0,17,0,0,0,0
4201.93,4500.0,0.93,13,6,0,38,0,0,0,0
1948.96,2000.0,0.97,18,11,1,13,0,0,0,0
32959.3,8000.0,4.12,19,25,5,17,0,0,1,0
8252.88,12000.0,0.69,8,13,0,13,0,0,0,0
31923.2,6000.0,5.32,12,8,3,17,1,0,0,0
21385.3,12000.0,1.78,12,25,0,16,0,0,0,0
12388.8,12000.0,1.03,20,28,0,42,0,0,0,0
14172.67,8000.0,1.77,17,27,0,42,0,0,2,0
1865.72,1500.0,1.24,14,12,0,20,0,0,0,0
1813.63,2500.0,0.73,18,22,0,14,0,0,0,0
4680.81,3000.0,1.56,13,20,0,20,0,0,0,0
2211.52,2500.0,0.88,17,28,0,35,0,0,0,0
6114.5,6000.0,1.02,7,16,0,6,0,0,1,0
6678.82,6000.0,1.11,8,5,0,32,0,0,1,0
1516.13,3000.0,0.51,7,27,0,25,0,0,0,0
6393.79,6000.0,1.07,7,24,0,18,0,0,0,0
16091.87,12000.0,1.34,23,1,0,46,0,0,1,0
2164.42,3000.0,0.72,9,3,0,39,0,0,0,0
2731.52,1500.0,1.82,13,15,0,7,0,0,0,0
67167.46,2500.0,26.87,2,24,3,42,1,1,2,1
3037.64,4500.0,0.68,17,3,0,22,0,0,0,0
2648.4,2000.0,1.32,21,8,0,40,0,0,0,0
7297.0,4500.0,1.62,19,7,0,10,1,0,0,0
2413.78,2500.0,0.97,11,1,0,35,0,0,0,0
9949.56,8000.0,1.24,17,20,0,36,0,0,0,0
16315.94,12000.0,1.36,17,11,0,8,0,0,0,0
1312.7,1500.0,0.88,18,14,0,46,0,0,0,0
7273.43,8000.0,0.91,15,13,0,35,0,0,1,0
4001.41,3000.0,1.33,14,19,0,25,0,0,0,0
1181.13,1500.0,0.79,15,12,1,5,0,0,0,0
6407.29,6000.0,1.07,13,23,0,44,0,0,0,0
3403.34,2500.0,1.36,8,25,0,48,0,0,0,0
2100.49,2500.0,0.84,15,1,0,41,0,0,0,0
5845.83,1500.0,3.9,16,12,3,21,1,0,2,0
13348.29,12000.0,1.11,18,27,0,23,0,0,0,0
4210.25,4500.0,0.94,16,22,0,25,0,0,0,0
1559.99,1500.0,1.04,19,23,0,10,0,0,0,0
6733.88,8000.0,0.84,9,4,0,40,0,0,1,0
38234.18,4000.0,9.56,23,8,9,15,1,1,1,1
1587.71,2000.0,0.79,12,26,0,30,0,0,1,0
7080.55,12000.0,0.59,17,22,0,21,0,0,0,0
1374.29,2000.0,0.69,9,24,0,8,0,1,0,0
8579.68,8000.0,1.07,10,12,0,8,0,0,0,0
4016.03,3000.0,1.34,18,22,0,6,0,0,0,0
2343.36,2500.0,0.94,14,17,1,29,0,0,0,0
8848.75,2500.0,3.54,9,22,3,42,1,0,1,0
8014.75,8000.0,1.0,11,8,0,10,0,0,0,0
58172.42,12000.0,4.85,17,16,4,13,0,0,0,0
19847.52,4500.0,4.41,8,10,4,10,0,0,1,0
15446.81,3000.0,5.15,23,22,10,48,1,0,1,1
1365.77,2000.0,0.68,10,10,0,18,0,0,0,0
1900.12,1500.0,1.27,19,28,0,19,0,0,0,0
1782.18,3000.0,0.59,12,19,0,15,0,0,0,0
11329.1,12000.0,0.94,17,7,0,9,0,0,0,0
6108.05,4500.0,1.36,22,23,0,32,0,0,1,0
69242.27,12000.0,5.77,16,5,3,18,1,0,0,0
1522.87,3000.0,0.51,19,17,0,15,0,0,0,0
1002.75,1500.0,0.67,18,12,0,34,0,0,0,0
5249.73,6000.0,0.87,11,18,0,46,0,0,1,0
3898.77,6000.0,0.65,21,1,0,17,0,0,0,0
1049.52,1500.0,0.7,18,8,0,29,0,0,2,0
7239.28,12000.0,0.6,10,18,0,41,0,0,0,0
2019.12,1500.0,1.35,16,19,0,27,0,0,2,0
2620.37,4500.0,0.58,5,8,0,18,0,0,0,0
3401.65,2500.0,1.36,9,27,0,47,0,0,0,0
3874.23,3000.0,1.29,11,14,1,9,0,1,0,0
7876.76,8000.0,0.98,17,28,0,8,0,0,0,0
1496.12,1500.0,1.0,13,9,0,9,0,0,0,0
53713.59,12000.0,4.48,11,25,3,43,0,1,2,0
3721.13,4500.0,0.83,17,10,0,13,0,0,0,0
8609.51,1500.0,5.74,14,4,4,23,1,0,1,0
979.17,1500.0,0.65,9,28,1,29,0,0,0,0
8254.89,8000.0,1.03,17,28,0,47,1,0,0,0
12159.86,3000.0,4.05,12,16,3,19,0,0,1,0
5185.05,4500.0,1.15,22,6,0,35,1,0,0,0
1048.26,1500.0,0.7,14,9,0,32,0,0,0,0
6659.29,3000.0,2.22,10,3,0,30,0,0,0,0
12314.58,12000.0,1.03,18,25,0,9,0,0,0,0
59964.55,12000.0,5.0,15,16,5,17,1,0,1,0
4854.35,4500.0,1.08,16,28,2,23,0,0,0,0
1397.23,1500.0,0.93,12,8,0,41,0,0,0,0
4061.73,4500.0,0.9,11,3,0,33,0,0,0,0
3664.28,8000.0,0.46,13,23,0,30,0,0,0,0
1667.3,2500.0,0.67,22,7,1,33,0,0,0,0
2582.97,2500.0,1.03,13,1,0,38,0,0,0,0
15614.98,3000.0,5.2,22,19,5,30,1,1,2,1
1085.26,1500.0,0.72,14,9,0,50,0,0,0,0
5404.59,6000.0,0.9,12,25,0,49,0,0,0,0
13652.52,2500.0,5.46,11,2,3,50,0,0,1,0
3225.01,6000.0,0.54,21,26,0,10,0,0,0,0
1883.25,1500.0,1.26,19,28,0,31,0,0,0,0
1424.12,1500.0,0.95,10,26,0,10,0,0,0,0
1844.22,2000.0,0.92,14,6,0,32,0,0,0,0
5691.2,12000.0,0.47,11,17,0,36,0,1,0,0
62027.59,12000.0,5.17,16,26,3,12,1,0,0,0
62771.89,12000.0,5.23,18,5,4,11,0,0,1,0
14940.65,8000.0,1.87,12,6,2,29,0,0,0,0
7373.56,12000.0,0.61,14,25,0,36,0,0,1,0
4029.71,2500.0,1.61,10,17,0,10,0,0,0,0
5831.07,4500.0,1.3,15,9,1,11,0,0,1,0
2075.16,1500.0,1.38,15,10,0,32,0,0,0,0
10536.8,12000.0,0.88,13,20,1,9,0,0,0,0
2028.85,1500.0,1.35,14,22,0,13,0,0,0,0
1339.73,1500.0,0.89,9,17,0,11,0,0,1,0
952.19,1500.0,0.63,9,23,0,16,0,0,1,0
6526.59,6000.0,1.09,1,2,0,37,0,0,0,0
8476.49,12000.0,0.71,15,21,1,9,0,0,0,0
1108.72,2500.0,0.44,10,20,0,49,0,0,1,0
9929.1,8000.0,1.24,11,15,0,49,0,0,0,0
4214.58,2500.0,1.69,19,18,0,36,0,0,0,0
17214.28,8000.0,2.15,22,20,1,14,0,0,0,0
1771.91,2000.0,0.89,13,17,0,35,0,0,0,0
1555.97,2500.0,0.62,12,18,1,48,0,0,0,0
7375.89,8000.0,0.92,10,2,0,44,0,0,2,0
33485.96,6000.0,5.58,18,20,4,35,1,1,0,0
2235.16,2500.0,0.89,15,15,0,49,0,0,0,0
4061.81,3000.0,1.35,15,2,2,30,0,0,0,0
31507.97,1500.0,21.01,0,26,7,32,1,1,2,1
7360.08,8000.0,0.92,6,5,0,42,0,0,0,0
10663.54,12000.0,0.89,13,5,0,11,0,0,1,0
10946.82,12000.0,0.91,17,24,0,50,0,0,0,0
1226.74,1500.0,0.82,14,5,0,8,0,0,0,0
5970.61,12000.0,0.5,11,19,0,13,0,0,0,0
3827.41,3000.0,1.28,9,26,0,43,1,0,0,0
1093.85,1500.0,0.73,14,20,0,46,0,0,0,0
5035.69,6000.0,0.84,15,16,0,37,0,0,0,0
5009.19,6000.0,0.83,11,14,0,18,0,0,0,0
6423.31,6000.0,1.07,12,28,0,26,0,0,0,0
19605.46,1500.0,13.07,3,1,6,44,1,1,2,1
5219.56,6000.0,0.87,7,13,0,46,0,0,0,0
3704.36,2500.0,1.48,11,17,0,18,0,0,1,0
9424.65,2500.0,3.77,18,13,5,33,1,0,2,0
1891.98,2500.0,0.76,12,7,0,29,0,0,0,0
1236.92,1500.0,0.82,8,4,0,44,0,0,0,0
32873.89,6000.0,5.48,14,7,3,8,1,0,1,0
5892.51,12000.0,0.49,14,16,0,44,0,0,0,0
1953.94,2000.0,0.98,15,1,1,30,0,0,1,0
6001.24,6000.0,1.0,10,4,0,33,0,0,0,0
3011.61,6000.0,0.5,14,26,0,37,0,0,0,0
2510.77,2000.0,1.26,13,3,0,37,0,0,0,0
1625.21,3000.0,0.54,22,14,2,16,0,0,0,0
1207.53,3000.0,0.4,15,28,0,31,0,0,0,0
1411.49,2000.0,0.71,18,10,0,29,0,0,0,0
17221.06,12000.0,1.44,10,25,2,43,0,0,1,0
8218.53,12000.0,0.68,17,1,0,49,0,0,0,0
5612.12,8000.0,0.7,11,8,0,8,0,0,0,0
13222.36,3000.0,4.41,9,8,4,8,1,1,2,0
8160.23,6000.0,1.36,16,7,0,21,0,0,0,0
13550.44,12000.0,1.13,15,13,1,37,0,0,0,0
9860.81,4500.0,2.19,11,11,1,20,0,0,0,0
2793.5,2500.0,1.12,16,9,0,46,0,0,0,0
1663.81,4500.0,0.37,13,17,1,21,0,0,0,0
3396.18,2000.0,1.7,16,4,1,29,0,0,0,0
11352.37,2500.0,4.54,18,19,5,15,1,0,1,1
4397.86,4500.0,0.98,16,23,0,21,0,0,0,0
3099.53,3000.0,1.03,20,3,0,11,0,0,0,0
1869.13,3000.0,0.62,12,3,0,22,0,0,0,0
24362.29,4500.0,5.41,8,1,4,47,0,0,0,0
2209.71,4500.0,0.49,12,26,0,49,0,0,0,0
1694.43,3000.0,0.56,7,18,0,43,0,0,0,0
1482.87,1500.0,0.99,9,25,0,42,0,0,1,0
4142.04,4500.0,0.92,18,9,1,34,0,0,0,0
9813.43,12000.0,0.82,13,19,0,29,0,0,0,0
2412.16,3000.0,0.8,12,16,0,13,0,0,0,0
1675.13,3000.0,0.56,12,3,1,37,0,0,0,0
4223.66,4500.0,0.94,3,8,0,17,0,0,1,0
5025.52,6000.0,0.84,12,26,0,17,0,0,1,0
4308.64,4500.0,0.96,14,18,0,6,0,0,0,0
7614.79,6000.0,1.27,16,16,0,21,0,0,0,0
14054.1,2000.0,7.03,21,20,7,8,1,1,1,1
3949.9,3000.0,1.32,19,15,0,46,0,0,0,0
5246.2,4500.0,1.17,10,25,0,5,0,0,0,0
5312.78,6000.0,0.89,18,10,0,13,0,0,0,0
6945.0,1500.0,4.63,11,13,3,39,1,1,1,0
1822.76,1500.0,1.22,7,8,0,47,0,0,0,0
1359.41,2000.0,0.68,12,5,0,11,0,1,0,0
3962.1,3000.0,1.32,17,8,0,28,0,0,1,0
3784.81,2500.0,1.51,9,24,0,50,0,0,0,0
2778.17,3000.0,0.93,14,14,0,31,0,0,0,0
908.86,1500.0,0.61,11,22,0,15,0,0,0,0
16923.36,12000.0,1.41,11,8,0,25,0,0,0,0
4679.74,4500.0,1.04,13,6,1,49,0,0,0,0
3871.51,2500.0,1.55,17,3,0,25,0,0,0,0
32982.06,6000.0,5.5,21,28,4,25,1,1,1,0
26480.45,4500.0,5.88,15,7,4,8,1,0,0,0
1832.39,3000.0,0.61,15,16,0,35,0,0,0,0
12245.64,12000.0,1.02,17,26,0,21,0,0,0,0
10186.26,8000.0,1.27,10,17,0,26,0,0,0,0
4154.87,6000.0,0.69,18,16,0,19,0,0,0,0
1760.48,2500.0,0.7,18,4,0,47,0,0,2,0
9986.42,2500.0,3.99,13,14,3,23,1,0,1,0
20843.83,4500.0,4.63,12,11,5,42,1,0,2,0
42167.09,12000.0,3.51,7,16,4,7,1,0,2,0
1289.29,1500.0,0.86,8,22,0,18,0,0,0,0
3697.14,6000.0,0.62,13,7,0,5,0,0,0,0
3010.5,3000.0,1.0,13,9,0,47,0,0,0,0
2971.37,6000.0,0.5,14,5,2,27,0,0,0,0
8330.92,6000.0,1.39,15,4,0,26,0,0,0,0
136012.6,4000.0,34.0,10,20,4,20,0,1,2,1
2261.62,2000.0,1.13,6,22,0,7,0,0,0,0
3352.92,3000.0,1.12,18,8,0,15,0,0,0,0
7157.33,6000.0,1.19,5,15,1,31,0,0,0,0
1692.4,2500.0,0.68,16,16,0,23,0,0,0,0
4512.9,4500.0,1.0,16,21,0,12,0,0,0,0
2211.57,3000.0,0.74,20,1,0,45,0,0,0,0
6500.19,8000.0,0.81,13,25,0,19,0,0,0,0
6642.83,3000.0,2.21,17,1,0,39,0,0,0,0
3129.0,2000.0,1.56,9,20,0,31,0,0,1,0
5412.65,4500.0,1.2,17,10,1,47,0,0,0,0
1670.51,3000.0,0.56,15,6,0,37,0,0,0,0
3244.64,4500.0,0.72,0,21,0,7,0,0,0,0
1381.02,2000.0,0.69,0,10,0,35,0,0,0,0
966.06,1500.0,0.64,19,9,0,22,0,0,0,0
921.21,2000.0,0.46,16,2,0,49,0,0,0,0
18351.06,12000.0,1.53,13,16,0,33,0,0,0,0
18161.97,12000.0,1.51,12,2,0,27,0,0,1,0
11352.86,8000.0,1.42,18,18,0,47,0,0,0,0
2803.07,3000.0,0.93,11,27,0,38,0,0,0,0
9596.0,6000.0,1.6,14,28,0,15,0,0,0,0
4779.41,12000.0,0.4,10,5,0,41,0,0,0,0
10204.38,6000.0,1.7,7,17,0,44,0,0,0,0
7169.32,6000.0,1.19,21,22,0,44,0,0,0,0
1902.54,2000.0,0.95,21,27,0,21,0,0,0,0
1846.32,2500.0,0.74,10,23,0,18,0,0,0,0
5361.96,8000.0,0.67,15,22,1,27,0,0,0,0
6207.66,4500.0,1.38,10,5,0,28,0,0,0,0
3516.91,2000.0,1.76,16,6,0,43,0,0,0,0
17629.58,12000.0,1.47,14,5,0,21,0,0,1,0
5117.95,4500.0,1.14,19,12,0,45,0,0,0,0
8892.09,8000.0,1.11,11,6,0,42,0,0,0,0
3218.32,2500.0,1.29,17,5,0,33,0,0,0,0
14181.62,8000.0,1.77,11,10,0,44,0,0,0,0
1883.93,3000.0,0.63,10,1,0,24,0,0,0,0
4426.88,4500.0,0.98,22,17,1,47,0,0,0,0
3899.31,4500.0,0.87,9,24,0,27,0,0,0,0
15400.98,3000.0,5.13,18,7,4,16,0,1,1,0
8200.18,2000.0,4.1,19,6,3,41,1,0,0,0
2362.73,1500.0,1.58,16,7,0,25,0,0,2,0
15022.11,2000.0,7.51,1,14,10,41,1,1,2,1
1536.29,2000.0,0.77,17,2,0,24,0,0,0,0
15391.07,12000.0,1.28,9,17,0,17,0,0,0,0
2873.24,4500.0,0.64,14,10,2,20,0,0,0,0
4175.89,6000.0,0.7,10,6,0,7,0,0,0,0
1363.23,1500.0,0.91,19,16,1,35,0,0,0,0
7671.38,8000.0,0.96,21,11,0,26,0,0,0,0
5135.07,12000.0,0.43,9,4,1,42,0,0,0,0
3325.23,1500.0,2.22,12,27,0,43,0,0,0,0
15419.44,12000.0,1.28,11,2,1,31,0,0,0,0
3852.81,2000.0,1.93,14,13,1,17,0,0,0,0
50466.21,12000.0,4.21,20,4,5,9,0,1,2,0
15458.12,12000.0,1.29,16,6,0,24,0,0,1,0
3403.58,3000.0,1.13,21,3,0,40,0,0,0,0
2690.65,4500.0,0.6,17,21,0,41,0,0,0,0
1817.89,2000.0,0.91,11,16,0,6,0,0,0,0
5147.01,6000.0,0.86,11,22,0,48,0,0,0,0
3313.74,3000.0,1.1,15,19,0,5,0,0,0,0
8713.66,12000.0,0.73,16,4,0,28,0,0,0,0
7649.43,1500.0,5.1,14,8,4,47,1,1,1,0
34670.18,8000.0,4.33,20,26,3,41,1,0,1,0
9682.86,2000.0,4.84,18,12,4,48,1,1,1,0
11244.93,12000.0,0.94,13,22,1,36,0,0,0,0
24952.44,6000.0,4.16,15,10,3,18,1,0,1,0
10188.13,8000.0,1.27,9,7,0,24,0,0,0,0
577.97,2000.0,0.29,20,25,0,50,0,0,0,0
10225.39,12000.0,0.85,14,28,0,24,0,0,0,0
1218.95,2000.0,0.61,18,7,0,9,0,0,0,0
58118.07,12000.0,4.84,18,25,3,9,0,0,1,0
9190.72,6000.0,1.53,20,5,0,7,0,0,1,0
18388.11,4000.0,4.6,22,6,3,50,1,1,2,1
50678.85,12000.0,4.22,15,21,4,18,1,0,1,0
827.81,1500.0,0.55,19,4,0,27,0,0,0,0
1355.81,2500.0,0.54,10,14,0,5,0,0,0,0
3564.86,6000.0,0.59,7,25,0,48,0,0,1,0
18223.74,12000.0,1.52,0,24,0,10,0,0,0,0
52519.91,2000.0,26.26,18,17,6,24,0,1,2,1
6132.22,4500.0,1.36,18,9,0,14,0,0,0,0
1360.15,3000.0,0.45,17,14,0,10,0,0,0,0
9680.1,2500.0,3.87,19,28,5,32,1,0,1,0
5673.44,6000.0,0.95,9,17,0,31,0,0,1,0
7246.73,6000.0,1.21,14,14,0,40,0,0,0,0
19736.92,12000.0,1.64,2,2,0,33,0,0,0,0
5914.52,6000.0,0.99,9,26,1,17,0,0,0,0
6644.08,4500.0,1.48,11,8,0,7,0,0,0,0
8856.09,12000.0,0.74,8,19,0,22,0,0,1,0
14961.52,12000.0,1.25,11,6,0,16,0,0,1,0
7070.33,6000.0,1.18,18,4,0,16,0,0,0,0
5994.39,8000.0,0.75,14,13,0,38,0,0,0,0
3461.94,4500.0,0.77,16,15,0,41,0,0,0,0
2831.42,1500.0,1.89,17,27,0,11,1,0,1,0
21624.89,4500.0,4.81,17,18,3,28,1,0,1,0
1325.23,2000.0,0.66,6,9,0,22,0,0,1,0
1303.37,2000.0,0.65,3,17,0,30,0,0,2,0
2490.02,3000.0,0.83,19,8,0,24,0,0,0,0
17079.45,3000.0,5.69,19,18,5,17,1,1,1,0
6270.56,4500.0,1.39,8,4,0,26,0,0,0,0
4746.16,2500.0,1.9,10,21,0,34,0,0,0,0
4079.27,6000.0,0.68,13,7,0,16,0,0,0,0
63008.8,12000.0,5.25,16,16,4,40,1,1,1,0
17590.39,3000.0,5.86,15,14,5,20,0,0,1,0
1369.74,1500.0,0.91,21,2,0,32,0,0,0,0
10599.13,8000.0,1.32,9,26,0,11,0,0,0,0
4175.4,4500.0,0.93,14,7,0,15,0,0,0,0
17551.21,4500.0,3.9,18,7,5,12,0,0,0,0
2186.35,1500.0,1.46,13,9,0,30,0,0,0,0
1537.05,2000.0,0.77,13,20,0,5,0,0,0,0
4252.68,3000.0,1.42,20,1,0,29,0,0,0,0
4848.36,12000.0,0.4,12,21,0,15,0,0,0,0
16767.54,12000.0,1.4,12,27,0,43,0,0,0,0
1199.7,1500.0,0.8,17,21,1,26,0,0,0,0
1666.24,1500.0,1.11,12,20,0,33,0,0,0,0
7133.37,4500.0,1.59,9,16,0,26,1,0,0,0
11382.38,3000.0,3.79,8,17,5,12,1,0,2,0
12807.58,12000.0,1.07,16,5,0,25,0,0,0,0
5797.01,8000.0,0.72,17,15,0,27,0,1,0,0
11534.03,12000.0,0.96,7,3,0,21,0,0,0,0
566.06,1500.0,0.38,10,15,0,37,0,0,0,0
6412.8,8000.0,0.8,9,12,0,20,0,0,0,0
9242.34,2000.0,4.62,11,2,5,27,1,0,1,0
2192.66,2000.0,1.1,18,18,0,29,0,0,1,0
4419.94,4500.0,0.98,15,27,0,35,0,0,1,0
6801.22,2500.0,2.72,5,5,7,8,0,0,1,1
14089.89,3000.0,4.7,13,10,3,27,1,0,1,0
3683.57,4500.0,0.82,7,7,0,21,0,0,0,0
720.29,1500.0,0.48,19,5,0,41,0,0,1,0
9478.3,12000.0,0.79,10,19,0,8,0,0,0,0
18889.95,12000.0,1.57,17,23,1,37,0,0,0,0
6614.22,6000.0,1.1,6,11,0,46,0,0,2,0
2970.46,3000.0,0.99,19,26,0,39,0,0,0,0
3356.86,6000.0,0.56,10,20,0,35,0,0,0,0
1773.6,1500.0,1.18,19,11,0,43,0,0,0,0
24108.57,4500.0,5.36,15,8,3,49,0,0,1,0
1756.71,2000.0,0.88,11,18,0,41,0,0,0,0
6818.99,4500.0,1.52,18,8,0,45,0,0,0,0
5413.26,1500.0,3.61,20,16,6,37,1,1,2,1
5758.18,4500.0,1.28,13,10,0,6,1,0,0,0
2917.01,2500.0,1.17,11,21,0,6,0,0,0,0
3182.69,3000.0,1.06,14,22,0,21,0,0,0,0
17223.76,3000.0,5.74,11,16,3,25,1,0,0,0
14776.93,1500.0,9.85,3,17,7,46,1,1,2,1
2422.81,2500.0,0.97,15,5,0,31,0,0,0,0
2823.82,4500.0,0.63,18,23,0,33,0,0,0,0
1806.5,2000.0,0.9,17,1,0,9,0,0,0,0
3123.4,2000.0,1.56,10,15,0,27,0,0,0,0
52798.13,2500.0,21.12,2,5,4,15,1,1,1,1
28495.46,8000.0,3.56,19,21,5,41,1,1,2,0
1049.45,1500.0,0.7,17,8,0,15,0,0,0,0
2076.55,3000.0,0.69,0,7,0,50,0,0,0,0
7219.94,12000.0,0.6,11,16,0,8,0,1,0,0
3072.08,3000.0,1.02,19,27,1,32,0,0,0,0
10213.16,4500.0,2.27,20,7,1,6,0,0,0,0
3556.39,2500.0,1.42,14,12,0,41,0,0,0,0
15505.45,1500.0,10.34,4,3,5,41,1,1,2,1
1879.13,3000.0,0.63,13,28,0,41,0,0,0,0
6435.32,1500.0,4.29,16,9,3,28,0,0,1,0
6718.83,8000.0,0.84,18,2,0,24,0,0,1,0
2713.42,2000.0,1.36,8,12,0,6,0,0,0,0
3455.29,2000.0,1.73,11,6,1,14,0,0,0,0
2533.38,2500.0,1.01,16,19,0,11,0,0,0,0
2021.7,2000.0,1.01,14,27,0,35,0,0,1,0
62129.34,12000.0,5.18,7,28,5,8,1,1,1,0
6198.83,12000.0,0.52,14,9,0,48,0,0,0,0
7132.34,6000.0,1.19,18,10,0,35,0,0,0,0
2068.0,2500.0,0.83,9,6,0,32,1,0,0,0
7118.28,4500.0,1.58,9,21,0,24,0,0,0,0
14395.08,12000.0,1.2,12,8,0,21,0,0,0,0
6318.38,8000.0,0.79,15,16,0,21,0,0,0,0
5005.96,6000.0,0.83,9,19,0,22,0,0,0,0
708.28,1500.0,0.47,19,19,0,11,0,0,0,0
28562.7,6000.0,4.76,13,18,4,50,0,0,0,0
4605.74,6000.0,0.77,14,13,0,29,0,0,0,0
1950.16,3000.0,0.65,18,28,0,35,0,0,0,0
13894.5,3000.0,4.63,12,14,3,27,1,0,1,0
3646.42,6000.0,0.61,14,21,0,37,0,0,0,0
1204.09,1500.0,0.8,12,28,0,46,0,0,0,0
3124.83,3000.0,1.04,7,4,0,26,0,0,1,0
3447.79,2500.0,1.38,12,12,2,11,0,0,1,0
3185.82,4500.0,0.71,13,13,0,23,0,0,0,0
6822.09,6000.0,1.14,11,6,0,11,0,0,0,0
5382.51,3000.0,1.79,14,21,0,26,0,0,0,0
12735.34,8000.0,1.59,12,21,0,40,0,0,0,0
3217.69,2500.0,1.29,5,28,0,20,0,0,0,0
11602.68,8000.0,1.45,13,3,0,48,0,0,0,0
1708.42,2000.0,0.85,7,16,0,6,0,0,0,0
2233.17,3000.0,0.74,16,18,0,25,0,0,1,0
54212.28,12000.0,4.52,1,10,4,13,0,0,0,0
71256.22,12000.0,5.94,8,7,4,43,0,0,1,0
5062.66,4500.0,1.13,13,9,1,17,0,0,0,0
5934.23,6000.0,0.99,11,17,0,10,0,0,1,0
32392.3,2500.0,12.96,4,7,7,25,1,1,2,1
2924.45,3000.0,0.97,19,28,0,38,0,0,1,0
5767.97,8000.0,0.72,17,23,0,44,1,0,0,0
7604.59,2000.0,3.8,21,14,3,48,0,0,2,0
3303.09,2000.0,1.65,19,7,0,29,0,0,0,0
1401.31,2000.0,0.7,13,24,0,49,0,0,0,0
9193.25,8000.0,1.15,12,23,0,24,0,0,0,0
34696.18,1500.0,23.13,0,9,5,41,1,1,2,1
3114.9,2000.0,1.56,12,6,0,38,0,0,0,0
4315.98,3000.0,1.44,15,21,0,45,0,0,0,0
2761.18,4500.0,0.61,11,9,0,50,0,0,0,0
2846.03,1500.0,1.9,19,22,0,45,0,0,0,0
7449.06,8000.0,0.93,10,6,0,43,0,0,0,0
1368.53,3000.0,0.46,10,10,0,7,0,0,0,0
2835.31,2500.0,1.13,16,8,0,38,0,0,0,0
5035.56,8000.0,0.63,16,28,0,24,0,0,0,0
8075.42,12000.0,0.67,19,6,0,21,0,0,0,0
27784.35,12000.0,2.32,0,1,0,45,0,0,0,0
7576.1,8000.0,0.95,13,13,0,43,0,0,1,0
69721.82,12000.0,5.81,19,7,4,7,0,0,2,0
2662.54,2500.0,1.07,20,1,0,9,0,0,0,0
11961.99,8000.0,1.5,17,14,1,26,0,0,0,0
8804.18,2500.0,3.52,10,11,3,10,1,0,1,0
759.95,1500.0,0.51,10,26,0,6,0,0,0,0
1502.47,1500.0,1.0,15,9,0,19,0,0,0,0
7963.64,1500.0,5.31,19,12,5,25,0,0,1,0
1742.22,1500.0,1.16,18,27,0,33,0,0,0,0
27069.65,12000.0,2.26,11,12,0,24,0,0,0,0
2583.55,1500.0,1.72,9,1,2,35,0,0,0,0
7502.67,6000.0,1.25,19,8,0,9,0,0,0,0
5777.77,3000.0,1.93,9,26,0,12,0,0,0,0
12770.7,12000.0,1.06,10,6,0,42,0,0,0,0
1704.37,4500.0,0.38,8,18,0,49,0,0,0,0
11446.72,12000.0,0.95,20,18,1,43,0,0,1,0
21401.52,4500.0,4.76,15,12,4,44,1,0,0,0
49961.03,12000.0,4.16,22,24,3,31,1,0,1,0
1933.38,1500.0,1.29,10,12,0,26,0,0,0,0
5344.85,3000.0,1.78,11,2,0,35,0,0,0,0
55040.27,12000.0,4.59,11,20,5,6,1,0,1,0
2835.06,3000.0,0.95,9,22,0,47,0,0,0,0
4414.24,6000.0,0.74,18,13,0,49,0,0,1,0
12593.86,12000.0,1.05,18,28,1,47,0,0,0,0
5673.89,4500.0,1.26,21,19,0,15,0,0,1,0
8024.02,8000.0,1.0,5,6,0,7,0,0,0,0
14233.74,12000.0,1.19,19,23,0,32,0,0,0,0
8963.7,4500.0,1.99,19,3,0,33,0,0,0,0
7439.61,8000.0,0.93,5,4,0,5,0,0,1,0
1858.72,2000.0,0.93,17,13,1,40,0,0,0,0
8355.22,8000.0,1.04,13,5,0,41,0,0,0,0
2330.81,2000.0,1.17,11,5,0,49,0,0,0,0
983.36,2500.0,0.39,5,8,0,35,0,0,0,0
8444.99,8000.0,1.06,9,7,0,38,0,1,0,0
1868.02,2500.0,0.75,16,15,0,38,0,0,0,0
5216.41,6000.0,0.87,12,3,0,48,0,0,0,0
2159.49,3000.0,0.72,11,11,0,36,0,0,0,0
7612.02,6000.0,1.27,14,8,1,24,0,0,0,0
5420.81,6000.0,0.9,8,1,0,12,0,0,0,0
2517.33,3000.0,0.84,15,10,0,44,0,0,0,0
19889.87,12000.0,1.66,7,7,0,47,0,0,0,0
3025.98,3000.0,1.01,8,5,0,49,0,0,0,0
4061.02,3000.0,1.35,10,15,1,19,0,0,0,0
10570.32,8000.0,1.32,13,26,0,37,0,0,0,0
7177.34,12000.0,0.6,19,27,0,5,0,0,0,0
11189.26,12000.0,0.93,17,16,0,37,0,0,0,0
3089.22,4500.0,0.69,8,24,0,27,0,0,0,0
33131.83,6000.0,5.52,11,8,4,37,1,1,1,0
11805.76,12000.0,0.98,18,6,0,7,0,0,0,0
15556.89,1500.0,10.37,9,19,5,31,1,1,2,1
4137.37,3000.0,1.38,12,3,0,13,0,0,0,0
7721.79,4500.0,1.72,16,18,0,48,0,0,0,0
10457.67,12000.0,0.87,10,22,0,20,0,0,1,0
3367.02,3000.0,1.12,21,18,0,14,0,0,0,0
4459.28,2500.0,1.78,10,11,0,11,0,0,0,0
2787.39,8000.0,0.35,9,4,0,38,0,0,0,0
2765.02,2500.0,1.11,17,14,0,19,0,0,0,0
41803.54,8000.0,5.23,8,10,3,15,1,1,1,0
10221.14,12000.0,0.85,8,14,0,15,0,0,0,0
1316.4,1500.0,0.88,17,21,0,47,0,0,0,0
3297.76,3000.0,1.1,17,3,1,38,0,0,0,0
1661.17,2000.0,0.83,19,5,1,41,0,0,0,0
3158.6,2000.0,1.58,15,3,0,11,0,0,0,0
2003.29,2000.0,1.0,15,13,0,48,0,0,0,0
4926.38,8000.0,0.62,11,5,0,32,0,0,0,0
6454.35,4500.0,1.43,11,27,0,27,0,0,0,0
25314.21,4500.0,5.63,18,8,4,19,0,1,1,0
2070.66,3000.0,0.69,11,22,0,30,0,0,0,0
2479.06,1500.0,1.65,10,26,0,35,0,0,0,0
827.81,1500.0,0.55,13,25,0,7,0,0,0,0
8589.26,4500.0,1.91,8,10,0,41,0,0,0,0
4937.47,6000.0,0.82,11,22,0,13,0,0,0,0
2908.8,2000.0,1.45,19,15,0,26,0,0,0,0
14734.62,12000.0,1.23,11,2,2,13,0,0,0,0
3535.18,3000.0,1.18,7,8,1,25,0,0,0,0
19980.47,2500.0,7.99,20,19,6,23,0,0,2,1
1732.79,2000.0,0.87,14,8,0,18,0,0,1,0
11111.8,8000.0,1.39,14,5,0,33,0,0,0,0
26983.51,6000.0,4.5,9,18,4,21,1,0,2,0
4416.24,3000.0,1.47,10,22,0,31,0,0,0,0
5847.78,6000.0,0.97,15,4,0,16,0,0,0,0
3341.53,4500.0,0.74,12,13,0,36,0,0,0,0
3041.94,1500.0,2.03,8,18,0,32,0,0,0,0
3004.59,8000.0,0.38,15,21,1,12,0,0,0,0
37817.14,8000.0,4.73,3,21,3,25,1,0,1,0
9768.78,6000.0,1.63,21,1,0,48,0,0,0,0
10118.76,2500.0,4.05,19,5,3,13,1,1,2,0
6727.02,8000.0,0.84,6,13,0,34,0,0,0,0
8641.59,12000.0,0.72,18,24,0,22,0,0,0,0
5797.14,2500.0,2.32,18,27,0,26,0,0,0,0
1808.17,2000.0,0.9,17,3,0,24,0,0,0,0
11139.13,12000.0,0.93,19,24,1,10,0,0,0,0
30572.57,6000.0,5.1,15,14,4,39,1,1,1,0
7644.0,6000.0,1.27,12,24,0,15,0,0,0,0
1928.05,1500.0,1.29,10,14,0,30,0,0,0,0
116694.95,4000.0,29.17,2,7,3,23,1,1,2,1
3142.75,4500.0,0.7,17,17,0,37,0,0,0,0
776.7,2000.0,0.39,9,14,0,31,0,0,0,0
9375.27,12000.0,0.78,10,6,2,50,0,0,0,0
5952.32,4500.0,1.32,9,1,0,24,0,0,0,0
5050.85,6000.0,0.84,19,23,0,9,0,0,0,0
8608.14,8000.0,1.08,17,22,0,44,0,0,0,0
2865.05,2500.0,1.15,13,25,0,37,0,0,0,0
65691.68,4000.0,16.42,4,22,7,17,1,1,2,1
8233.05,1500.0,5.49,11,13,3,26,1,1,2,1
1471.92,1500.0,0.98,11,23,0,30,1,1,0,0
16744.51,8000.0,2.09,12,15,0,32,0,0,0,0
6494.88,8000.0,0.81,22,22,0,5,0,0,0,0
11001.69,4500.0,2.44,14,9,0,15,0,0,0,0
1136.72,1500.0,0.76,4,19,0,49,0,0,0,0
8286.34,8000.0,1.04,14,2,0,27,0,0,0,0
14303.55,8000.0,1.79,20,28,0,48,0,0,0,0
13087.69,8000.0,1.64,18,24,0,12,0,0,2,0
9434.89,6000.0,1.57,7,21,0,26,0,0,0,0
2979.91,2500.0,1.19,16,17,0,9,0,0,0,0
2428.28,3000.0,0.81,16,6,0,41,0,1,0,0
3673.38,8000.0,0.46,14,12,1,21,0,1,0,0
12309.09,2000.0,6.15,1,26,6,18,1,0,1,1
32311.14,6000.0,5.39,11,8,5,5,1,1,1,0
7263.64,6000.0,1.21,16,16,0,20,0,0,1,0
2077.9,1500.0,1.39,15,18,1,7,0,0,0,0
1466.43,1500.0,0.98,9,26,0,47,0,0,0,0
6128.61,4500.0,1.36,6,7,0,34,0,0,0,0
9749.88,8000.0,1.22,10,4,0,20,0,0,0,0
2769.07,3000.0,0.92,2,4,0,12,0,0,0,0
3225.75,6000.0,0.54,18,11,0,8,0,0,0,0
10184.39,12000.0,0.85,13,18,0,46,0,0,0,0
2472.8,2500.0,0.99,19,6,0,45,0,1,1,0
10224.56,12000.0,0.85,8,19,0,14,0,0,0,0
35275.14,8000.0,4.41,7,19,4,44,0,1,1,0
1749.23,1500.0,1.17,8,23,0,22,0,0,0,0
6325.77,4500.0,1.41,13,20,0,30,0,0,0,0
3743.86,3000.0,1.25,12,11,0,11,0,0,0,0
29143.53,6000.0,4.86,5,20,3,29,1,1,1,0
4914.33,6000.0,0.82,17,13,0,22,0,0,0,0
11237.29,12000.0,0.94,9,24,0,46,0,1,0,0
12443.99,12000.0,1.04,15,6,0,21,0,0,0,0
16994.15,3000.0,5.66,14,4,3,9,1,0,1,0
17821.39,4000.0,4.46,13,7,3,49,1,1,1,1
1556.79,2500.0,0.62,14,11,0,19,0,0,2,0
7978.61,4500.0,1.77,2,10,0,13,0,0,0,0
32223.46,6000.0,5.37,18,7,4,36,1,0,0,0
1757.05,1500.0,1.17,0,12,0,13,0,0,0,0
5205.67,6000.0,0.87,10,27,0,13,0,0,0,0
26798.31,6000.0,4.47,15,22,5,27,0,0,1,0
3681.5,3000.0,1.23,7,4,0,20,1,0,0,0
3574.62,2500.0,1.43,11,8,0,24,0,1,0,0
4195.62,2500.0,1.68,12,3,0,44,0,0,0,0
2893.63,3000.0,0.96,15,10,0,41,0,0,0,0
849.7,2000.0,0.42,6,20,0,16,0,0,0,0
1405.96,1500.0,0.94,7,15,0,15,0,0,0,0
8722.64,2000.0,4.36,11,18,3,8,0,1,0,0
6188.44,4500.0,1.38,11,3,1,6,0,0,0,0
5787.36,6000.0,0.96,17,20,0,8,0,0,0,0
4289.76,8000.0,0.54,10,25,0,50,0,0,0,0
3876.61,6000.0,0.65,21,3,0,46,0,0,0,0
1415.86,2000.0,0.71,16,11,0,15,0,0,0,0
4811.27,6000.0,0.8,8,10,0,20,0,0,1,0
4305.44,6000.0,0.72,19,1,1,43,0,0,0,0
1684.28,3000.0,0.56,10,22,0,23,0,0,0,0
6815.33,6000.0,1.14,13,21,0,45,0,0,0,0
3752.05,4500.0,0.83,16,10,0,39,0,0,0,0
8162.65,6000.0,1.36,14,10,0,41,0,0,0,0
1645.99,2500.0,0.66,16,7,1,43,0,0,1,0
6354.98,12000.0,0.53,12,16,0,41,0,1,0,0
1518.02,2000.0,0.76,18,27,0,40,0,0,0,0
6057.04,4500.0,1.35,14,1,0,45,0,0,0,0
1326.64,1500.0,0.88,14,26,1,33,0,0,1,0
15557.61,2500.0,6.22,16,15,6,12,0,0,1,1
2907.81,4500.0,0.65,14,27,1,35,0,0,0,0
10520.11,12000.0,0.88,12,19,0,12,0,0,0,0
6359.79,12000.0,0.53,18,17,0,28,0,0,0,0
2089.61,3000.0,0.7,17,22,0,26,0,0,0,0
5174.15,6000.0,0.86,9,13,0,49,0,0,1,0
10413.19,6000.0,1.74,12,20,0,35,0,0,0,0
10673.71,2000.0,5.34,9,13,4,27,1,0,1,1
13364.66,2500.0,5.35,19,23,4,49,1,0,1,0
2036.63,2000.0,1.02,7,20,0,43,0,0,0,0
29761.2,8000.0,3.72,15,11,4,12,1,1,1,0
64302.28,12000.0,5.36,19,16,5,5,1,1,1,0
9838.64,8000.0,1.23,23,5,0,22,0,0,0,0
1416.22,2500.0,0.57,9,22,0,24,0,0,0,0
1915.06,3000.0,0.64,12,26,0,43,0,0,0,0
2103.02,2000.0,1.05,9,25,0,46,0,0,1,0
4522.61,6000.0,0.75,16,28,0,36,0,0,0,0
1603.94,2000.0,0.8,13,7,0,26,0,0,0,0
9412.96,6000.0,1.57,11,6,0,29,0,0,0,0
7975.01,8000.0,1.0,18,28,1,26,0,0,0,0
5288.15,6000.0,0.88,12,10,1,33,0,0,0,0
1257.32,3000.0,0.42,14,19,0,7,0,0,0,0
22091.83,4500.0,4.91,8,20,5,10,1,0,2,0
13115.47,12000.0,1.09,15,13,0,15,0,0,0,0
2073.25,2500.0,0.83,17,26,0,43,0,0,0,0
1636.0,1500.0,1.09,12,14,1,24,0,0,0,0
3152.54,6000.0,0.53,7,12,0,9,0,0,0,0
8621.9,12000.0,0.72,15,6,0,26,0,0,0,0
11248.53,6000.0,1.87,12,26,0,36,0,0,0,0
2166.95,1500.0,1.44,13,23,2,22,0,0,1,0
2935.23,2500.0,1.17,13,19,0,8,0,0,1,0
1177.88,1500.0,0.79,11,25,0,30,0,0,0,0
10817.18,8000.0,1.35,7,4,0,37,0,0,1,0
34320.69,6000.0,5.72,19,14,4,13,1,0,1,0
20097.17,4500.0,4.47,7,11,4,38,0,0,0,0
3475.27,2500.0,1.39,19,6,0,28,0,0,0,0
4108.04,6000.0,0.68,13,22,0,42,0,0,0,0
4807.52,4500.0,1.07,18,6,0,36,0,0,0,0
3324.54,4500.0,0.74,17,13,1,44,0,0,0,0
2471.44,1500.0,1.65,6,13,0,16,0,0,0,0
4442.4,4500.0,0.99,19,24,1,49,0,0,0,0
3783.84,6000.0,0.63,22,27,0,45,0,0,0,0
1269.38,2500.0,0.51,9,8,0,16,0,0,0,0
1678.29,2000.0,0.84,0,14,0,8,0,0,0,0
21484.84,6000.0,3.58,11,14,5,38,1,1,1,0
5861.3,6000.0,0.98,19,23,0,47,0,0,0,0
1147.01,2500.0,0.46,14,5,2,38,0,0,0,0
9917.84,6000.0,1.65,11,24,0,39,0,0,2,0
12060.4,12000.0,1.01,20,24,0,42,0,0,0,0
6046.04,6000.0,1.01,10,6,0,27,0,0,0,0
9094.07,12000.0,0.76,16,24,0,6,0,0,0,0
6370.65,8000.0,0.8,19,25,0,46,0,0,0,0
1121.15,1500.0,0.75,12,2,0,16,0,0,1,0
7592.89,1500.0,5.06,9,14,5,29,0,1,1,0
6527.72,8000.0,0.82,11,22,1,48,0,0,0,0
6733.74,6000.0,1.12,17,2,0,26,0,0,0,0
5522.13,8000.0,0.69,20,1,0,30,0,0,2,0
2139.29,2500.0,0.86,18,8,0,41,0,0,1,0
4057.75,2000.0,2.03,13,9,0,11,0,0,0,0
6983.31,6000.0,1.16,19,13,0,34,1,0,0,0
6709.84,6000.0,1.12,16,16,0,47,0,0,0,0
1136.89,1500.0,0.76,17,4,1,42,0,0,2,0
6272.5,8000.0,0.78,19,6,0,5,0,0,0,0
22992.14,4500.0,5.11,13,27,4,45,1,0,2,0
3914.98,2000.0,1.96,5,19,0,13,0,0,0,0
8809.72,8000.0,1.1,13,10,0,30,0,0,0,0
16320.64,4500.0,3.63,21,19,3,38,1,0,2,0
938.66,1500.0,0.63,14,22,0,14,0,0,1,0
8334.76,12000.0,0.69,7,13,0,38,0,0,1,0
3353.83,2500.0,1.34,11,26,0,45,0,0,0,0
5069.75,2500.0,2.03,22,5,0,7,0,0,0,0
8703.64,12000.0,0.73,10,17,0,18,0,0,0,0
1954.93,2500.0,0.78,0,18,0,5,0,0,0,0
13833.12,8000.0,1.73,15,6,0,13,0,0,0,0
24162.05,4000.0,6.04,22,12,4,5,1,1,2,1
14940.39,8000.0,1.87,13,1,0,49,0,0,0,0
11648.74,2000.0,5.82,14,17,5,30,1,0,1,0
8369.84,6000.0,1.39,19,19,0,46,0,0,1,0
13365.96,2500.0,5.35,18,11,5,32,1,0,2,1
8637.73,6000.0,1.44,18,25,0,33,0,0,0,0
2242.18,1500.0,1.49,15,20,0,37,0,0,0,0
3920.12,6000.0,0.65,14,21,0,13,0,0,0,0
1864.71,2000.0,0.93,9,21,0,15,0,0,0,0
1348.21,2500.0,0.54,11,12,0,14,0,0,1,0
5842.01,4500.0,1.3,9,3,0,29,0,0,0,0
11297.77,2500.0,4.52,17,17,3,12,1,1,1,0
1529.74,2000.0,0.76,17,20,0,24,0,0,0,0
3253.76,6000.0,0.54,16,23,0,37,0,0,0,0
13671.07,3000.0,4.56,23,15,3,43,0,0,0,0
2912.33,2500.0,1.16,10,21,0,13,0,0,0,0
2940.71,6000.0,0.49,11,4,1,10,0,0,0,0
3657.91,3000.0,1.22,8,16,0,28,0,0,0,0
1605.74,1500.0,1.07,9,1,0,29,0,0,2,0
2633.15,2500.0,1.05,17,16,1,45,0,0,0,0
25473.21,12000.0,2.12,14,23,0,35,0,0,0,0
4143.28,4500.0,0.92,16,19,0,41,0,0,0,0
1141.41,2000.0,0.57,14,19,0,13,0,0,0,0
3429.08,1500.0,2.29,12,14,0,42,0,0,1,0
3833.31,6000.0,0.64,18,18,1,25,0,0,0,0
63025.33,2000.0,31.51,1,4,6,32,1,1,2,1
1445.6,2000.0,0.72,14,8,0,29,1,0,0,0
5124.43,6000.0,0.85,11,14,0,34,0,0,0,0
2442.61,3000.0,0.81,10,21,0,26,0,0,1,0
34827.16,6000.0,5.8,12,20,4,21,0,1,1,0
2332.08,3000.0,0.78,10,28,0,11,0,0,1,0
2832.79,3000.0,0.94,8,14,2,49,0,0,0,0
5518.21,3000.0,1.84,14,4,0,16,0,0,0,0
2288.51,6000.0,0.38,6,2,0,21,0,0,0,0
30127.8,6000.0,5.02,8,17,3,18,1,0,1,0
12697.55,2500.0,5.08,8,26,5,47,1,1,0,0
65153.18,12000.0,5.43,19,1,5,24,1,0,1,0
5863.16,4500.0,1.3,10,24,0,7,0,0,0,0
16059.97,3000.0,5.35,11,27,3,45,0,1,1,0
1543.35,1500.0,1.03,20,19,0,33,0,0,0,0
2036.57,2500.0,0.81,8,8,0,9,0,0,0,0
4216.95,6000.0,0.7,21,17,0,45,0,0,0,0
1652.21,1500.0,1.1,17,13,0,37,0,0,0,0
24710.88,6000.0,4.12,15,10,5,26,1,1,1,0
4391.06,6000.0,0.73,9,13,0,31,0,0,0,0
7440.23,4500.0,1.65,9,23,0,23,0,0,0,0
12226.36,1500.0,8.15,23,19,7,20,1,1,1,1
14111.46,12000.0,1.18,11,27,2,12,0,0,0,0
1313.72,1500.0,0.88,7,23,1,11,0,0,0,0
2052.35,1500.0,1.37,13,19,0,28,0,0,0,0
3103.04,4500.0,0.69,20,5,0,8,0,0,0,0
1677.81,2500.0,0.67,10,13,0,41,0,0,0,0
9632.04,8000.0,1.2,6,27,0,34,0,0,0,0
2801.09,2000.0,1.4,18,28,0,26,0,0,0,0
3869.44,4500.0,0.86,7,13,0,22,0,0,0,0
17616.07,3000.0,5.87,20,21,4,16,0,0,1,0
3317.87,3000.0,1.11,11,3,1,18,0,0,2,0
968.07,1500.0,0.65,13,4,0,23,0,0,0,0
7787.67,2000.0,3.89,9,5,3,31,1,1,1,0
8964.14,8000.0,1.12,13,17,0,7,0,0,1,0
12682.23,3000.0,4.23,16,6,4,47,1,0,1,0
8015.32,6000.0,1.34,21,25,0,46,0,0,0,0
2571.18,3000.0,0.86,8,2,0,43,0,0,0,0
4120.14,4500.0,0.92,17,25,0,37,0,0,1,0
1867.58,2000.0,0.93,13,9,0,48,0,0,1,0
10418.97,8000.0,1.3,14,20,0,21,0,0,0,0
1380.53,1500.0,0.92,8,20,1,8,0,0,0,0
9057.46,8000.0,1.13,12,4,0,37,0,0,0,0
2537.8,2000.0,1.27,19,21,0,9,0,0,0,0
30307.17,8000.0,3.79,12,17,4,26,0,0,1,0
7612.73,6000.0,1.27,19,13,1,32,0,0,0,0
1731.36,2500.0,0.69,12,1,0,19,0,0,0,0
12085.74,6000.0,2.01,10,3,1,5,0,0,0,0
2990.92,1500.0,1.99,17,19,0,47,0,0,0,0
17257.4,12000.0,1.44,20,5,0,28,0,0,0,0
2434.86,2000.0,1.22,18,16,0,33,0,0,0,0
3560.27,3000.0,1.19,14,13,0,8,0,0,0,0
1522.71,1500.0,1.02,7,13,0,21,0,0,0,0
3860.92,2000.0,1.93,14,3,0,13,0,0,0,0
4683.7,6000.0,0.78,10,20,0,18,0,0,0,0
6750.46,6000.0,1.13,12,24,0,8,0,0,0,0
7812.11,12000.0,0.65,20,11,0,48,0,0,0,0
11577.48,12000.0,0.96,21,26,2,16,0,0,0,0
3354.02,6000.0,0.56,19,9,0,20,0,0,0,0
4977.16,6000.0,0.83,15,26,0,29,1,0,0,0
2999.12,2000.0,1.5,19,19,0,37,0,0,0,0
1169.77,1500.0,0.78,10,14,0,25,0,0,0,0
34226.57,6000.0,5.7,15,22,3,21,0,0,2,0
7130.71,4500.0,1.58,15,5,1,18,0,0,0,0
7777.91,4500.0,1.73,8,3,0,19,0,0,0,0
13941.87,2500.0,5.58,22,16,5,34,1,0,0,0
1448.82,1500.0,0.97,11,2,0,50,1,0,0,0
3100.7,2500.0,1.24,10,8,0,21,0,0,0,0
1924.52,2000.0,0.96,7,6,0,43,0,0,0,0
6428.62,8000.0,0.8,9,26,0,21,0,0,0,0
6343.37,12000.0,0.53,13,5,0,22,0,0,0,0
30953.91,1500.0,20.64,9,23,2,44,1,1,1,1
1918.79,1500.0,1.28,14,11,0,49,0,0,1,0
10075.79,12000.0,0.84,13,27,0,29,0,0,0,0
8587.53,8000.0,1.07,11,23,1,6,0,0,0,0
11647.78,1500.0,7.77,23,16,12,20,1,1,2,1
6945.88,4500.0,1.54,17,26,0,19,0,0,0,0
30262.62,6000.0,5.04,10,15,3,13,1,0,1,0
56375.72,12000.0,4.7,15,13,5,15,0,1,1,0
4133.29,4500.0,0.92,9,17,0,11,0,0,0,0
2118.56,6000.0,0.35,14,25,0,45,0,0,1,0
9252.41,4500.0,2.06,17,12,0,22,0,0,0,0
2296.87,3000.0,0.77,8,14,0,38,0,0,0,0
3897.6,2500.0,1.56,15,11,1,22,0,0,0,0
2119.45,2000.0,1.06,19,10,0,35,0,0,0,0
5162.41,3000.0,1.72,15,17,0,34,0,0,0,0
1114.83,1500.0,0.74,11,18,0,12,0,0,1,0
3572.06,3000.0,1.19,14,11,0,18,0,0,0,0
9069.11,2000.0,4.53,12,11,4,37,1,0,1,0
7540.54,8000.0,0.94,11,19,0,40,0,0,0,0
1966.52,2000.0,0.98,8,18,1,7,0,1,0,0
1380.16,1500.0,0.92,12,5,0,40,0,0,0,0
4431.84,3000.0,1.48,5,13,0,45,0,0,1,0
10117.35,12000.0,0.84,10,2,0,13,0,0,0,0
5285.67,4500.0,1.17,18,21,0,40,0,0,0,0
10931.54,12000.0,0.91,9,16,0,11,0,0,0,0
4357.36,6000.0,0.73,10,28,0,15,0,0,0,0
3291.3,3000.0,1.1,7,13,0,44,0,0,0,0
21504.38,12000.0,1.79,18,24,0,5,0,0,0,0
7654.23,12000.0,0.64,9,14,0,21,0,0,0,0
4227.43,2000.0,2.11,13,7,2,35,0,0,0,0
2071.03,3000.0,0.69,15,17,0,19,0,0,0,0
67932.42,3000.0,22.64,22,6,8,14,1,1,2,1
3597.41,6000.0,0.6,12,23,1,37,0,0,0,0
10131.89,2000.0,5.07,17,12,3,36,0,0,1,0
4749.41,4500.0,1.06,16,9,0,22,0,0,0,0
29585.49,1500.0,19.72,3,23,6,8,1,1,2,1
3016.33,4500.0,0.67,19,3,0,45,0,0,0,0
4449.97,4500.0,0.99,17,25,1,41,0,0,0,0
2342.82,2500.0,0.94,11,26,0,45,0,0,0,0
7516.02,6000.0,1.25,8,25,1,31,0,0,1,0
5361.73,3000.0,1.79,11,17,0,42,0,0,0,0
7915.58,8000.0,0.99,11,5,0,7,0,0,0,0
6239.59,8000.0,0.78,19,5,0,29,0,0,0,0
5963.9,8000.0,0.75,0,22,0,18,0,0,1,0
5843.72,8000.0,0.73,16,1,0,5,0,0,0,0
1902.24,2000.0,0.95,19,11,1,7,0,0,0,0
4401.97,6000.0,0.73,17,7,0,44,0,0,0,0
2276.66,1500.0,1.52,20,7,0,47,0,0,1,0
15277.97,12000.0,1.27,18,25,0,14,0,0,0,0
2283.49,2500.0,0.91,17,10,1,31,0,1,0,0
5399.65,6000.0,0.9,23,4,1,36,0,0,0,0
18663.62,12000.0,1.56,11,15,0,29,0,0,0,0
27262.31,6000.0,4.54,10,10,3,7,1,0,1,0
17403.66,12000.0,1.45,22,10,1,19,0,0,0,0
4009.36,4500.0,0.89,19,27,0,8,0,0,0,0
9768.15,12000.0,0.81,9,15,0,43,0,0,0,0
1823.86,3000.0,0.61,15,3,0,14,0,0,1,0
943.52,2000.0,0.47,20,6,0,45,0,0,0,0
14691.04,8000.0,1.84,19,15,1,24,1,0,0,0
8958.71,2000.0,4.48,19,20,3,49,1,0,1,0
5718.46,12000.0,0.48,14,5,0,41,0,0,1,0
6922.84,8000.0,0.87,11,5,0,48,0,0,1,0
7594.25,6000.0,1.27,10,3,1,18,0,0,0,0
2033.3,2000.0,1.02,8,15,0,39,0,0,0,0
35936.16,6000.0,5.99,21,22,5,22,1,1,1,0
3733.05,6000.0,0.62,17,14,0,42,0,0,2,0
4463.57,6000.0,0.74,9,25,0,43,0,0,0,0
5498.75,6000.0,0.92,13,25,0,20,0,0,1,0
20401.54,4500.0,4.53,20,23,5,27,1,0,2,0
1670.91,2000.0,0.84,19,1,1,9,1,0,0,0
5041.46,12000.0,0.42,0,4,1,44,0,0,0,0
7645.68,8000.0,0.96,17,8,0,15,0,0,1,0
2804.45,3000.0,0.93,10,12,0,28,0,1,0,0
3411.92,4500.0,0.76,4,12,0,48,0,0,0,0
4065.84,3000.0,1.36,17,12,0,34,0,0,0,0
10343.23,4000.0,2.59,15,4,5,41,1,0,1,1
6464.38,8000.0,0.81,14,10,0,10,0,0,0,0
16833.22,12000.0,1.4,13,9,0,21,0,0,0,0
7294.3,3000.0,2.43,12,6,1,7,0,0,0,0
9594.16,2500.0,3.84,7,2,5,50,1,0,1,0
1337.76,1500.0,0.89,12,15,0,10,0,0,1,0
14323.59,12000.0,1.19,8,12,1,37,0,0,0,0
1141.46,1500.0,0.76,15,4,1,48,0,0,0,0
15533.8,3000.0,5.18,6,11,3,30,1,0,1,0
3717.43,2500.0,1.49,13,22,0,12,0,0,1,0
2536.83,2000.0,1.27,12,11,0,47,0,0,0,0
5727.96,6000.0,0.95,10,9,0,36,0,0,0,0
1949.19,6000.0,0.32,21,13,0,44,0,0,0,0
8401.64,8000.0,1.05,19,26,1,30,0,0,0,0
1547.81,2000.0,0.77,21,18,0,20,0,0,1,0
2298.45,6000.0,0.38,13,9,0,22,0,0,1,0
2469.92,2500.0,0.99,16,13,0,6,0,0,0,0
3781.16,3000.0,1.26,8,27,0,49,0,0,0,0
8148.39,4500.0,1.81,13,15,0,31,0,0,0,0
8903.89,1500.0,5.94,3,6,3,48,1,1,1,0
25048.83,4500.0,5.57,8,2,5,13,0,0,2,0
6530.38,4500.0,1.45,10,14,0,7,0,0,0,0
1462.58,1500.0,0.98,12,18,1,15,0,0,0,0
5888.63,8000.0,0.74,19,24,0,33,0,0,0,0
2897.08,3000.0,0.97,17,16,0,40,0,0,0,0
2551.32,2000.0,1.28,22,22,0,35,0,0,0,0
1127.68,1500.0,0.75,9,22,0,16,0,0,0,0
3526.58,2500.0,1.41,18,3,1,13,0,0,0,0
24409.36,4500.0,5.42,9,16,3,32,0,0,2,0
1738.9,1500.0,1.16,18,7,0,43,0,0,0,0
11185.45,3000.0,3.73,12,27,3,17,0,1,2,0
1921.27,1500.0,1.28,7,13,0,8,0,0,0,0
1823.08,1500.0,1.22,7,12,0,29,0,0,0,0
18263.35,4000.0,4.57,18,18,4,43,1,1,2,1
3624.37,4500.0,0.81,21,1,0,40,0,0,0,0
3072.12,6000.0,0.51,9,1,0,12,0,0,0,0
2376.18,2000.0,1.19,16,7,0,50,0,0,1,0
3515.0,3000.0,1.17,7,19,0,13,0,0,1,0
3957.99,4500.0,0.88,10,3,0,43,0,0,0,0
2106.33,3000.0,0.7,13,26,1,47,0,0,0,0
1583.77,1500.0,1.06,14,19,0,22,0,0,0,0
3188.18,3000.0,1.06,17,1,0,47,0,0,1,0
47837.09,8000.0,5.98,8,27,4,30,0,1,1,0
16134.59,12000.0,1.34,16,26,0,15,0,0,1,0
1347.29,1500.0,0.9,7,8,0,36,0,0,0,0
2431.87,3000.0,0.81,10,5,0,48,1,0,0,0
6834.15,6000.0,1.14,15,19,0,46,0,0,0,0
2091.96,3000.0,0.7,13,12,2,45,1,0,0,0
4334.72,4500.0,0.96,19,1,1,46,0,0,0,0
3418.69,2500.0,1.37,13,28,0,18,0,0,0,0
2751.65,2000.0,1.38,11,8,0,35,0,0,1,0
5687.08,4500.0,1.26,15,1,0,5,0,0,0,0
17261.46,3000.0,5.75,15,20,4,27,0,1,2,0
